{"type":"FeatureCollection", "features": [
{"type":"Feature","geometry":{"type":"Polygon","coordinates":[[[133.348225,35.433842],[133.348028,35.434031],[133.347886,35.434149],[133.347645,35.434277],[133.347344,35.434419],[133.347081,35.434523],[133.346872,35.434591],[133.346608,35.434677],[133.346416,35.434736],[133.345975,35.434876],[133.345128,35.435176],[133.3449,35.435278],[133.343849,35.434334],[133.343203,35.434374],[133.342966,35.434217],[133.342576,35.433897],[133.342542,35.433852],[133.342529,35.43381],[133.342538,35.433754],[133.342666,35.433285],[133.342436,35.433263],[133.342191,35.43324],[133.342214,35.433113],[133.342246,35.432925],[133.342685,35.432935],[133.342708,35.432699],[133.342716,35.432519],[133.342707,35.432392],[133.342641,35.432237],[133.342619,35.432096],[133.342342,35.432008],[133.342188,35.432002],[133.342281,35.431256],[133.342489,35.431285],[133.34252,35.431201],[133.342569,35.431112],[133.342835,35.430738],[133.342834,35.430697],[133.342596,35.430139],[133.34247,35.42984],[133.342818,35.430044],[133.342949,35.430114],[133.34322,35.430259],[133.343543,35.430415],[133.343784,35.430526],[133.344052,35.430635],[133.344226,35.430696],[133.344355,35.430746],[133.344502,35.430791],[133.344628,35.430834],[133.344835,35.430896],[133.344956,35.430932],[133.345218,35.431004],[133.345615,35.431101],[133.346123,35.431202],[133.346237,35.431225],[133.346496,35.431286],[133.346662,35.431319],[133.347003,35.43136],[133.347364,35.431374],[133.347581,35.431389],[133.347649,35.431477],[133.347669,35.431516],[133.347675,35.431605],[133.347605,35.431845],[133.34754,35.432057],[133.347727,35.432088],[133.347506,35.432727],[133.347521,35.432938],[133.347524,35.432992],[133.347524,35.433169],[133.347522,35.433394],[133.347445,35.433606],[133.348225,35.433842]]]},"properties":{"code":"312020010","name":"勝田町","kihon1":"0010"}},
{"type":"Feature","geometry":{"type":"Polygon","coordinates":[[[133.349116,35.429004],[133.349119,35.429025],[133.34884,35.42907],[133.348907,35.429488],[133.348847,35.429638],[133.348484,35.429545],[133.348457,35.429617],[133.348278,35.429768],[133.348213,35.429919],[133.347746,35.430714],[133.34772,35.431389],[133.347581,35.431389],[133.347364,35.431374],[133.347003,35.43136],[133.346662,35.431319],[133.346496,35.431286],[133.346237,35.431225],[133.346123,35.431202],[133.345615,35.431101],[133.345218,35.431004],[133.344956,35.430932],[133.344835,35.430896],[133.344628,35.430834],[133.344502,35.430791],[133.344355,35.430746],[133.344226,35.430696],[133.344052,35.430635],[133.343784,35.430526],[133.343543,35.430415],[133.34322,35.430259],[133.342949,35.430114],[133.342818,35.430044],[133.34247,35.42984],[133.34239,35.429787],[133.342254,35.429698],[133.342174,35.429645],[133.341946,35.429477],[133.341721,35.42931],[133.341581,35.429201],[133.341402,35.429052],[133.34118,35.42885],[133.341117,35.428789],[133.341027,35.428703],[133.341158,35.428674],[133.341286,35.428654],[133.341452,35.428648],[133.341618,35.428656],[133.341779,35.428662],[133.341874,35.428658],[133.34196,35.428649],[133.342211,35.428606],[133.342364,35.428594],[133.342572,35.428578],[133.342883,35.428557],[133.343316,35.428526],[133.343674,35.428495],[133.343994,35.428474],[133.344191,35.428454],[133.344359,35.428434],[133.344511,35.428398],[133.344759,35.42834],[133.345161,35.428247],[133.345201,35.428354],[133.3452,35.428544],[133.34573,35.428398],[133.345774,35.428501],[133.346404,35.428415],[133.346627,35.428438],[133.3467,35.428447],[133.346798,35.428459],[133.347186,35.428531],[133.347237,35.428539],[133.347269,35.428541],[133.34745,35.428514],[133.347537,35.428514],[133.347896,35.428538],[133.347973,35.428536],[133.34812,35.428498],[133.348199,35.428507],[133.348345,35.42851],[133.348409,35.428521],[133.348486,35.428539],[133.348557,35.42857],[133.348669,35.42864],[133.348731,35.428636],[133.348752,35.42864],[133.348811,35.428671],[133.348915,35.428712],[133.349001,35.428752],[133.349004,35.428784],[133.34894,35.428893],[133.348937,35.428918],[133.348952,35.428967],[133.348994,35.429009],[133.349116,35.429004]]]},"properties":{"code":"312020020","name":"東山町","kihon1":"0020"}},
{"type":"Feature","geometry":{"type":"Polygon","coordinates":[[[133.34064,35.429111],[133.340646,35.429226],[133.340652,35.429419],[133.34064,35.429645],[133.340624,35.429785],[133.340596,35.429946],[133.340543,35.430171],[133.340484,35.430372],[133.340384,35.430614],[133.34032,35.430742],[133.340199,35.430966],[133.340074,35.431159],[133.339928,35.431323],[133.339727,35.431549],[133.339641,35.431644],[133.339415,35.431888],[133.339307,35.432003],[133.338787,35.431847],[133.33872,35.431801],[133.338644,35.431491],[133.338675,35.431193],[133.338271,35.431205],[133.338304,35.430979],[133.337922,35.430667],[133.338089,35.430523],[133.337618,35.430142],[133.338073,35.42976],[133.338627,35.429319],[133.338715,35.429386],[133.339345,35.429281],[133.339494,35.42943],[133.34064,35.429111]]]},"properties":{"code":"31202003001","name":"博労町一丁目","kihon1":"0030"}},
{"type":"Feature","geometry":{"type":"Polygon","coordinates":[[[133.342214,35.433113],[133.342055,35.43309],[133.342071,35.432987],[133.341734,35.432926],[133.341727,35.433038],[133.341652,35.433052],[133.34151,35.433109],[133.341455,35.433122],[133.341223,35.433137],[133.341049,35.433187],[133.340926,35.433186],[133.340824,35.433171],[133.340739,35.433116],[133.340641,35.433082],[133.340513,35.433044],[133.340344,35.432773],[133.34024,35.432652],[133.340127,35.432488],[133.340116,35.432422],[133.34011,35.432371],[133.340106,35.432299],[133.340095,35.432165],[133.340101,35.432067],[133.340014,35.432055],[133.34,35.431777],[133.339641,35.431644],[133.339727,35.431549],[133.339928,35.431323],[133.340074,35.431159],[133.340199,35.430966],[133.34032,35.430742],[133.340384,35.430614],[133.340484,35.430372],[133.340543,35.430171],[133.340596,35.429946],[133.340624,35.429785],[133.34064,35.429645],[133.340652,35.429419],[133.340646,35.429226],[133.34064,35.429111],[133.340636,35.429029],[133.340581,35.42874],[133.341027,35.428703],[133.341117,35.428789],[133.34118,35.42885],[133.341402,35.429052],[133.341581,35.429201],[133.341721,35.42931],[133.341946,35.429477],[133.342174,35.429645],[133.342254,35.429698],[133.34239,35.429787],[133.34247,35.42984],[133.342596,35.430139],[133.342834,35.430697],[133.342835,35.430738],[133.342569,35.431112],[133.34252,35.431201],[133.342489,35.431285],[133.342281,35.431256],[133.342188,35.432002],[133.342342,35.432008],[133.342619,35.432096],[133.342641,35.432237],[133.342707,35.432392],[133.342716,35.432519],[133.342708,35.432699],[133.342685,35.432935],[133.342246,35.432925],[133.342214,35.433113]]]},"properties":{"code":"31202003002","name":"博労町二丁目","kihon1":"0030"}},
{"type":"Feature","geometry":{"type":"Polygon","coordinates":[[[133.339641,35.431644],[133.34,35.431777],[133.340014,35.432055],[133.340101,35.432067],[133.340095,35.432165],[133.340106,35.432299],[133.34011,35.432371],[133.340116,35.432422],[133.340127,35.432488],[133.34024,35.432652],[133.340344,35.432773],[133.340513,35.433044],[133.340641,35.433082],[133.340739,35.433116],[133.340824,35.433171],[133.340401,35.433497],[133.339406,35.434301],[133.339221,35.434457],[133.338866,35.434735],[133.338342,35.435143],[133.337763,35.435609],[133.337284,35.436008],[133.337073,35.435848],[133.336809,35.435647],[133.336584,35.435469],[133.336265,35.435234],[133.336161,35.435162],[133.336698,35.434646],[133.337168,35.434177],[133.337169,35.434176],[133.337383,35.433972],[133.337674,35.433693],[133.338022,35.433353],[133.338073,35.433303],[133.338607,35.432787],[133.33906,35.43234],[133.339379,35.432024],[133.339307,35.432003],[133.339415,35.431888],[133.339641,35.431644]]]},"properties":{"code":"31202003003","name":"博労町三丁目","kihon1":"0030"}},
{"type":"Feature","geometry":{"type":"Polygon","coordinates":[[[133.3449,35.435278],[133.34438,35.435545],[133.343945,35.43577],[133.343697,35.435905],[133.343425,35.436047],[133.342919,35.436319],[133.342466,35.436563],[133.341586,35.437036],[133.340599,35.437566],[133.340537,35.437434],[133.340505,35.437363],[133.340476,35.437288],[133.340448,35.437207],[133.340419,35.43708],[133.34039,35.436968],[133.340355,35.436833],[133.3402,35.436574],[133.340055,35.436623],[133.339877,35.436472],[133.339741,35.436534],[133.339672,35.436554],[133.339646,35.436624],[133.339355,35.436579],[133.339236,35.436559],[133.339119,35.436653],[133.339087,35.436807],[133.338904,35.436771],[133.338887,35.436777],[133.338777,35.436887],[133.338725,35.436914],[133.33867,35.436928],[133.338631,35.436929],[133.338586,35.436925],[133.338508,35.436914],[133.337949,35.436486],[133.337284,35.436008],[133.337763,35.435609],[133.338342,35.435143],[133.338866,35.434735],[133.339221,35.434457],[133.339406,35.434301],[133.340401,35.433497],[133.340824,35.433171],[133.340926,35.433186],[133.341049,35.433187],[133.341223,35.433137],[133.341455,35.433122],[133.34151,35.433109],[133.341652,35.433052],[133.341727,35.433038],[133.341734,35.432926],[133.342071,35.432987],[133.342055,35.43309],[133.342214,35.433113],[133.342191,35.43324],[133.342436,35.433263],[133.342666,35.433285],[133.342538,35.433754],[133.342529,35.43381],[133.342542,35.433852],[133.342576,35.433897],[133.342966,35.434217],[133.343203,35.434374],[133.343849,35.434334],[133.3449,35.435278]]]},"properties":{"code":"31202003004","name":"博労町四丁目","kihon1":"0030"}},
{"type":"Feature","geometry":{"type":"Polygon","coordinates":[[[133.340581,35.42874],[133.339979,35.428772],[133.339809,35.428779],[133.339602,35.428791],[133.339499,35.428799],[133.339286,35.42878],[133.339205,35.428772],[133.339151,35.428767],[133.339102,35.428765],[133.339024,35.428781],[133.338887,35.428813],[133.338756,35.428843],[133.338593,35.428867],[133.338415,35.42888],[133.33828,35.428889],[133.338084,35.428915],[133.337962,35.428934],[133.337826,35.428952],[133.337741,35.428945],[133.337651,35.428919],[133.337573,35.428896],[133.337479,35.428865],[133.337415,35.428866],[133.337343,35.428883],[133.337237,35.428918],[133.337144,35.428965],[133.337073,35.428989],[133.337014,35.429007],[133.336926,35.429032],[133.336813,35.429065],[133.336627,35.42912],[133.336529,35.429116],[133.336365,35.429107],[133.336101,35.429105],[133.335901,35.429107],[133.335752,35.429109],[133.335579,35.429105],[133.33546,35.428458],[133.335423,35.428461],[133.335394,35.428371],[133.335329,35.428257],[133.335249,35.428177],[133.335321,35.428124],[133.335398,35.428137],[133.33549,35.428067],[133.335828,35.427801],[133.335936,35.427719],[133.336083,35.427619],[133.336161,35.427563],[133.336429,35.427442],[133.336561,35.427436],[133.336726,35.427416],[133.336906,35.427397],[133.336943,35.427388],[133.336971,35.427372],[133.337017,35.427311],[133.337043,35.427295],[133.337097,35.427274],[133.337118,35.427309],[133.337146,35.427356],[133.337156,35.427392],[133.337693,35.427256],[133.337969,35.427184],[133.338244,35.427118],[133.338479,35.42706],[133.338837,35.426961],[133.339193,35.426859],[133.339375,35.426817],[133.339571,35.427096],[133.339749,35.427347],[133.339944,35.42759],[133.340139,35.427854],[133.34019,35.427854],[133.340267,35.427886],[133.340352,35.427967],[133.340456,35.428078],[133.340752,35.42842],[133.341027,35.428703],[133.340581,35.42874]]]},"properties":{"code":"31202004001","name":"糀町一丁目","kihon1":"0040"}},
{"type":"Feature","geometry":{"type":"Polygon","coordinates":[[[133.34064,35.429111],[133.339494,35.42943],[133.339345,35.429281],[133.338715,35.429386],[133.338627,35.429319],[133.338073,35.42976],[133.337618,35.430142],[133.337074,35.430604],[133.336637,35.430266],[133.33647,35.430131],[133.336175,35.429894],[133.335307,35.429182],[133.335401,35.429112],[133.335579,35.429105],[133.335752,35.429109],[133.335901,35.429107],[133.336101,35.429105],[133.336365,35.429107],[133.336529,35.429116],[133.336627,35.42912],[133.336813,35.429065],[133.336926,35.429032],[133.337014,35.429007],[133.337073,35.428989],[133.337144,35.428965],[133.337237,35.428918],[133.337343,35.428883],[133.337415,35.428866],[133.337479,35.428865],[133.337573,35.428896],[133.337651,35.428919],[133.337741,35.428945],[133.337826,35.428952],[133.337962,35.428934],[133.338084,35.428915],[133.33828,35.428889],[133.338415,35.42888],[133.338593,35.428867],[133.338756,35.428843],[133.338887,35.428813],[133.339024,35.428781],[133.339102,35.428765],[133.339151,35.428767],[133.339205,35.428772],[133.339286,35.42878],[133.339499,35.428799],[133.339602,35.428791],[133.339809,35.428779],[133.339979,35.428772],[133.340581,35.42874],[133.340636,35.429029],[133.34064,35.429111]]]},"properties":{"code":"31202004002","name":"糀町二丁目","kihon1":"0040"}},
{"type":"Feature","geometry":{"type":"Polygon","coordinates":[[[133.336837,35.432133],[133.337349,35.431732],[133.338217,35.432453],[133.338607,35.432787],[133.338073,35.433303],[133.338022,35.433353],[133.337674,35.433693],[133.337383,35.433972],[133.337169,35.434176],[133.337168,35.434177],[133.336698,35.434646],[133.336161,35.435162],[133.335461,35.434629],[133.334656,35.433903],[133.33575,35.432998],[133.336295,35.432568],[133.336837,35.432133]]]},"properties":{"code":"31202005000","name":"冨士見町","kihon1":"0050"}},
{"type":"Feature","geometry":{"type":"Polygon","coordinates":[[[133.337618,35.430142],[133.338089,35.430523],[133.337922,35.430667],[133.338304,35.430979],[133.338271,35.431205],[133.338675,35.431193],[133.338644,35.431491],[133.33872,35.431801],[133.338787,35.431847],[133.339307,35.432003],[133.339379,35.432024],[133.33906,35.43234],[133.338607,35.432787],[133.338217,35.432453],[133.337349,35.431732],[133.336837,35.432133],[133.336449,35.431813],[133.33604,35.431473],[133.336637,35.43099],[133.337103,35.430628],[133.337074,35.430604],[133.337618,35.430142]]]},"properties":{"code":"31202005001","name":"冨士見町一丁目","kihon1":"0050"}},
{"type":"Feature","geometry":{"type":"Polygon","coordinates":[[[133.33604,35.431473],[133.336449,35.431813],[133.336837,35.432133],[133.336295,35.432568],[133.33575,35.432998],[133.334656,35.433903],[133.334297,35.433551],[133.333953,35.433231],[133.333903,35.433184],[133.33378,35.433074],[133.333676,35.432983],[133.333455,35.432803],[133.334512,35.431941],[133.335606,35.431093],[133.33604,35.431473]]]},"properties":{"code":"31202005002","name":"冨士見町二丁目","kihon1":"0050"}},
{"type":"Feature","geometry":{"type":"Polygon","coordinates":[[[133.336161,35.435162],[133.336265,35.435234],[133.336584,35.435469],[133.336809,35.435647],[133.337073,35.435848],[133.337284,35.436008],[133.337949,35.436486],[133.338508,35.436914],[133.339223,35.437452],[133.339892,35.437946],[133.339928,35.437972],[133.338962,35.438523],[133.338569,35.438739],[133.33788,35.439118],[133.337302,35.43942],[133.336581,35.439808],[133.336464,35.439874],[133.336089,35.440073],[133.336035,35.439881],[133.335845,35.439245],[133.335638,35.438565],[133.33579,35.438417],[133.336449,35.437752],[133.336434,35.43772],[133.336433,35.437688],[133.336978,35.43722],[133.336963,35.437161],[133.336925,35.437098],[133.336857,35.437034],[133.33679,35.436994],[133.336693,35.436943],[133.336422,35.436807],[133.336368,35.43675],[133.335933,35.436336],[133.335713,35.436143],[133.335407,35.435884],[133.335422,35.435869],[133.336161,35.435162]]]},"properties":{"code":"31202006001","name":"日ノ出町一丁目","kihon1":"0060"}},
{"type":"Feature","geometry":{"type":"Polygon","coordinates":[[[133.335638,35.438565],[133.334971,35.439229],[133.334285,35.439342],[133.333277,35.439512],[133.332648,35.439625],[133.332477,35.439665],[133.332243,35.439734],[133.33202,35.439827],[133.33192,35.439871],[133.331818,35.43992],[133.331611,35.440043],[133.332188,35.439251],[133.332317,35.439077],[133.332774,35.438588],[133.332907,35.438442],[133.333085,35.438257],[133.333267,35.438062],[133.33336,35.437962],[133.333462,35.437845],[133.333535,35.437767],[133.333841,35.43746],[133.334226,35.437068],[133.334472,35.436817],[133.334713,35.436575],[133.334905,35.436386],[133.335192,35.436093],[133.335407,35.435884],[133.335713,35.436143],[133.335933,35.436336],[133.336368,35.43675],[133.336422,35.436807],[133.336693,35.436943],[133.33679,35.436994],[133.336857,35.437034],[133.336925,35.437098],[133.336963,35.437161],[133.336978,35.43722],[133.336433,35.437688],[133.336434,35.43772],[133.336449,35.437752],[133.33579,35.438417],[133.335638,35.438565]]]},"properties":{"code":"31202006002","name":"日ノ出町二丁目","kihon1":"0060"}},
{"type":"Feature","geometry":{"type":"Polygon","coordinates":[[[133.33604,35.431473],[133.335606,35.431093],[133.334512,35.431941],[133.333455,35.432803],[133.333379,35.432733],[133.333202,35.432584],[133.332996,35.432401],[133.332224,35.431591],[133.332526,35.431335],[133.333205,35.430797],[133.333375,35.43066],[133.333723,35.430377],[133.334019,35.430152],[133.33428,35.429951],[133.334474,35.429798],[133.334632,35.42967],[133.334782,35.42957],[133.334799,35.429559],[133.334869,35.4295],[133.334965,35.42942],[133.335074,35.429343],[133.335195,35.429259],[133.335307,35.429182],[133.336175,35.429894],[133.33647,35.430131],[133.336637,35.430266],[133.337074,35.430604],[133.337103,35.430628],[133.336637,35.43099],[133.33604,35.431473]]]},"properties":{"code":"31202007001","name":"角盤町一丁目","kihon1":"0070"}},
{"type":"Feature","geometry":{"type":"Polygon","coordinates":[[[133.333903,35.433184],[133.333609,35.433419],[133.333326,35.433663],[133.333078,35.433864],[133.332586,35.434266],[133.332187,35.434587],[133.331768,35.434923],[133.331419,35.434657],[133.330761,35.434185],[133.330704,35.434125],[133.330619,35.434013],[133.330663,35.433987],[133.330674,35.433825],[133.330754,35.433832],[133.33081,35.433838],[133.330874,35.433841],[133.330914,35.433809],[133.330922,35.433673],[133.331016,35.433565],[133.331021,35.433462],[133.331124,35.433406],[133.331186,35.433377],[133.331251,35.433336],[133.331302,35.433274],[133.331322,35.433186],[133.331307,35.433063],[133.331801,35.433004],[133.33178,35.432855],[133.331757,35.432799],[133.331725,35.432775],[133.331716,35.432678],[133.331738,35.432677],[133.331725,35.432531],[133.331765,35.43253],[133.331754,35.432404],[133.331777,35.432402],[133.331774,35.432343],[133.331748,35.432341],[133.331708,35.432221],[133.331664,35.432067],[133.331798,35.431956],[133.332139,35.431671],[133.332224,35.431591],[133.332996,35.432401],[133.333202,35.432584],[133.333379,35.432733],[133.333455,35.432803],[133.333676,35.432983],[133.33378,35.433074],[133.333903,35.433184]]]},"properties":{"code":"31202007002","name":"角盤町二丁目","kihon1":"0070"}},
{"type":"Feature","geometry":{"type":"Polygon","coordinates":[[[133.331768,35.434923],[133.331259,35.43533],[133.330878,35.435646],[133.330488,35.43595],[133.330479,35.435958],[133.329627,35.436646],[133.329324,35.436888],[133.329177,35.437011],[133.328227,35.436215],[133.327084,35.435282],[133.327241,35.435156],[133.327347,35.435104],[133.327394,35.43516],[133.327563,35.435038],[133.327802,35.435013],[133.327957,35.434936],[133.328204,35.43492],[133.328286,35.434942],[133.328316,35.435075],[133.329702,35.435049],[133.329887,35.434899],[133.329637,35.434128],[133.329968,35.433965],[133.330002,35.433941],[133.330181,35.43385],[133.330229,35.433916],[133.33045,35.4338],[133.330619,35.434013],[133.330704,35.434125],[133.330761,35.434185],[133.331419,35.434657],[133.331768,35.434923]]]},"properties":{"code":"31202007003","name":"角盤町三丁目","kihon1":"0070"}},
{"type":"Feature","geometry":{"type":"Polygon","coordinates":[[[133.327084,35.435282],[133.328227,35.436215],[133.329177,35.437011],[133.328787,35.437321],[133.327909,35.438011],[133.32786,35.438049],[133.326978,35.438753],[133.326806,35.438893],[133.326496,35.439146],[133.326105,35.439463],[133.325381,35.438911],[133.325867,35.438534],[133.325662,35.438374],[133.325647,35.438366],[133.32569,35.438304],[133.32568,35.438237],[133.32565,35.438057],[133.325601,35.437826],[133.325663,35.437672],[133.325866,35.437517],[133.326138,35.437303],[133.325893,35.437091],[133.325909,35.437064],[133.326001,35.43699],[133.326041,35.436945],[133.326009,35.43677],[133.326019,35.436703],[133.326046,35.436672],[133.326021,35.436495],[133.326193,35.436398],[133.326399,35.436259],[133.326908,35.435852],[133.326747,35.435732],[133.326796,35.435612],[133.326789,35.435532],[133.327084,35.435282]]]},"properties":{"code":"31202007004","name":"角盤町四丁目","kihon1":"0070"}},
{"type":"Feature","geometry":{"type":"Polygon","coordinates":[[[133.333903,35.433184],[133.333953,35.433231],[133.334297,35.433551],[133.334656,35.433903],[133.335461,35.434629],[133.336161,35.435162],[133.335422,35.435869],[133.335407,35.435884],[133.335192,35.436093],[133.334905,35.436386],[133.334713,35.436575],[133.334472,35.436817],[133.334226,35.437068],[133.333369,35.436312],[133.332539,35.435595],[133.331768,35.434923],[133.332187,35.434587],[133.332586,35.434266],[133.333078,35.433864],[133.333326,35.433663],[133.333609,35.433419],[133.333903,35.433184]]]},"properties":{"code":"31202008001","name":"錦町一丁目","kihon1":"0080"}},
{"type":"Feature","geometry":{"type":"Polygon","coordinates":[[[133.334226,35.437068],[133.333841,35.43746],[133.333535,35.437767],[133.333462,35.437845],[133.33336,35.437962],[133.333267,35.438062],[133.333085,35.438257],[133.332907,35.438442],[133.332774,35.438588],[133.332317,35.439077],[133.332188,35.439251],[133.331587,35.43885],[133.331228,35.438599],[133.33115,35.438658],[133.33081,35.438385],[133.330061,35.43775],[133.330106,35.437716],[133.330009,35.437633],[133.329964,35.437668],[133.329523,35.437322],[133.329507,35.437266],[133.329452,35.437221],[133.329587,35.437105],[133.329324,35.436888],[133.329627,35.436646],[133.330479,35.435958],[133.330488,35.43595],[133.330878,35.435646],[133.331259,35.43533],[133.331768,35.434923],[133.332539,35.435595],[133.333369,35.436312],[133.334226,35.437068]]]},"properties":{"code":"31202008002","name":"錦町二丁目","kihon1":"0080"}},
{"type":"Feature","geometry":{"type":"Polygon","coordinates":[[[133.331587,35.43885],[133.331505,35.438917],[133.331423,35.438849],[133.331087,35.439136],[133.330743,35.438863],[133.330485,35.439086],[133.330222,35.438855],[133.329963,35.439061],[133.329722,35.438862],[133.329607,35.438958],[133.329497,35.438869],[133.329272,35.439056],[133.329214,35.439101],[133.328751,35.439466],[133.328841,35.43954],[133.328642,35.439704],[133.328883,35.4399],[133.328842,35.43993],[133.328685,35.440053],[133.328469,35.440207],[133.328081,35.440518],[133.327708,35.440803],[133.327914,35.440934],[133.326858,35.441216],[133.326311,35.439936],[133.326105,35.439463],[133.326496,35.439146],[133.326806,35.438893],[133.326978,35.438753],[133.32786,35.438049],[133.327909,35.438011],[133.328787,35.437321],[133.329177,35.437011],[133.329324,35.436888],[133.329587,35.437105],[133.329452,35.437221],[133.329507,35.437266],[133.329523,35.437322],[133.329964,35.437668],[133.330009,35.437633],[133.330106,35.437716],[133.330061,35.43775],[133.33081,35.438385],[133.33115,35.438658],[133.331228,35.438599],[133.331587,35.43885]]]},"properties":{"code":"31202008003","name":"錦町三丁目","kihon1":"0080"}},
{"type":"Feature","geometry":{"type":"Polygon","coordinates":[[[133.332139,35.431671],[133.331798,35.431956],[133.331664,35.432067],[133.331708,35.432221],[133.331748,35.432341],[133.331774,35.432343],[133.331777,35.432402],[133.331754,35.432404],[133.331765,35.43253],[133.331725,35.432531],[133.331738,35.432677],[133.331716,35.432678],[133.331725,35.432775],[133.331757,35.432799],[133.33178,35.432855],[133.331801,35.433004],[133.331307,35.433063],[133.331322,35.433186],[133.331302,35.433274],[133.331251,35.433336],[133.331186,35.433377],[133.331124,35.433406],[133.331021,35.433462],[133.331016,35.433565],[133.330922,35.433673],[133.330914,35.433809],[133.330874,35.433841],[133.33081,35.433838],[133.330754,35.433832],[133.330674,35.433825],[133.330514,35.433803],[133.330559,35.4336],[133.330409,35.43347],[133.330389,35.433165],[133.330348,35.432952],[133.33032,35.432768],[133.330238,35.432449],[133.330151,35.432463],[133.330115,35.432285],[133.330082,35.432109],[133.330049,35.431902],[133.330037,35.431815],[133.330069,35.43185],[133.330319,35.43181],[133.330484,35.431768],[133.330676,35.431712],[133.330741,35.431691],[133.3308,35.431578],[133.330883,35.431576],[133.330954,35.431546],[133.331136,35.431387],[133.331312,35.431364],[133.331561,35.431342],[133.331745,35.431326],[133.331924,35.431482],[133.332139,35.431671]]]},"properties":{"code":"312020090","name":"朝日町","kihon1":"0090"}},
{"type":"Feature","geometry":{"type":"Polygon","coordinates":[[[133.335608,35.425996],[133.335665,35.426227],[133.335789,35.426729],[133.335817,35.426823],[133.335824,35.426879],[133.335845,35.426947],[133.335876,35.426995],[133.335912,35.427053],[133.335943,35.427103],[133.335977,35.427204],[133.336004,35.427339],[133.336079,35.427453],[133.336161,35.427563],[133.336083,35.427619],[133.335936,35.427719],[133.335828,35.427801],[133.33549,35.428067],[133.335112,35.427733],[133.335174,35.427692],[133.335089,35.427612],[133.33524,35.427483],[133.335344,35.427385],[133.335098,35.427167],[133.334804,35.426914],[133.334611,35.427066],[133.334574,35.427033],[133.334452,35.427123],[133.334418,35.427094],[133.334391,35.427107],[133.334248,35.426997],[133.333838,35.42665],[133.334203,35.426396],[133.334181,35.426376],[133.334451,35.426151],[133.334751,35.426109],[133.334763,35.426188],[133.335017,35.426163],[133.334996,35.426059],[133.335263,35.426032],[133.335608,35.425996]]]},"properties":{"code":"31202010001","name":"道笑町一丁目","kihon1":"0100"}},
{"type":"Feature","geometry":{"type":"Polygon","coordinates":[[[133.339375,35.426817],[133.339193,35.426859],[133.338837,35.426961],[133.338479,35.42706],[133.338244,35.427118],[133.337969,35.427184],[133.337693,35.427256],[133.337156,35.427392],[133.337146,35.427356],[133.337118,35.427309],[133.337097,35.427274],[133.337043,35.427295],[133.337017,35.427311],[133.336971,35.427372],[133.336943,35.427388],[133.336906,35.427397],[133.336726,35.427416],[133.336561,35.427436],[133.336429,35.427442],[133.336161,35.427563],[133.336079,35.427453],[133.336004,35.427339],[133.335977,35.427204],[133.335943,35.427103],[133.335912,35.427053],[133.335876,35.426995],[133.335845,35.426947],[133.335824,35.426879],[133.335817,35.426823],[133.335789,35.426729],[133.335665,35.426227],[133.335608,35.425996],[133.335936,35.425968],[133.336357,35.425919],[133.336332,35.425659],[133.336335,35.425633],[133.336354,35.425606],[133.336389,35.425582],[133.336248,35.425367],[133.336131,35.425174],[133.336515,35.424977],[133.336693,35.424886],[133.336912,35.425158],[133.337235,35.424995],[133.33774,35.42533],[133.338483,35.425824],[133.339018,35.426382],[133.339103,35.426477],[133.339288,35.426704],[133.339375,35.426817]]]},"properties":{"code":"31202010002","name":"道笑町二丁目","kihon1":"0100"}},
{"type":"Feature","geometry":{"type":"Polygon","coordinates":[[[133.343741,35.423652],[133.343794,35.423892],[133.343799,35.424183],[133.343812,35.424481],[133.343859,35.424745],[133.343924,35.424989],[133.343607,35.425083],[133.343381,35.425149],[133.343071,35.425236],[133.342668,35.425349],[133.341702,35.425639],[133.341788,35.425886],[133.341609,35.42593],[133.341705,35.42615],[133.340842,35.426339],[133.339288,35.426704],[133.339103,35.426477],[133.339018,35.426382],[133.339015,35.42605],[133.338999,35.425906],[133.338972,35.425774],[133.338879,35.425492],[133.338893,35.425447],[133.339075,35.42536],[133.338542,35.424669],[133.338517,35.424633],[133.338398,35.42408],[133.339253,35.424042],[133.339576,35.423955],[133.339662,35.423942],[133.339759,35.42394],[133.340414,35.423906],[133.34058,35.424309],[133.341077,35.424169],[133.341165,35.424174],[133.342064,35.423924],[133.342578,35.423767],[133.342695,35.423751],[133.342827,35.423733],[133.343214,35.423689],[133.343566,35.423652],[133.343741,35.423652]]]},"properties":{"code":"31202010003","name":"道笑町三丁目","kihon1":"0100"}},
{"type":"Feature","geometry":{"type":"Polygon","coordinates":[[[133.348628,35.425076],[133.348608,35.425166],[133.348549,35.425286],[133.348465,35.425354],[133.348452,35.425352],[133.347823,35.425287],[133.347424,35.425246],[133.34689,35.425285],[133.34632,35.425326],[133.345898,35.425433],[133.345724,35.425512],[133.345632,35.425549],[133.345516,35.425585],[133.345248,35.425676],[133.345123,35.425718],[133.344985,35.425764],[133.344676,35.425858],[133.344216,35.425997],[133.34401,35.425514],[133.343977,35.425198],[133.343924,35.424989],[133.343859,35.424745],[133.343812,35.424481],[133.343799,35.424183],[133.343794,35.423892],[133.343741,35.423652],[133.343746,35.423479],[133.343725,35.423305],[133.343606,35.422864],[133.343586,35.422785],[133.343755,35.422763],[133.343869,35.422761],[133.344001,35.422769],[133.344276,35.42278],[133.344437,35.42284],[133.344743,35.423014],[133.344829,35.423114],[133.344863,35.42324],[133.344905,35.423402],[133.344937,35.423447],[133.345047,35.42344],[133.345225,35.423298],[133.345422,35.423144],[133.345479,35.42311],[133.345563,35.423114],[133.345876,35.423241],[133.345952,35.423268],[133.346041,35.423242],[133.346075,35.423189],[133.346165,35.423001],[133.34621,35.422966],[133.346397,35.422959],[133.34662,35.422936],[133.346696,35.422906],[133.346731,35.422862],[133.34672,35.422694],[133.346695,35.42252],[133.347423,35.422405],[133.347447,35.422305],[133.347597,35.422161],[133.347985,35.421803],[133.348212,35.421628],[133.348334,35.421563],[133.348444,35.421745],[133.348508,35.421804],[133.348506,35.421966],[133.348501,35.422199],[133.348485,35.422255],[133.348324,35.422347],[133.348316,35.422415],[133.348428,35.423084],[133.348464,35.423511],[133.34855,35.424254],[133.348628,35.425076]]]},"properties":{"code":"31202010004","name":"道笑町四丁目","kihon1":"0100"}},
{"type":"Feature","geometry":{"type":"Polygon","coordinates":[[[133.353491,35.426177],[133.353489,35.426184],[133.353368,35.426341],[133.352875,35.426901],[133.352754,35.42702],[133.352697,35.427057],[133.35255,35.427189],[133.352503,35.427222],[133.352402,35.427312],[133.35236,35.427397],[133.352337,35.427435],[133.352295,35.427544],[133.352253,35.42764],[133.352192,35.427801],[133.352115,35.427953],[133.352058,35.428048],[133.35188,35.428167],[133.351504,35.428152],[133.35144,35.427841],[133.351344,35.427436],[133.351275,35.427149],[133.351092,35.427188],[133.350917,35.427202],[133.350049,35.427012],[133.350104,35.426664],[133.349979,35.426352],[133.349916,35.426031],[133.349764,35.425082],[133.349454,35.425101],[133.348628,35.425076],[133.34855,35.424254],[133.348464,35.423511],[133.348428,35.423084],[133.348316,35.422415],[133.348324,35.422347],[133.348485,35.422255],[133.348501,35.422199],[133.348506,35.421966],[133.348508,35.421804],[133.348444,35.421745],[133.348334,35.421563],[133.348212,35.421628],[133.347985,35.421803],[133.347597,35.422161],[133.347447,35.422305],[133.347423,35.422405],[133.346695,35.42252],[133.346572,35.422541],[133.346545,35.422513],[133.346532,35.422342],[133.346546,35.422127],[133.346557,35.421857],[133.346586,35.421534],[133.346593,35.421282],[133.346582,35.421238],[133.346541,35.421145],[133.34649,35.421013],[133.346445,35.420933],[133.346417,35.420861],[133.34641,35.420787],[133.346446,35.420665],[133.346558,35.420539],[133.346773,35.420357],[133.346996,35.420169],[133.347133,35.419996],[133.347256,35.419745],[133.347336,35.419494],[133.347388,35.419187],[133.347402,35.418908],[133.347415,35.418697],[133.347411,35.41847],[133.347404,35.41828],[133.347338,35.418054],[133.347191,35.417695],[133.347186,35.417465],[133.347203,35.417356],[133.347287,35.41722],[133.347383,35.417126],[133.347426,35.416973],[133.347613,35.416631],[133.347722,35.416327],[133.347811,35.416032],[133.347879,35.415781],[133.348016,35.415766],[133.34817,35.415761],[133.348388,35.415766],[133.348576,35.41579],[133.348701,35.41583],[133.348888,35.415899],[133.349035,35.415939],[133.349161,35.415951],[133.349263,35.415955],[133.34935,35.415939],[133.34946,35.415925],[133.349606,35.415927],[133.349756,35.415967],[133.349875,35.416027],[133.350095,35.416182],[133.350311,35.416354],[133.350538,35.416515],[133.350592,35.416571],[133.350791,35.416715],[133.350956,35.416789],[133.35116,35.416858],[133.351432,35.416941],[133.351953,35.417048],[133.352205,35.417098],[133.352355,35.417127],[133.352471,35.417153],[133.352022,35.417976],[133.352378,35.418076],[133.352732,35.418062],[133.353034,35.418017],[133.353268,35.417973],[133.353589,35.417922],[133.353598,35.417884],[133.353583,35.417772],[133.35359,35.417576],[133.353553,35.417407],[133.353565,35.417276],[133.353562,35.417233],[133.353527,35.417149],[133.353543,35.416997],[133.353605,35.416931],[133.354307,35.416641],[133.35459,35.416451],[133.354769,35.416154],[133.354885,35.415933],[133.355094,35.415572],[133.355238,35.415353],[133.355332,35.415253],[133.35547,35.415126],[133.355645,35.41504],[133.355803,35.41498],[133.356073,35.41495],[133.356201,35.414919],[133.356322,35.414858],[133.356503,35.414697],[133.356729,35.414482],[133.356867,35.414347],[133.356925,35.414319],[133.357061,35.414343],[133.357139,35.41438],[133.357411,35.414544],[133.357556,35.414668],[133.357713,35.41482],[133.357827,35.414969],[133.357918,35.415025],[133.358055,35.415004],[133.358237,35.41495],[133.358483,35.414901],[133.358686,35.414948],[133.359194,35.415276],[133.35933,35.415307],[133.359658,35.415263],[133.359846,35.415267],[133.360242,35.415363],[133.360558,35.415465],[133.360709,35.41557],[133.360741,35.415626],[133.360755,35.415672],[133.360763,35.415788],[133.360725,35.416086],[133.360729,35.416195],[133.360686,35.416363],[133.360705,35.416508],[133.360738,35.41657],[133.360792,35.41664],[133.360849,35.416679],[133.360954,35.416744],[133.361034,35.416806],[133.361089,35.416885],[133.361098,35.416977],[133.361067,35.417061],[133.360976,35.417174],[133.360828,35.417321],[133.36059,35.417529],[133.360459,35.417656],[133.360451,35.417768],[133.360512,35.417899],[133.360592,35.418056],[133.360626,35.418124],[133.36056,35.418132],[133.360423,35.41813],[133.360257,35.418109],[133.360027,35.418073],[133.35976,35.418013],[133.359437,35.417947],[133.35921,35.417901],[133.358949,35.417867],[133.358748,35.417846],[133.358267,35.417806],[133.358052,35.417857],[133.357912,35.417948],[133.357828,35.418034],[133.357734,35.418178],[133.357683,35.418382],[133.357586,35.418729],[133.357502,35.418886],[133.357368,35.419088],[133.357266,35.419194],[133.356946,35.419406],[133.356843,35.419467],[133.356701,35.419633],[133.356581,35.41981],[133.356434,35.42007],[133.356348,35.420439],[133.356314,35.420688],[133.356298,35.420805],[133.356246,35.42095],[133.356171,35.421059],[133.355921,35.421263],[133.355845,35.421344],[133.355801,35.421417],[133.355779,35.421481],[133.355774,35.421552],[133.355871,35.422051],[133.355869,35.422178],[133.355829,35.422371],[133.355764,35.422432],[133.355637,35.422496],[133.355481,35.422573],[133.355126,35.422701],[133.355014,35.422835],[133.355002,35.423044],[133.355064,35.423174],[133.355034,35.423259],[133.355008,35.423334],[133.354935,35.423426],[133.354904,35.423485],[133.354878,35.423552],[133.354862,35.423594],[133.354777,35.42364],[133.354676,35.423664],[133.354579,35.42369],[133.354509,35.423728],[133.354471,35.423768],[133.354427,35.423858],[133.354362,35.424007],[133.354292,35.424153],[133.354143,35.424394],[133.354024,35.424512],[133.353721,35.424645],[133.353392,35.424856],[133.353375,35.42491],[133.353415,35.425063],[133.353481,35.425316],[133.353524,35.425492],[133.353537,35.42563],[133.353561,35.42595],[133.353491,35.426177]]]},"properties":{"code":"312020110","name":"長砂町","kihon1":"0110"}},
{"type":"Feature","geometry":{"type":"Polygon","coordinates":[[[133.345161,35.428247],[133.344759,35.42834],[133.344511,35.428398],[133.344359,35.428434],[133.344191,35.428454],[133.343994,35.428474],[133.343674,35.428495],[133.343316,35.428526],[133.342883,35.428557],[133.342572,35.428578],[133.342364,35.428594],[133.342211,35.428606],[133.34196,35.428649],[133.341874,35.428658],[133.341779,35.428662],[133.341618,35.428656],[133.341452,35.428648],[133.341286,35.428654],[133.341158,35.428674],[133.341027,35.428703],[133.340752,35.42842],[133.340456,35.428078],[133.340352,35.427967],[133.340267,35.427886],[133.34019,35.427854],[133.340139,35.427854],[133.339944,35.42759],[133.339749,35.427347],[133.339571,35.427096],[133.339375,35.426817],[133.339288,35.426704],[133.340842,35.426339],[133.341705,35.42615],[133.341609,35.42593],[133.341788,35.425886],[133.341702,35.425639],[133.342668,35.425349],[133.343071,35.425236],[133.343381,35.425149],[133.343607,35.425083],[133.343924,35.424989],[133.343977,35.425198],[133.34401,35.425514],[133.344216,35.425997],[133.344336,35.426272],[133.344588,35.426889],[133.34481,35.427404],[133.345012,35.427892],[133.345017,35.427903],[133.345161,35.428247]]]},"properties":{"code":"312020120","name":"昭和町","kihon1":"0120"}},
{"type":"Feature","geometry":{"type":"Polygon","coordinates":[[[133.336693,35.424886],[133.336515,35.424977],[133.336131,35.425174],[133.336248,35.425367],[133.336389,35.425582],[133.336354,35.425606],[133.336335,35.425633],[133.336332,35.425659],[133.336357,35.425919],[133.335936,35.425968],[133.335608,35.425996],[133.335263,35.426032],[133.334996,35.426059],[133.335017,35.426163],[133.334763,35.426188],[133.334751,35.426109],[133.334704,35.425813],[133.334679,35.425702],[133.334877,35.425608],[133.334595,35.425255],[133.334463,35.425329],[133.334149,35.425493],[133.333924,35.425607],[133.333558,35.4253],[133.334051,35.425054],[133.334673,35.424735],[133.335063,35.424535],[133.335321,35.424868],[133.335837,35.424604],[133.33609,35.424471],[133.336226,35.424401],[133.336291,35.424367],[133.336693,35.424886]]]},"properties":{"code":"312020130","name":"万能町","kihon1":"0130"}},
{"type":"Feature","geometry":{"type":"Polygon","coordinates":[[[133.333558,35.4253],[133.333924,35.425607],[133.334149,35.425493],[133.334463,35.425329],[133.334595,35.425255],[133.334877,35.425608],[133.334679,35.425702],[133.334704,35.425813],[133.334751,35.426109],[133.334451,35.426151],[133.334181,35.426376],[133.334203,35.426396],[133.333838,35.42665],[133.333676,35.426523],[133.333398,35.426302],[133.333216,35.42627],[133.333083,35.426209],[133.332871,35.425999],[133.332723,35.425853],[133.332711,35.425842],[133.333189,35.425523],[133.333558,35.4253]]]},"properties":{"code":"312020140","name":"日野町","kihon1":"0140"}},
{"type":"Feature","geometry":{"type":"Polygon","coordinates":[[[133.335579,35.429105],[133.335401,35.429112],[133.335307,35.429182],[133.335195,35.429259],[133.335074,35.429343],[133.334965,35.42942],[133.334869,35.4295],[133.334811,35.42927],[133.334767,35.429097],[133.334671,35.428718],[133.334664,35.428692],[133.334532,35.428701],[133.334457,35.428707],[133.334425,35.428654],[133.334357,35.42859],[133.334328,35.42849],[133.334132,35.428307],[133.334018,35.428198],[133.33395,35.428119],[133.333896,35.428045],[133.333595,35.427757],[133.333465,35.427641],[133.333479,35.427592],[133.333493,35.42758],[133.333501,35.427573],[133.333915,35.427261],[133.334248,35.426997],[133.334391,35.427107],[133.334418,35.427094],[133.334452,35.427123],[133.334574,35.427033],[133.334611,35.427066],[133.334804,35.426914],[133.335098,35.427167],[133.335344,35.427385],[133.33524,35.427483],[133.335089,35.427612],[133.335174,35.427692],[133.335112,35.427733],[133.33549,35.428067],[133.335398,35.428137],[133.335321,35.428124],[133.335249,35.428177],[133.335329,35.428257],[133.335394,35.428371],[133.335423,35.428461],[133.33546,35.428458],[133.335579,35.429105]]]},"properties":{"code":"312020150","name":"法勝寺町","kihon1":"0150"}},
{"type":"Feature","geometry":{"type":"Polygon","coordinates":[[[133.333479,35.427592],[133.333465,35.427641],[133.333595,35.427757],[133.333896,35.428045],[133.33395,35.428119],[133.334018,35.428198],[133.334132,35.428307],[133.334328,35.42849],[133.334357,35.42859],[133.334425,35.428654],[133.334457,35.428707],[133.334532,35.428701],[133.334664,35.428692],[133.334671,35.428718],[133.334767,35.429097],[133.334811,35.42927],[133.334869,35.4295],[133.334799,35.429559],[133.334782,35.42957],[133.334632,35.42967],[133.334474,35.429798],[133.33428,35.429951],[133.334019,35.430152],[133.333723,35.430377],[133.333298,35.43001],[133.333132,35.429864],[133.333269,35.429795],[133.333169,35.429646],[133.333154,35.42959],[133.333166,35.429513],[133.333095,35.429414],[133.333004,35.429276],[133.332967,35.429215],[133.332736,35.428911],[133.332389,35.428481],[133.332416,35.42846],[133.332722,35.428213],[133.333064,35.427934],[133.333479,35.427592]]]},"properties":{"code":"312020160","name":"紺屋町","kihon1":"0160"}},
{"type":"Feature","geometry":{"type":"Polygon","coordinates":[[[133.333723,35.430377],[133.333375,35.43066],[133.333205,35.430797],[133.3328,35.430447],[133.332637,35.430304],[133.332446,35.430312],[133.332113,35.429979],[133.332024,35.429887],[133.331747,35.42961],[133.331694,35.429651],[133.331288,35.429254],[133.33135,35.429208],[133.331766,35.428962],[133.332144,35.428671],[133.332389,35.428481],[133.332736,35.428911],[133.332967,35.429215],[133.333004,35.429276],[133.333095,35.429414],[133.333166,35.429513],[133.333154,35.42959],[133.333169,35.429646],[133.333269,35.429795],[133.333132,35.429864],[133.333298,35.43001],[133.333723,35.430377]]]},"properties":{"code":"312020170","name":"四日市町","kihon1":"0170"}},
{"type":"Feature","geometry":{"type":"Polygon","coordinates":[[[133.334248,35.426997],[133.333915,35.427261],[133.333501,35.427573],[133.333493,35.42758],[133.333479,35.427592],[133.333064,35.427934],[133.332722,35.428213],[133.332354,35.427901],[133.332081,35.427652],[133.332204,35.427562],[133.331512,35.426964],[133.331299,35.427118],[133.330919,35.426786],[133.330494,35.42639],[133.330279,35.426189],[133.330094,35.426024],[133.329602,35.425579],[133.329817,35.425454],[133.329538,35.424724],[133.329487,35.424315],[133.329123,35.423511],[133.328968,35.423196],[133.329122,35.423145],[133.329286,35.423078],[133.329626,35.422922],[133.329832,35.422814],[133.330104,35.423161],[133.330108,35.423165],[133.33037,35.423444],[133.330547,35.423634],[133.330589,35.423678],[133.331024,35.42417],[133.331389,35.424567],[133.331858,35.425027],[133.332266,35.425408],[133.332596,35.425729],[133.332711,35.425842],[133.332723,35.425853],[133.332871,35.425999],[133.333083,35.426209],[133.333216,35.42627],[133.333398,35.426302],[133.333676,35.426523],[133.333838,35.42665],[133.334248,35.426997]]]},"properties":{"code":"312020180","name":"東町","kihon1":"0180"}},
{"type":"Feature","geometry":{"type":"Polygon","coordinates":[[[133.338398,35.42408],[133.338517,35.424633],[133.338542,35.424669],[133.339075,35.42536],[133.338893,35.425447],[133.338879,35.425492],[133.338972,35.425774],[133.338999,35.425906],[133.339015,35.42605],[133.339018,35.426382],[133.338483,35.425824],[133.33774,35.42533],[133.337235,35.424995],[133.336912,35.425158],[133.336693,35.424886],[133.336291,35.424367],[133.336226,35.424401],[133.336049,35.424167],[133.335782,35.423809],[133.335635,35.42361],[133.335315,35.423194],[133.335147,35.422961],[133.334799,35.422531],[133.334652,35.422331],[133.334526,35.422177],[133.334386,35.422018],[133.334267,35.421867],[133.334207,35.421792],[133.334118,35.421691],[133.333986,35.42151],[133.333931,35.421417],[133.333912,35.421327],[133.333911,35.421242],[133.333935,35.421154],[133.333983,35.421089],[133.334051,35.421013],[133.33411,35.420952],[133.334269,35.42084],[133.334447,35.420716],[133.334685,35.420564],[133.334989,35.420369],[133.335238,35.420208],[133.335437,35.420233],[133.33651,35.420155],[133.337124,35.42092],[133.337335,35.421172],[133.337431,35.421385],[133.337799,35.422266],[133.337544,35.42234],[133.33816,35.424085],[133.338398,35.42408]]]},"properties":{"code":"312020190","name":"弥生町","kihon1":"0190"}},
{"type":"Feature","geometry":{"type":"Polygon","coordinates":[[[133.351504,35.428152],[133.35082,35.428141],[133.350721,35.428177],[133.350483,35.428339],[133.350458,35.428353],[133.350307,35.428431],[133.350184,35.428539],[133.349878,35.428729],[133.34974,35.428821],[133.349646,35.428902],[133.349519,35.428966],[133.349435,35.428987],[133.349245,35.428995],[133.349116,35.429004],[133.348994,35.429009],[133.348952,35.428967],[133.348937,35.428918],[133.34894,35.428893],[133.349004,35.428784],[133.349001,35.428752],[133.348915,35.428712],[133.348811,35.428671],[133.348752,35.42864],[133.348731,35.428636],[133.348669,35.42864],[133.348557,35.42857],[133.348486,35.428539],[133.348409,35.428521],[133.348345,35.42851],[133.348199,35.428507],[133.34812,35.428498],[133.347973,35.428536],[133.347896,35.428538],[133.347537,35.428514],[133.34745,35.428514],[133.347269,35.428541],[133.347237,35.428539],[133.347186,35.428531],[133.346798,35.428459],[133.3467,35.428447],[133.346627,35.428438],[133.346404,35.428415],[133.345774,35.428501],[133.34573,35.428398],[133.3452,35.428544],[133.345201,35.428354],[133.345161,35.428247],[133.345017,35.427903],[133.345012,35.427892],[133.34481,35.427404],[133.344588,35.426889],[133.344336,35.426272],[133.344216,35.425997],[133.344676,35.425858],[133.344985,35.425764],[133.345123,35.425718],[133.345248,35.425676],[133.345516,35.425585],[133.345632,35.425549],[133.345724,35.425512],[133.345898,35.425433],[133.34632,35.425326],[133.34689,35.425285],[133.347424,35.425246],[133.347823,35.425287],[133.348452,35.425352],[133.348465,35.425354],[133.348549,35.425286],[133.348608,35.425166],[133.348628,35.425076],[133.349454,35.425101],[133.349764,35.425082],[133.349916,35.426031],[133.349979,35.426352],[133.350104,35.426664],[133.350049,35.427012],[133.350917,35.427202],[133.351092,35.427188],[133.351275,35.427149],[133.351344,35.427436],[133.35144,35.427841],[133.351504,35.428152]]]},"properties":{"code":"312020200","name":"陽田町","kihon1":"0200"}},
{"type":"Feature","geometry":{"type":"Polygon","coordinates":[[[133.332081,35.427652],[133.33187,35.427806],[133.331502,35.42807],[133.330995,35.428441],[133.330461,35.428827],[133.329956,35.429166],[133.32948,35.429505],[133.329054,35.429802],[133.328794,35.429987],[133.328629,35.430099],[133.328452,35.430227],[133.328284,35.429993],[133.328127,35.429788],[133.328047,35.429696],[133.327915,35.429529],[133.328307,35.429228],[133.327988,35.428942],[133.328253,35.428755],[133.328572,35.428502],[133.328515,35.428438],[133.328663,35.428337],[133.328864,35.428207],[133.328884,35.428231],[133.329163,35.428014],[133.329259,35.427899],[133.32954,35.427733],[133.329851,35.428121],[133.330152,35.427916],[133.330817,35.427449],[133.331299,35.427118],[133.331512,35.426964],[133.332204,35.427562],[133.332081,35.427652]]]},"properties":{"code":"31202021001","name":"加茂町一丁目","kihon1":"0210"}},
{"type":"Feature","geometry":{"type":"Polygon","coordinates":[[[133.327988,35.428942],[133.327904,35.428872],[133.327664,35.429009],[133.327471,35.428765],[133.327533,35.428721],[133.327457,35.428634],[133.327315,35.428466],[133.327074,35.428269],[133.327221,35.428185],[133.327096,35.428017],[133.327233,35.427941],[133.327471,35.427804],[133.327931,35.427509],[133.328311,35.427308],[133.328234,35.427201],[133.328482,35.427056],[133.328714,35.426919],[133.32877,35.427],[133.328968,35.426865],[133.3293,35.42658],[133.329661,35.426336],[133.330094,35.426024],[133.330279,35.426189],[133.330494,35.42639],[133.330919,35.426786],[133.331299,35.427118],[133.330817,35.427449],[133.330152,35.427916],[133.329851,35.428121],[133.32954,35.427733],[133.329259,35.427899],[133.329163,35.428014],[133.328884,35.428231],[133.328864,35.428207],[133.328663,35.428337],[133.328515,35.428438],[133.328572,35.428502],[133.328253,35.428755],[133.327988,35.428942]]]},"properties":{"code":"31202021002","name":"加茂町二丁目","kihon1":"0210"}},
{"type":"Feature","geometry":{"type":"Polygon","coordinates":[[[133.332528,35.424337],[133.333157,35.424937],[133.333558,35.4253],[133.333189,35.425523],[133.332711,35.425842],[133.332596,35.425729],[133.332266,35.425408],[133.331858,35.425027],[133.331389,35.424567],[133.33165,35.42441],[133.33186,35.42428],[133.332057,35.424173],[133.332244,35.424076],[133.332528,35.424337]]]},"properties":{"code":"312020220","name":"茶町","kihon1":"0220"}},
{"type":"Feature","geometry":{"type":"Polygon","coordinates":[[[133.332005,35.423462],[133.331789,35.423603],[133.332244,35.424076],[133.332057,35.424173],[133.33186,35.42428],[133.33165,35.42441],[133.331389,35.424567],[133.331024,35.42417],[133.330589,35.423678],[133.330547,35.423634],[133.33092,35.42339],[133.331293,35.423144],[133.331344,35.423103],[133.331512,35.422988],[133.332005,35.423462]]]},"properties":{"code":"312020230","name":"塩町","kihon1":"0230"}},
{"type":"Feature","geometry":{"type":"Polygon","coordinates":[[[133.335315,35.423194],[133.33441,35.423672],[133.334177,35.423378],[133.333436,35.423804],[133.33304,35.424035],[133.332713,35.42423],[133.332528,35.424337],[133.332244,35.424076],[133.331789,35.423603],[133.332005,35.423462],[133.332211,35.423326],[133.331721,35.422813],[133.331731,35.422673],[133.331114,35.421855],[133.331899,35.421185],[133.332044,35.421052],[133.332249,35.420868],[133.332454,35.420714],[133.332655,35.420567],[133.332909,35.420376],[133.333107,35.420255],[133.333211,35.42019],[133.333423,35.420084],[133.333742,35.419937],[133.33393,35.419848],[133.334043,35.419797],[133.334161,35.41994],[133.334392,35.420214],[133.334685,35.420564],[133.334447,35.420716],[133.334269,35.42084],[133.33411,35.420952],[133.334051,35.421013],[133.333983,35.421089],[133.333935,35.421154],[133.333911,35.421242],[133.333912,35.421327],[133.333931,35.421417],[133.333986,35.42151],[133.334118,35.421691],[133.334207,35.421792],[133.334267,35.421867],[133.334386,35.422018],[133.334526,35.422177],[133.334652,35.422331],[133.334799,35.422531],[133.335147,35.422961],[133.335315,35.423194]]]},"properties":{"code":"312020240","name":"末広町","kihon1":"0240"}},
{"type":"Feature","geometry":{"type":"Polygon","coordinates":[[[133.332005,35.423462],[133.331512,35.422988],[133.331344,35.423103],[133.331293,35.423144],[133.33092,35.42339],[133.330547,35.423634],[133.33037,35.423444],[133.330108,35.423165],[133.330104,35.423161],[133.329832,35.422814],[133.330134,35.422624],[133.33036,35.422452],[133.330749,35.422145],[133.330972,35.421969],[133.331114,35.421855],[133.331731,35.422673],[133.331721,35.422813],[133.332211,35.423326],[133.332005,35.423462]]]},"properties":{"code":"312020250","name":"大工町","kihon1":"0250"}},
{"type":"Feature","geometry":{"type":"Polygon","coordinates":[[[133.331114,35.421855],[133.330972,35.421969],[133.330749,35.422145],[133.33036,35.422452],[133.330134,35.422624],[133.329832,35.422814],[133.329507,35.422407],[133.329314,35.422514],[133.329066,35.422129],[133.329104,35.422051],[133.329119,35.422001],[133.329168,35.42194],[133.329231,35.421878],[133.329324,35.4218],[133.329382,35.421753],[133.329384,35.421664],[133.329211,35.421621],[133.328953,35.421557],[133.328717,35.421499],[133.328469,35.421437],[133.328304,35.421397],[133.328081,35.421341],[133.327713,35.42125],[133.327547,35.420867],[133.327272,35.420228],[133.326898,35.419432],[133.327223,35.419165],[133.327628,35.41887],[133.327742,35.418708],[133.327821,35.418491],[133.327895,35.418437],[133.328078,35.41841],[133.328098,35.418404],[133.328183,35.418393],[133.328251,35.418384],[133.328344,35.418372],[133.328401,35.418358],[133.328414,35.418355],[133.328472,35.418335],[133.328536,35.418293],[133.328618,35.418244],[133.328716,35.418173],[133.328831,35.418093],[133.328921,35.418018],[133.328998,35.417968],[133.329049,35.417933],[133.329111,35.417898],[133.329175,35.41787],[133.329215,35.417853],[133.329254,35.417844],[133.329309,35.417832],[133.329373,35.417829],[133.329466,35.417844],[133.3296,35.417883],[133.32973,35.417933],[133.329858,35.417991],[133.329945,35.41802],[133.330013,35.418051],[133.330089,35.418081],[133.33014,35.4181],[133.330186,35.418124],[133.330232,35.418149],[133.330259,35.418172],[133.330282,35.418209],[133.330311,35.418263],[133.330331,35.41839],[133.330363,35.418561],[133.330401,35.418675],[133.330413,35.418738],[133.330423,35.418796],[133.330451,35.418891],[133.330482,35.418975],[133.330516,35.41905],[133.330546,35.419088],[133.330566,35.419106],[133.330226,35.419912],[133.330343,35.41994],[133.330549,35.420002],[133.330693,35.420042],[133.330962,35.420122],[133.331041,35.420139],[133.33112,35.42015],[133.331223,35.420154],[133.331359,35.420143],[133.33142,35.42013],[133.331533,35.420091],[133.331598,35.420056],[133.331637,35.420025],[133.331809,35.420224],[133.331748,35.420352],[133.331575,35.420448],[133.331655,35.42055],[133.331614,35.420637],[133.331564,35.420743],[133.331516,35.420846],[133.331452,35.420979],[133.33155,35.421021],[133.331641,35.421065],[133.331751,35.421111],[133.331899,35.421185],[133.331114,35.421855]]]},"properties":{"code":"312020260","name":"愛宕町","kihon1":"0260"}},
{"type":"Feature","geometry":{"type":"Polygon","coordinates":[[[133.329832,35.422814],[133.329626,35.422922],[133.329286,35.423078],[133.329122,35.423145],[133.328968,35.423196],[133.328819,35.423237],[133.328655,35.42329],[133.328513,35.423331],[133.328357,35.423362],[133.32822,35.423381],[133.328078,35.423377],[133.327831,35.423326],[133.327605,35.423279],[133.327271,35.423184],[133.327048,35.423117],[133.326809,35.42304],[133.326589,35.422963],[133.326469,35.422907],[133.326357,35.422857],[133.326166,35.422747],[133.326023,35.422659],[133.325882,35.42257],[133.325753,35.422494],[133.325635,35.422421],[133.325521,35.422359],[133.325382,35.422317],[133.325289,35.422296],[133.325261,35.422102],[133.325224,35.421845],[133.325431,35.421833],[133.325497,35.422008],[133.325892,35.421908],[133.325934,35.422004],[133.326361,35.42193],[133.32657,35.421825],[133.326718,35.421751],[133.32704,35.421589],[133.327406,35.421405],[133.327609,35.421302],[133.327713,35.42125],[133.328081,35.421341],[133.328304,35.421397],[133.328469,35.421437],[133.328717,35.421499],[133.328953,35.421557],[133.329211,35.421621],[133.329384,35.421664],[133.329382,35.421753],[133.329324,35.4218],[133.329231,35.421878],[133.329168,35.42194],[133.329119,35.422001],[133.329104,35.422051],[133.329066,35.422129],[133.329314,35.422514],[133.329507,35.422407],[133.329832,35.422814]]]},"properties":{"code":"31202027001","name":"祇園町一丁目","kihon1":"0270"}},
{"type":"Feature","geometry":{"type":"Polygon","coordinates":[[[133.327713,35.42125],[133.327609,35.421302],[133.327406,35.421405],[133.32704,35.421589],[133.326718,35.421751],[133.32657,35.421825],[133.326361,35.42193],[133.325934,35.422004],[133.325892,35.421908],[133.325497,35.422008],[133.325431,35.421833],[133.325224,35.421845],[133.325261,35.422102],[133.325179,35.422051],[133.325175,35.422019],[133.324796,35.421866],[133.324534,35.42176],[133.32417,35.421667],[133.324172,35.421635],[133.323537,35.421479],[133.323418,35.421526],[133.323023,35.421408],[133.322966,35.421387],[133.32294,35.421375],[133.322919,35.42136],[133.322893,35.421329],[133.322882,35.421328],[133.322868,35.421325],[133.322853,35.421321],[133.322807,35.421282],[133.322749,35.421228],[133.322693,35.421169],[133.322635,35.4211],[133.322607,35.42107],[133.322577,35.421046],[133.322523,35.421011],[133.322473,35.420971],[133.322425,35.420918],[133.322383,35.420861],[133.322353,35.420815],[133.322338,35.420775],[133.322336,35.420726],[133.322333,35.420588],[133.322336,35.420555],[133.322347,35.420519],[133.322368,35.420476],[133.322396,35.420427],[133.322428,35.420381],[133.322495,35.420283],[133.322514,35.42024],[133.322547,35.420162],[133.322558,35.420146],[133.322572,35.420136],[133.322587,35.420131],[133.322621,35.42013],[133.32266,35.420065],[133.322709,35.419859],[133.322767,35.419618],[133.322717,35.419563],[133.322751,35.41948],[133.322868,35.419354],[133.322869,35.419048],[133.322709,35.419053],[133.322693,35.418982],[133.322718,35.418303],[133.322732,35.417978],[133.322743,35.416994],[133.322743,35.416962],[133.322667,35.416829],[133.322526,35.416553],[133.322428,35.416379],[133.32236,35.416233],[133.322268,35.416065],[133.322091,35.415707],[133.32191,35.415364],[133.321836,35.415228],[133.321791,35.415142],[133.321677,35.414926],[133.321906,35.414846],[133.322559,35.415246],[133.322807,35.415242],[133.322986,35.41524],[133.323014,35.415165],[133.323038,35.415105],[133.323199,35.41504],[133.32334,35.415053],[133.323348,35.415003],[133.323173,35.41498],[133.323191,35.414964],[133.323122,35.414904],[133.323264,35.414558],[133.323575,35.41457],[133.323667,35.414496],[133.32402,35.414591],[133.324227,35.414698],[133.324293,35.41473],[133.32442,35.414637],[133.324566,35.414401],[133.324667,35.414158],[133.324632,35.414017],[133.324769,35.414035],[133.32607,35.415888],[133.326775,35.416889],[133.326835,35.417049],[133.326846,35.417141],[133.326817,35.417199],[133.326747,35.417307],[133.326704,35.417402],[133.326695,35.41745],[133.326706,35.417525],[133.326739,35.41761],[133.326796,35.417706],[133.32688,35.417778],[133.326954,35.417837],[133.32702,35.417895],[133.327169,35.417982],[133.327268,35.418051],[133.32733,35.418085],[133.327404,35.418202],[133.327821,35.418491],[133.327742,35.418708],[133.327628,35.41887],[133.327223,35.419165],[133.326898,35.419432],[133.327272,35.420228],[133.327547,35.420867],[133.327713,35.42125]]]},"properties":{"code":"31202027002","name":"祇園町二丁目","kihon1":"0270"}},
{"type":"Feature","geometry":{"type":"Polygon","coordinates":[[[133.337536,35.408968],[133.337497,35.40911],[133.337452,35.409305],[133.337397,35.409445],[133.337332,35.409553],[133.337245,35.409643],[133.337125,35.409697],[133.336972,35.409742],[133.336831,35.409787],[133.336655,35.409869],[133.336527,35.409955],[133.336327,35.41013],[133.336217,35.410224],[133.336145,35.410369],[133.3361,35.41054],[133.336043,35.410651],[133.335944,35.410747],[133.335725,35.410944],[133.33563,35.411058],[133.335559,35.411345],[133.335507,35.411704],[133.335465,35.411911],[133.335423,35.412162],[133.335359,35.412315],[133.335282,35.412378],[133.335191,35.41245],[133.335101,35.412495],[133.334888,35.412528],[133.334626,35.412567],[133.334467,35.412657],[133.334227,35.41286],[133.333985,35.413133],[133.333755,35.41346],[133.333604,35.41373],[133.333529,35.413946],[133.333443,35.414161],[133.333345,35.414341],[133.333248,35.414467],[133.333109,35.414623],[133.332988,35.414775],[133.332863,35.414896],[133.332762,35.414985],[133.332644,35.415054],[133.332242,35.415211],[133.331731,35.415398],[133.331413,35.415501],[133.330375,35.415844],[133.329872,35.416027],[133.329561,35.416185],[133.329031,35.416358],[133.328672,35.416317],[133.327203,35.416847],[133.326775,35.416889],[133.32607,35.415888],[133.324769,35.414035],[133.324632,35.414017],[133.324667,35.414158],[133.324566,35.414401],[133.32442,35.414637],[133.324293,35.41473],[133.324227,35.414698],[133.32402,35.414591],[133.323667,35.414496],[133.323575,35.41457],[133.323264,35.414558],[133.323122,35.414904],[133.323191,35.414964],[133.323173,35.41498],[133.323348,35.415003],[133.32334,35.415053],[133.323199,35.41504],[133.323038,35.415105],[133.323014,35.415165],[133.322986,35.41524],[133.322807,35.415242],[133.322559,35.415246],[133.321906,35.414846],[133.321677,35.414926],[133.321612,35.414796],[133.321383,35.414353],[133.320866,35.413514],[133.321138,35.413381],[133.321424,35.413362],[133.321048,35.412638],[133.320961,35.412665],[133.320816,35.412708],[133.320472,35.412808],[133.31996,35.412961],[133.31986,35.412991],[133.319818,35.41296],[133.319157,35.412478],[133.319374,35.412212],[133.32003,35.411407],[133.319833,35.411308],[133.319755,35.411227],[133.319762,35.411098],[133.32039,35.410531],[133.320485,35.410427],[133.320162,35.410334],[133.320369,35.409615],[133.32045,35.40893],[133.320471,35.408751],[133.320556,35.40849],[133.320719,35.408265],[133.320893,35.408085],[133.321019,35.407978],[133.321152,35.407902],[133.32137,35.407817],[133.321388,35.407786],[133.321169,35.407568],[133.320995,35.407241],[133.320894,35.407008],[133.320838,35.40682],[133.320814,35.406658],[133.320835,35.406505],[133.3209,35.406371],[133.321045,35.406216],[133.321304,35.40595],[133.321343,35.405871],[133.321343,35.405731],[133.321209,35.405539],[133.321048,35.405155],[133.320777,35.404899],[133.320588,35.40463],[133.320487,35.404415],[133.320401,35.404192],[133.320384,35.40393],[133.320423,35.403732],[133.320513,35.403531],[133.320596,35.403389],[133.320994,35.403215],[133.321221,35.403092],[133.321418,35.402968],[133.32149,35.402857],[133.32148,35.402603],[133.321478,35.402119],[133.321377,35.401826],[133.321294,35.401623],[133.321276,35.401432],[133.321331,35.401237],[133.321419,35.401025],[133.32156,35.400668],[133.321664,35.400303],[133.322056,35.400248],[133.322207,35.400253],[133.322439,35.400265],[133.322537,35.400265],[133.322703,35.400253],[133.322948,35.400231],[133.32328,35.400192],[133.32349,35.400141],[133.323665,35.400063],[133.32382,35.399949],[133.323902,35.399796],[133.32393,35.399605],[133.323942,35.39939],[133.324021,35.399251],[133.324095,35.399161],[133.324203,35.399033],[133.324406,35.398822],[133.324521,35.398693],[133.324667,35.398586],[133.324717,35.398549],[133.324892,35.398432],[133.325096,35.398282],[133.32528,35.398172],[133.325472,35.398142],[133.325641,35.398139],[133.325849,35.398142],[133.326108,35.398175],[133.326265,35.398229],[133.326362,35.398299],[133.326462,35.398401],[133.326604,35.398635],[133.326773,35.398821],[133.326906,35.398928],[133.327104,35.399035],[133.327247,35.399062],[133.327324,35.399071],[133.327444,35.399043],[133.327565,35.398989],[133.327696,35.398944],[133.327903,35.39888],[133.328087,35.398839],[133.328291,35.398813],[133.328423,35.398835],[133.328567,35.398923],[133.328668,35.399018],[133.328768,35.399137],[133.328919,35.39932],[133.329011,35.399432],[133.329104,35.399502],[133.329299,35.399594],[133.329498,35.399627],[133.329724,35.399605],[133.330002,35.399471],[133.330166,35.399306],[133.330257,35.399197],[133.330431,35.399052],[133.330667,35.398823],[133.330812,35.398719],[133.330985,35.398623],[133.331201,35.398757],[133.331412,35.398853],[133.331596,35.398922],[133.331814,35.399003],[133.331934,35.399054],[133.332124,35.399116],[133.332289,35.399208],[133.332432,35.399321],[133.332558,35.399485],[133.332681,35.399619],[133.332799,35.399742],[133.332934,35.399844],[133.333129,35.399932],[133.333251,35.399996],[133.333352,35.400094],[133.333511,35.400311],[133.333618,35.400476],[133.333823,35.400732],[133.333916,35.400837],[133.334049,35.400926],[133.334158,35.400971],[133.334247,35.401007],[133.334467,35.401087],[133.334698,35.401149],[133.334945,35.401211],[133.335127,35.401272],[133.33503,35.401399],[133.334924,35.401535],[133.334639,35.401867],[133.33446,35.402063],[133.334361,35.402177],[133.334278,35.402292],[133.334215,35.402441],[133.334209,35.402538],[133.334309,35.402724],[133.334389,35.402808],[133.334481,35.402909],[133.334616,35.402994],[133.334739,35.403058],[133.334844,35.403149],[133.334955,35.403352],[133.33508,35.403503],[133.335236,35.40358],[133.335534,35.403639],[133.335764,35.403665],[133.335908,35.403701],[133.336067,35.403723],[133.336147,35.403842],[133.336196,35.403944],[133.336196,35.404071],[133.336198,35.404156],[133.336195,35.404251],[133.336198,35.404387],[133.336211,35.404502],[133.336223,35.404672],[133.33628,35.404852],[133.336387,35.405031],[133.336425,35.405094],[133.336557,35.405261],[133.33658,35.405291],[133.336704,35.405658],[133.336816,35.4059],[133.336961,35.406169],[133.337029,35.406411],[133.337109,35.406654],[133.337253,35.406869],[133.337442,35.407092],[133.337576,35.407307],[133.33769,35.407545],[133.337752,35.407747],[133.33777,35.407977],[133.337716,35.408268],[133.337652,35.408443],[133.337569,35.408568],[133.337504,35.408661],[133.337468,35.408762],[133.337469,35.408879],[133.337536,35.408968]]]},"properties":{"code":"312020280","name":"陰田町","kihon1":"0280"}},
{"type":"Feature","geometry":{"type":"Polygon","coordinates":[[[133.334685,35.420564],[133.334392,35.420214],[133.334161,35.41994],[133.334043,35.419797],[133.33393,35.419848],[133.333742,35.419937],[133.333423,35.420084],[133.333211,35.42019],[133.333107,35.420255],[133.332909,35.420376],[133.332655,35.420567],[133.332454,35.420714],[133.332249,35.420868],[133.332044,35.421052],[133.331899,35.421185],[133.331751,35.421111],[133.331641,35.421065],[133.33155,35.421021],[133.331452,35.420979],[133.331516,35.420846],[133.331564,35.420743],[133.331614,35.420637],[133.331655,35.42055],[133.331575,35.420448],[133.331748,35.420352],[133.331809,35.420224],[133.331637,35.420025],[133.331598,35.420056],[133.331533,35.420091],[133.33142,35.42013],[133.331359,35.420143],[133.331223,35.420154],[133.33112,35.42015],[133.331041,35.420139],[133.330962,35.420122],[133.330693,35.420042],[133.330549,35.420002],[133.330343,35.41994],[133.330226,35.419912],[133.330566,35.419106],[133.330546,35.419088],[133.330516,35.41905],[133.330482,35.418975],[133.330451,35.418891],[133.330423,35.418796],[133.330413,35.418738],[133.330401,35.418675],[133.330363,35.418561],[133.330331,35.41839],[133.330311,35.418263],[133.330282,35.418209],[133.330259,35.418172],[133.330232,35.418149],[133.330186,35.418124],[133.33014,35.4181],[133.330089,35.418081],[133.330013,35.418051],[133.329945,35.41802],[133.329858,35.417991],[133.32973,35.417933],[133.3296,35.417883],[133.329466,35.417844],[133.329373,35.417829],[133.329309,35.417832],[133.329254,35.417844],[133.329215,35.417853],[133.329175,35.41787],[133.329111,35.417898],[133.329049,35.417933],[133.328998,35.417968],[133.328921,35.418018],[133.328831,35.418093],[133.328716,35.418173],[133.328618,35.418244],[133.328536,35.418293],[133.328472,35.418335],[133.328414,35.418355],[133.328401,35.418358],[133.328344,35.418372],[133.328251,35.418384],[133.328183,35.418393],[133.328098,35.418404],[133.328078,35.41841],[133.327895,35.418437],[133.327821,35.418491],[133.327404,35.418202],[133.32733,35.418085],[133.327268,35.418051],[133.327169,35.417982],[133.32702,35.417895],[133.326954,35.417837],[133.32688,35.417778],[133.326796,35.417706],[133.326739,35.41761],[133.326706,35.417525],[133.326695,35.41745],[133.326704,35.417402],[133.326747,35.417307],[133.326817,35.417199],[133.326846,35.417141],[133.326835,35.417049],[133.326775,35.416889],[133.327203,35.416847],[133.328672,35.416317],[133.329031,35.416358],[133.329561,35.416185],[133.329872,35.416027],[133.330375,35.415844],[133.331413,35.415501],[133.331731,35.415398],[133.332242,35.415211],[133.332644,35.415054],[133.332762,35.414985],[133.332863,35.414896],[133.332988,35.414775],[133.333109,35.414623],[133.333248,35.414467],[133.333345,35.414341],[133.333443,35.414161],[133.333529,35.413946],[133.333604,35.41373],[133.333755,35.41346],[133.333985,35.413133],[133.334227,35.41286],[133.334467,35.412657],[133.334626,35.412567],[133.334888,35.412528],[133.335101,35.412495],[133.335191,35.41245],[133.335282,35.412378],[133.335359,35.412315],[133.335423,35.412162],[133.335465,35.411911],[133.335507,35.411704],[133.335559,35.411345],[133.33563,35.411058],[133.335725,35.410944],[133.335944,35.410747],[133.336043,35.410651],[133.3361,35.41054],[133.336145,35.410369],[133.336217,35.410224],[133.336327,35.41013],[133.336527,35.409955],[133.336655,35.409869],[133.336831,35.409787],[133.336972,35.409742],[133.337125,35.409697],[133.337245,35.409643],[133.337332,35.409553],[133.337397,35.409445],[133.337452,35.409305],[133.337497,35.40911],[133.337536,35.408968],[133.337599,35.409015],[133.337646,35.409049],[133.337812,35.409138],[133.338032,35.409245],[133.338187,35.409326],[133.33832,35.409442],[133.338441,35.409576],[133.33853,35.409675],[133.338707,35.409782],[133.338883,35.409844],[133.339027,35.409933],[133.339037,35.409947],[133.33909,35.40996],[133.339124,35.410062],[133.339149,35.410095],[133.339194,35.410247],[133.339219,35.41057],[133.339209,35.41065],[133.339188,35.410813],[133.339232,35.410973],[133.339256,35.411143],[133.33928,35.411243],[133.339288,35.411257],[133.339328,35.41133],[133.339435,35.411431],[133.339573,35.411626],[133.33968,35.411781],[133.339725,35.411879],[133.33978,35.411941],[133.339869,35.412041],[133.339959,35.41222],[133.340004,35.412381],[133.340138,35.412578],[133.340249,35.412713],[133.340359,35.41282],[133.340366,35.412846],[133.340416,35.413044],[133.340443,35.413131],[133.340473,35.413233],[133.340541,35.41343],[133.340608,35.413627],[133.340643,35.413816],[133.340622,35.413941],[133.340579,35.414031],[133.340547,35.414148],[133.340548,35.414247],[133.340561,35.414435],[133.340595,35.414597],[133.340586,35.414803],[133.340565,35.414938],[133.340479,35.415046],[133.340369,35.4151],[133.340227,35.415137],[133.340106,35.415182],[133.339997,35.415263],[133.339943,35.415353],[133.339878,35.415434],[133.33978,35.415506],[133.339561,35.415606],[133.339197,35.415761],[133.338985,35.415755],[133.338765,35.415757],[133.33853,35.415773],[133.338164,35.415881],[133.337912,35.41599],[133.337654,35.416099],[133.33715,35.416266],[133.336015,35.416608],[133.335779,35.4167],[133.335852,35.416735],[133.3359,35.416853],[133.336206,35.416926],[133.336459,35.417098],[133.336482,35.417305],[133.336489,35.417395],[133.336542,35.417586],[133.336267,35.417672],[133.336325,35.417951],[133.335987,35.41804],[133.336068,35.418364],[133.335967,35.418431],[133.335941,35.418468],[133.335957,35.418774],[133.336015,35.419314],[133.336026,35.419405],[133.335958,35.419893],[133.335538,35.420048],[133.335238,35.420208],[133.334989,35.420369],[133.334685,35.420564]]]},"properties":{"code":"312020290","name":"大谷町","kihon1":"0290"}},
{"type":"Feature","geometry":{"type":"Polygon","coordinates":[[[133.343741,35.423652],[133.343566,35.423652],[133.343214,35.423689],[133.342827,35.423733],[133.342695,35.423751],[133.342578,35.423767],[133.342064,35.423924],[133.341165,35.424174],[133.341077,35.424169],[133.34058,35.424309],[133.340414,35.423906],[133.339759,35.42394],[133.339662,35.423942],[133.339576,35.423955],[133.339253,35.424042],[133.338398,35.42408],[133.33816,35.424085],[133.337544,35.42234],[133.337799,35.422266],[133.337431,35.421385],[133.337335,35.421172],[133.337124,35.42092],[133.33651,35.420155],[133.335437,35.420233],[133.335238,35.420208],[133.335538,35.420048],[133.335958,35.419893],[133.336026,35.419405],[133.336015,35.419314],[133.335957,35.418774],[133.335941,35.418468],[133.335967,35.418431],[133.336068,35.418364],[133.335987,35.41804],[133.336325,35.417951],[133.336267,35.417672],[133.336542,35.417586],[133.336489,35.417395],[133.336482,35.417305],[133.336459,35.417098],[133.336206,35.416926],[133.3359,35.416853],[133.335852,35.416735],[133.335779,35.4167],[133.336015,35.416608],[133.33715,35.416266],[133.337654,35.416099],[133.337912,35.41599],[133.338164,35.415881],[133.33853,35.415773],[133.338765,35.415757],[133.338985,35.415755],[133.339197,35.415761],[133.339561,35.415606],[133.33978,35.415506],[133.339878,35.415434],[133.339943,35.415353],[133.339997,35.415263],[133.340106,35.415182],[133.340227,35.415137],[133.340369,35.4151],[133.340479,35.415046],[133.340565,35.414938],[133.340586,35.414803],[133.340595,35.414597],[133.340561,35.414435],[133.340548,35.414247],[133.340547,35.414148],[133.340579,35.414031],[133.340622,35.413941],[133.340643,35.413816],[133.340608,35.413627],[133.340541,35.41343],[133.340473,35.413233],[133.340443,35.413131],[133.340416,35.413044],[133.340366,35.412846],[133.340359,35.41282],[133.34072,35.412919],[133.341017,35.412993],[133.341416,35.413117],[133.341703,35.41322],[133.341973,35.413338],[133.342214,35.41343],[133.342595,35.413617],[133.342616,35.413634],[133.342794,35.413719],[133.343048,35.413853],[133.343214,35.413942],[133.343358,35.414032],[133.343496,35.41412],[133.343627,35.414199],[133.343386,35.414731],[133.343287,35.414927],[133.34323,35.415091],[133.343168,35.415471],[133.342934,35.415544],[133.342891,35.415579],[133.342856,35.415681],[133.34284,35.415755],[133.342754,35.415802],[133.342695,35.415852],[133.342651,35.415954],[133.342641,35.41602],[133.342709,35.416111],[133.342787,35.416214],[133.342883,35.416313],[133.342964,35.416378],[133.342864,35.416644],[133.342785,35.416787],[133.342655,35.416978],[133.342499,35.417202],[133.342424,35.417312],[133.342346,35.417409],[133.342241,35.417526],[133.342105,35.41758],[133.342005,35.417593],[133.341839,35.417606],[133.341671,35.417585],[133.341521,35.417517],[133.341394,35.417451],[133.341263,35.417391],[133.341142,35.417345],[133.341045,35.41735],[133.340915,35.417396],[133.340845,35.417637],[133.340876,35.417721],[133.340973,35.417867],[133.341038,35.41796],[133.341138,35.41809],[133.341354,35.418373],[133.341517,35.418514],[133.341175,35.418886],[133.340781,35.419139],[133.340632,35.419231],[133.34091,35.419337],[133.341099,35.419521],[133.341281,35.419778],[133.341375,35.42003],[133.341755,35.420157],[133.341768,35.420393],[133.34173,35.420495],[133.341613,35.420627],[133.34156,35.420716],[133.341561,35.420823],[133.341576,35.420875],[133.341633,35.420974],[133.341705,35.421077],[133.341745,35.42115],[133.341753,35.42136],[133.342013,35.421508],[133.342075,35.421602],[133.342374,35.421751],[133.342703,35.421959],[133.342939,35.422085],[133.343164,35.422198],[133.34339,35.422335],[133.343489,35.422476],[133.343392,35.422551],[133.343499,35.422619],[133.343546,35.422667],[133.343569,35.422714],[133.343586,35.422785],[133.343606,35.422864],[133.343725,35.423305],[133.343746,35.423479],[133.343741,35.423652]]]},"properties":{"code":"312020300","name":"目久美町","kihon1":"0300"}},
{"type":"Feature","geometry":{"type":"Polygon","coordinates":[[[133.330173,35.429939],[133.330274,35.430043],[133.330621,35.430389],[133.330648,35.43037],[133.330807,35.430528],[133.330969,35.430692],[133.331098,35.430598],[133.331204,35.430724],[133.331279,35.43081],[133.331365,35.430917],[133.331425,35.430992],[133.331477,35.431062],[133.33153,35.431134],[133.331638,35.431232],[133.331745,35.431326],[133.331561,35.431342],[133.331312,35.431364],[133.331136,35.431387],[133.330954,35.431546],[133.330883,35.431576],[133.3308,35.431578],[133.330741,35.431691],[133.330676,35.431712],[133.330484,35.431768],[133.330319,35.43181],[133.330069,35.43185],[133.330037,35.431815],[133.329776,35.431476],[133.329573,35.43127],[133.329511,35.431206],[133.329451,35.43114],[133.329179,35.430839],[133.329009,35.430668],[133.329319,35.430472],[133.329472,35.430375],[133.3296,35.430296],[133.330173,35.429939]]]},"properties":{"code":"312020310","name":"西倉吉町","kihon1":"0310"}},
{"type":"Feature","geometry":{"type":"Polygon","coordinates":[[[133.332081,35.427652],[133.332354,35.427901],[133.332722,35.428213],[133.332416,35.42846],[133.332389,35.428481],[133.332144,35.428671],[133.331766,35.428962],[133.33135,35.429208],[133.331288,35.429254],[133.330998,35.429433],[133.330523,35.429724],[133.330173,35.429939],[133.3296,35.430296],[133.329472,35.430375],[133.329319,35.430472],[133.329009,35.430668],[133.328687,35.430853],[133.328223,35.431124],[133.32795,35.430578],[133.328452,35.430227],[133.328629,35.430099],[133.328794,35.429987],[133.329054,35.429802],[133.32948,35.429505],[133.329956,35.429166],[133.330461,35.428827],[133.330995,35.428441],[133.331502,35.42807],[133.33187,35.427806],[133.332081,35.427652]]]},"properties":{"code":"312020320","name":"中町","kihon1":"0320"}},
{"type":"Feature","geometry":{"type":"Polygon","coordinates":[[[133.336226,35.424401],[133.33609,35.424471],[133.335837,35.424604],[133.335321,35.424868],[133.335063,35.424535],[133.334673,35.424735],[133.334051,35.425054],[133.333558,35.4253],[133.333157,35.424937],[133.332528,35.424337],[133.332713,35.42423],[133.33304,35.424035],[133.333436,35.423804],[133.334177,35.423378],[133.33441,35.423672],[133.335315,35.423194],[133.335635,35.42361],[133.335782,35.423809],[133.336049,35.424167],[133.336226,35.424401]]]},"properties":{"code":"312020330","name":"明治町","kihon1":"0330"}},
{"type":"Feature","geometry":{"type":"Polygon","coordinates":[[[133.333205,35.430797],[133.332526,35.431335],[133.332224,35.431591],[133.332139,35.431671],[133.331924,35.431482],[133.331745,35.431326],[133.331638,35.431232],[133.33153,35.431134],[133.331477,35.431062],[133.331425,35.430992],[133.331365,35.430917],[133.331279,35.43081],[133.331204,35.430724],[133.331098,35.430598],[133.330969,35.430692],[133.330807,35.430528],[133.330648,35.43037],[133.330621,35.430389],[133.330274,35.430043],[133.330173,35.429939],[133.330523,35.429724],[133.330998,35.429433],[133.331288,35.429254],[133.331694,35.429651],[133.331747,35.42961],[133.332024,35.429887],[133.332113,35.429979],[133.332446,35.430312],[133.332637,35.430304],[133.3328,35.430447],[133.333205,35.430797]]]},"properties":{"code":"312020340","name":"東倉吉町","kihon1":"0340"}},
{"type":"Feature","geometry":{"type":"Polygon","coordinates":[[[133.327233,35.427941],[133.327214,35.427917],[133.327069,35.427734],[133.326992,35.427637],[133.326902,35.427676],[133.326735,35.427457],[133.32628,35.427757],[133.325989,35.427946],[133.325827,35.427916],[133.32543,35.427964],[133.325229,35.427989],[133.32502,35.428027],[133.324852,35.428077],[133.324723,35.428617],[133.324118,35.428561],[133.323435,35.428488],[133.322869,35.428514],[133.3227,35.428528],[133.322661,35.428755],[133.322368,35.428718],[133.322388,35.428557],[133.321924,35.428594],[133.320708,35.428758],[133.320296,35.427055],[133.320276,35.427059],[133.320261,35.427003],[133.320284,35.426999],[133.320179,35.426484],[133.320025,35.425807],[133.320044,35.425774],[133.320143,35.425753],[133.320163,35.425732],[133.320138,35.425618],[133.320099,35.425586],[133.320006,35.425602],[133.319995,35.425553],[133.320289,35.425506],[133.320266,35.425398],[133.320313,35.425392],[133.320334,35.425477],[133.320323,35.42548],[133.320325,35.425496],[133.320441,35.425481],[133.320419,35.425374],[133.320469,35.425366],[133.320489,35.425476],[133.320595,35.425462],[133.320573,35.425351],[133.320623,35.425343],[133.320651,35.425494],[133.320565,35.425508],[133.320532,35.425557],[133.320556,35.42567],[133.320589,35.425686],[133.32089,35.425645],[133.320912,35.425495],[133.320873,35.425495],[133.320873,35.425511],[133.320741,35.425499],[133.320748,35.425456],[133.320912,35.425468],[133.320927,35.425334],[133.320987,35.425334],[133.320972,35.425436],[133.320959,35.425441],[133.320952,35.425474],[133.320985,35.425479],[133.320984,35.425501],[133.32109,35.425442],[133.321116,35.425448],[133.321122,35.425416],[133.321084,35.425415],[133.321084,35.425388],[133.321104,35.425367],[133.321136,35.425367],[133.321149,35.425345],[133.32113,35.425324],[133.32117,35.425287],[133.321203,35.425313],[133.321274,35.425266],[133.321281,35.425245],[133.321262,35.425234],[133.321275,35.425191],[133.321301,35.425158],[133.321328,35.425127],[133.321315,35.4251],[133.321375,35.425057],[133.321454,35.425037],[133.321592,35.424995],[133.321599,35.425006],[133.321625,35.42499],[133.321619,35.424979],[133.321685,35.424936],[133.32169,35.424932],[133.321731,35.424894],[133.321751,35.424894],[133.321771,35.424851],[133.321758,35.424835],[133.321792,35.424788],[133.321806,35.424728],[133.321819,35.424723],[133.321819,35.424691],[133.321845,35.424681],[133.321839,35.424528],[133.32183,35.424382],[133.32182,35.424313],[133.321805,35.424247],[133.321782,35.424184],[133.32175,35.424125],[133.321714,35.42407],[133.321625,35.42397],[133.321551,35.423889],[133.321525,35.423852],[133.321507,35.423817],[133.321493,35.423779],[133.321486,35.423738],[133.321485,35.423695],[133.321491,35.423648],[133.3215,35.423611],[133.321457,35.423595],[133.321459,35.423571],[133.321474,35.423547],[133.321482,35.423545],[133.321523,35.423557],[133.321535,35.423534],[133.321562,35.423507],[133.32166,35.423434],[133.321732,35.423388],[133.321813,35.423345],[133.321893,35.423312],[133.321966,35.423289],[133.322059,35.423266],[133.322082,35.423258],[133.322103,35.423248],[133.322156,35.423206],[133.32221,35.423166],[133.322236,35.423151],[133.322273,35.423138],[133.322324,35.423123],[133.322505,35.423084],[133.322988,35.422984],[133.322963,35.422973],[133.32295,35.422902],[133.322949,35.422896],[133.323005,35.422886],[133.323664,35.422767],[133.324623,35.422586],[133.324868,35.422545],[133.32502,35.422538],[133.325187,35.422539],[133.32533,35.422572],[133.325289,35.422296],[133.325382,35.422317],[133.325521,35.422359],[133.325635,35.422421],[133.325753,35.422494],[133.325882,35.42257],[133.326023,35.422659],[133.326166,35.422747],[133.326357,35.422857],[133.326469,35.422907],[133.326589,35.422963],[133.326809,35.42304],[133.327048,35.423117],[133.327271,35.423184],[133.327605,35.423279],[133.327831,35.423326],[133.328078,35.423377],[133.32822,35.423381],[133.328357,35.423362],[133.328513,35.423331],[133.328655,35.42329],[133.328819,35.423237],[133.328968,35.423196],[133.329123,35.423511],[133.329487,35.424315],[133.329538,35.424724],[133.329817,35.425454],[133.329602,35.425579],[133.330094,35.426024],[133.329661,35.426336],[133.3293,35.42658],[133.328968,35.426865],[133.32877,35.427],[133.328714,35.426919],[133.328482,35.427056],[133.328234,35.427201],[133.328311,35.427308],[133.327931,35.427509],[133.327471,35.427804],[133.327233,35.427941]]]},"properties":{"code":"312020350","name":"久米町","kihon1":"0350"}},
{"type":"Feature","geometry":{"type":"Polygon","coordinates":[[[133.322268,35.416065],[133.32236,35.416233],[133.322428,35.416379],[133.322526,35.416553],[133.322667,35.416829],[133.322743,35.416962],[133.322743,35.416994],[133.322732,35.417978],[133.322718,35.418303],[133.322693,35.418982],[133.322148,35.419],[133.321839,35.419003],[133.321515,35.419004],[133.32138,35.418987],[133.321203,35.418957],[133.32108,35.418902],[133.32097,35.418797],[133.32078,35.418502],[133.320526,35.418134],[133.320224,35.417648],[133.319813,35.416979],[133.32011,35.41686],[133.320546,35.416701],[133.321712,35.416262],[133.322268,35.416065]]]},"properties":{"code":"31202036101","name":"錦海町一丁目","kihon1":"0361"}},
{"type":"Feature","geometry":{"type":"Polygon","coordinates":[[[133.318564,35.415039],[133.319139,35.414379],[133.31921,35.414326],[133.31936,35.414233],[133.319427,35.414192],[133.319816,35.41396],[133.319913,35.413903],[133.320243,35.413712],[133.320777,35.413404],[133.320832,35.413465],[133.320866,35.413514],[133.321383,35.414353],[133.321612,35.414796],[133.321677,35.414926],[133.321791,35.415142],[133.321836,35.415228],[133.32191,35.415364],[133.322091,35.415707],[133.322268,35.416065],[133.321712,35.416262],[133.320546,35.416701],[133.32011,35.41686],[133.319813,35.416979],[133.319239,35.416099],[133.319022,35.415769],[133.318564,35.415039]]]},"properties":{"code":"31202036102","name":"錦海町二丁目","kihon1":"0361"}},
{"type":"Feature","geometry":{"type":"Polygon","coordinates":[[[133.322709,35.419053],[133.322561,35.419434],[133.322427,35.419782],[133.32238,35.419904],[133.322255,35.420233],[133.322121,35.420585],[133.322018,35.420858],[133.321995,35.420849],[133.321974,35.420894],[133.32196,35.420916],[133.321919,35.420954],[133.32187,35.420989],[133.321842,35.421004],[133.321813,35.421016],[133.321777,35.421024],[133.321699,35.421033],[133.321523,35.421007],[133.321331,35.420974],[133.321225,35.420952],[133.321116,35.420924],[133.321003,35.420887],[133.320895,35.420846],[133.320804,35.420801],[133.320736,35.420756],[133.32066,35.42069],[133.320639,35.420671],[133.320589,35.420616],[133.320426,35.420416],[133.32025,35.4202],[133.319937,35.41981],[133.319833,35.41968],[133.319638,35.419438],[133.319358,35.419095],[133.319316,35.419042],[133.319065,35.418739],[133.318823,35.418447],[133.318154,35.417639],[133.317999,35.417452],[133.317747,35.417135],[133.317637,35.416994],[133.317606,35.416951],[133.317544,35.416809],[133.317492,35.416688],[133.317488,35.416623],[133.317489,35.416549],[133.317502,35.416481],[133.31752,35.416415],[133.317548,35.41635],[133.317691,35.416079],[133.317785,35.415944],[133.317927,35.415779],[133.318283,35.415362],[133.318309,35.415332],[133.318477,35.415138],[133.318564,35.415039],[133.319022,35.415769],[133.319239,35.416099],[133.319813,35.416979],[133.320224,35.417648],[133.320526,35.418134],[133.32078,35.418502],[133.32097,35.418797],[133.32108,35.418902],[133.321203,35.418957],[133.32138,35.418987],[133.321515,35.419004],[133.321839,35.419003],[133.322148,35.419],[133.322693,35.418982],[133.322709,35.419053]]]},"properties":{"code":"31202036103","name":"錦海町三丁目","kihon1":"0361"}},
{"type":"Feature","geometry":{"type":"Polygon","coordinates":[[[133.330619,35.434013],[133.33045,35.4338],[133.330229,35.433916],[133.330181,35.43385],[133.330002,35.433941],[133.329968,35.433965],[133.329637,35.434128],[133.329536,35.433851],[133.329515,35.433723],[133.329166,35.433708],[133.329166,35.433668],[133.329046,35.433679],[133.329036,35.433574],[133.328489,35.433589],[133.328403,35.4334],[133.328536,35.433373],[133.328523,35.433299],[133.328608,35.433261],[133.328614,35.433222],[133.328645,35.433212],[133.328606,35.43312],[133.328902,35.432972],[133.328993,35.432928],[133.328888,35.432715],[133.328808,35.432613],[133.32873,35.432522],[133.328666,35.432473],[133.328621,35.432452],[133.328587,35.432422],[133.328548,35.432341],[133.328535,35.432245],[133.328519,35.432201],[133.328438,35.432088],[133.328303,35.431897],[133.328105,35.431645],[133.327971,35.431462],[133.328274,35.431258],[133.328223,35.431124],[133.328687,35.430853],[133.329009,35.430668],[133.329179,35.430839],[133.329451,35.43114],[133.329511,35.431206],[133.329573,35.43127],[133.329776,35.431476],[133.330037,35.431815],[133.330049,35.431902],[133.330082,35.432109],[133.330115,35.432285],[133.330151,35.432463],[133.330238,35.432449],[133.33032,35.432768],[133.330348,35.432952],[133.330389,35.433165],[133.330409,35.43347],[133.330559,35.4336],[133.330514,35.433803],[133.330674,35.433825],[133.330663,35.433987],[133.330619,35.434013]]]},"properties":{"code":"312020370","name":"尾高町","kihon1":"0370"}},
{"type":"Feature","geometry":{"type":"Polygon","coordinates":[[[133.327971,35.431462],[133.328105,35.431645],[133.328303,35.431897],[133.328438,35.432088],[133.328519,35.432201],[133.328535,35.432245],[133.328548,35.432341],[133.328587,35.432422],[133.328621,35.432452],[133.328666,35.432473],[133.32873,35.432522],[133.328808,35.432613],[133.328888,35.432715],[133.328993,35.432928],[133.328902,35.432972],[133.328606,35.43312],[133.328645,35.433212],[133.328614,35.433222],[133.328608,35.433261],[133.328523,35.433299],[133.328536,35.433373],[133.328403,35.4334],[133.328304,35.433418],[133.328056,35.433478],[133.327615,35.433585],[133.327485,35.433414],[133.327327,35.433206],[133.327213,35.433064],[133.32718,35.433031],[133.326928,35.432739],[133.326789,35.432814],[133.326657,35.432845],[133.326614,35.432759],[133.326565,35.432738],[133.326505,35.432767],[133.326411,35.432726],[133.326276,35.432522],[133.326432,35.432414],[133.326544,35.432338],[133.326825,35.432176],[133.32716,35.431966],[133.327464,35.431774],[133.327628,35.431669],[133.327859,35.431529],[133.327971,35.431462]]]},"properties":{"code":"312020380","name":"岩倉町","kihon1":"0380"}},
{"type":"Feature","geometry":{"type":"Polygon","coordinates":[[[133.326789,35.435532],[133.326777,35.43544],[133.326256,35.4355],[133.326237,35.435431],[133.325749,35.435445],[133.325583,35.435324],[133.325418,35.435294],[133.325156,35.435193],[133.325077,35.434626],[133.32596,35.434471],[133.325877,35.434111],[133.326178,35.434073],[133.326165,35.433983],[133.326343,35.433958],[133.326357,35.434018],[133.327716,35.43384],[133.327728,35.433898],[133.327922,35.43388],[133.328052,35.433918],[133.328174,35.433902],[133.328056,35.433478],[133.328304,35.433418],[133.328403,35.4334],[133.328489,35.433589],[133.329036,35.433574],[133.329046,35.433679],[133.329166,35.433668],[133.329166,35.433708],[133.329515,35.433723],[133.329536,35.433851],[133.329637,35.434128],[133.329887,35.434899],[133.329702,35.435049],[133.328316,35.435075],[133.328286,35.434942],[133.328204,35.43492],[133.327957,35.434936],[133.327802,35.435013],[133.327563,35.435038],[133.327394,35.43516],[133.327347,35.435104],[133.327241,35.435156],[133.327084,35.435282],[133.326789,35.435532]]]},"properties":{"code":"312020390","name":"寺町","kihon1":"0390"}},
{"type":"Feature","geometry":{"type":"Polygon","coordinates":[[[133.327971,35.431462],[133.327859,35.431529],[133.327628,35.431669],[133.327464,35.431774],[133.32716,35.431966],[133.326825,35.432176],[133.326544,35.432338],[133.326476,35.432262],[133.326408,35.432192],[133.326533,35.432117],[133.326252,35.431754],[133.326476,35.431626],[133.326672,35.431509],[133.326807,35.431428],[133.326562,35.43108],[133.326827,35.430979],[133.327285,35.430815],[133.327823,35.430622],[133.32795,35.430578],[133.328223,35.431124],[133.328274,35.431258],[133.327971,35.431462]]]},"properties":{"code":"31202040001","name":"天神町一丁目","kihon1":"0400"}},
{"type":"Feature","geometry":{"type":"Polygon","coordinates":[[[133.326252,35.431754],[133.326533,35.432117],[133.326408,35.432192],[133.326476,35.432262],[133.326544,35.432338],[133.326432,35.432414],[133.326276,35.432522],[133.326022,35.432693],[133.325818,35.432765],[133.32546,35.432876],[133.325033,35.432969],[133.324937,35.432495],[133.325028,35.43245],[133.325022,35.432396],[133.324995,35.432183],[133.325201,35.432131],[133.325434,35.432066],[133.325646,35.432027],[133.325839,35.431954],[133.326013,35.431881],[133.326103,35.43184],[133.326252,35.431754]]]},"properties":{"code":"31202040002","name":"天神町二丁目","kihon1":"0400"}},
{"type":"Feature","geometry":{"type":"Polygon","coordinates":[[[133.325434,35.432066],[133.325201,35.432131],[133.324995,35.432183],[133.325022,35.432396],[133.325028,35.43245],[133.324937,35.432495],[133.325033,35.432969],[133.324926,35.432991],[133.324788,35.433004],[133.324679,35.433009],[133.324589,35.433009],[133.324434,35.433012],[133.324295,35.433013],[133.324167,35.433016],[133.323921,35.433019],[133.323772,35.433019],[133.323681,35.43302],[133.32358,35.433012],[133.323463,35.432996],[133.323246,35.432961],[133.322992,35.432879],[133.322846,35.432831],[133.322543,35.432738],[133.322428,35.432701],[133.322488,35.432573],[133.322409,35.432516],[133.322398,35.43251],[133.322262,35.432459],[133.322241,35.432445],[133.32227,35.432445],[133.322302,35.432356],[133.322271,35.432341],[133.322286,35.432257],[133.322153,35.432218],[133.32214,35.432218],[133.321992,35.432257],[133.32198,35.432252],[133.321789,35.432301],[133.321778,35.432276],[133.321969,35.432223],[133.32217,35.431351],[133.322301,35.431371],[133.322376,35.431009],[133.3224,35.430867],[133.322821,35.430922],[133.322834,35.43086],[133.322846,35.430828],[133.322887,35.430812],[133.322969,35.430793],[133.323088,35.430773],[133.323168,35.430769],[133.323224,35.430769],[133.323285,35.430777],[133.323356,35.430793],[133.323506,35.430825],[133.323632,35.43066],[133.32379,35.430482],[133.3243,35.430391],[133.324389,35.430761],[133.324744,35.430695],[133.324863,35.431128],[133.32501,35.431074],[133.325216,35.430999],[133.325284,35.431217],[133.325332,35.431513],[133.325358,35.431667],[133.325434,35.432066]]]},"properties":{"code":"312020410","name":"内町","kihon1":"0410"}},
{"type":"Feature","geometry":{"type":"Polygon","coordinates":[[[133.328056,35.433478],[133.328174,35.433902],[133.328052,35.433918],[133.327922,35.43388],[133.327728,35.433898],[133.327716,35.43384],[133.326357,35.434018],[133.326343,35.433958],[133.326165,35.433983],[133.326118,35.433755],[133.326271,35.433739],[133.326143,35.433196],[133.32617,35.433192],[133.326086,35.432762],[133.326022,35.432693],[133.326276,35.432522],[133.326411,35.432726],[133.326505,35.432767],[133.326565,35.432738],[133.326614,35.432759],[133.326657,35.432845],[133.326789,35.432814],[133.326928,35.432739],[133.32718,35.433031],[133.327213,35.433064],[133.327327,35.433206],[133.327485,35.433414],[133.327615,35.433585],[133.328056,35.433478]]]},"properties":{"code":"31202042001","name":"立町一丁目","kihon1":"0420"}},
{"type":"Feature","geometry":{"type":"Polygon","coordinates":[[[133.326022,35.432693],[133.326086,35.432762],[133.32617,35.433192],[133.326143,35.433196],[133.326271,35.433739],[133.326118,35.433755],[133.326165,35.433983],[133.326178,35.434073],[133.325877,35.434111],[133.32596,35.434471],[133.325077,35.434626],[133.325051,35.434456],[133.325001,35.434167],[133.324958,35.433908],[133.324933,35.433789],[133.324895,35.433583],[133.324854,35.433366],[133.324788,35.433004],[133.324926,35.432991],[133.325033,35.432969],[133.32546,35.432876],[133.325818,35.432765],[133.326022,35.432693]]]},"properties":{"code":"31202042002","name":"立町二丁目","kihon1":"0420"}},
{"type":"Feature","geometry":{"type":"Polygon","coordinates":[[[133.326789,35.435532],[133.326796,35.435612],[133.326747,35.435732],[133.326908,35.435852],[133.326399,35.436259],[133.326193,35.436398],[133.326021,35.436495],[133.325684,35.436698],[133.32563,35.43672],[133.325314,35.436728],[133.325313,35.436755],[133.324759,35.436751],[133.324614,35.435908],[133.324599,35.435786],[133.324587,35.435704],[133.3246,35.43522],[133.325156,35.435193],[133.325418,35.435294],[133.325583,35.435324],[133.325749,35.435445],[133.326237,35.435431],[133.326256,35.4355],[133.326777,35.43544],[133.326789,35.435532]]]},"properties":{"code":"31202042003","name":"立町三丁目","kihon1":"0420"}},
{"type":"Feature","geometry":{"type":"Polygon","coordinates":[[[133.326021,35.436495],[133.326046,35.436672],[133.326019,35.436703],[133.326009,35.43677],[133.326041,35.436945],[133.326001,35.43699],[133.325909,35.437064],[133.325893,35.437091],[133.326138,35.437303],[133.325866,35.437517],[133.325663,35.437672],[133.325601,35.437826],[133.32565,35.438057],[133.32568,35.438237],[133.32569,35.438304],[133.325647,35.438366],[133.325662,35.438374],[133.325867,35.438534],[133.325381,35.438911],[133.325296,35.438846],[133.324938,35.43862],[133.32344,35.437821],[133.323688,35.437438],[133.323913,35.43752],[133.324096,35.437426],[133.324301,35.437377],[133.32471,35.436753],[133.324759,35.436751],[133.325313,35.436755],[133.325314,35.436728],[133.32563,35.43672],[133.325684,35.436698],[133.326021,35.436495]]]},"properties":{"code":"31202042004","name":"立町四丁目","kihon1":"0420"}},
{"type":"Feature","geometry":{"type":"Polygon","coordinates":[[[133.324958,35.433908],[133.324707,35.433924],[133.324591,35.433932],[133.324392,35.433937],[133.324255,35.433936],[133.324184,35.433937],[133.324128,35.433928],[133.324073,35.433913],[133.323936,35.433867],[133.323768,35.433821],[133.323676,35.433794],[133.323612,35.433781],[133.323467,35.43375],[133.323211,35.433706],[133.322851,35.433666],[133.322454,35.433612],[133.322335,35.433595],[133.322084,35.433555],[133.321738,35.433412],[133.321681,35.433395],[133.321607,35.433369],[133.32143,35.433303],[133.321498,35.433205],[133.321268,35.433177],[133.321279,35.433096],[133.321347,35.432575],[133.320683,35.432561],[133.3206,35.433128],[133.320554,35.433126],[133.320626,35.432558],[133.320107,35.432541],[133.320097,35.432546],[133.319815,35.432839],[133.319431,35.433233],[133.319409,35.433218],[133.319843,35.432766],[133.320091,35.432501],[133.321032,35.432526],[133.321382,35.43254],[133.321612,35.432559],[133.321746,35.432581],[133.321989,35.43263],[133.322416,35.432728],[133.322428,35.432701],[133.322543,35.432738],[133.322846,35.432831],[133.322992,35.432879],[133.323246,35.432961],[133.323463,35.432996],[133.32358,35.433012],[133.323681,35.43302],[133.323772,35.433019],[133.323921,35.433019],[133.324167,35.433016],[133.324295,35.433013],[133.324434,35.433012],[133.324589,35.433009],[133.324679,35.433009],[133.324788,35.433004],[133.324854,35.433366],[133.324895,35.433583],[133.324933,35.433789],[133.324958,35.433908]]]},"properties":{"code":"31202043001","name":"灘町一丁目","kihon1":"0430"}},
{"type":"Feature","geometry":{"type":"Polygon","coordinates":[[[133.324958,35.433908],[133.325001,35.434167],[133.325051,35.434456],[133.325077,35.434626],[133.325156,35.435193],[133.3246,35.43522],[133.324587,35.435704],[133.324599,35.435786],[133.324141,35.435578],[133.323095,35.435083],[133.322614,35.434856],[133.321991,35.434551],[133.321736,35.434429],[133.321033,35.434107],[133.321249,35.433947],[133.320992,35.433626],[133.321098,35.433614],[133.321268,35.433457],[133.321418,35.433319],[133.32143,35.433303],[133.321607,35.433369],[133.321681,35.433395],[133.321738,35.433412],[133.322084,35.433555],[133.322335,35.433595],[133.322454,35.433612],[133.322851,35.433666],[133.323211,35.433706],[133.323467,35.43375],[133.323612,35.433781],[133.323676,35.433794],[133.323768,35.433821],[133.323936,35.433867],[133.324073,35.433913],[133.324128,35.433928],[133.324184,35.433937],[133.324255,35.433936],[133.324392,35.433937],[133.324591,35.433932],[133.324707,35.433924],[133.324958,35.433908]]]},"properties":{"code":"31202043002","name":"灘町二丁目","kihon1":"0430"}},
{"type":"Feature","geometry":{"type":"Polygon","coordinates":[[[133.320992,35.433626],[133.321249,35.433947],[133.321033,35.434107],[133.321736,35.434429],[133.321991,35.434551],[133.322614,35.434856],[133.323095,35.435083],[133.324141,35.435578],[133.324599,35.435786],[133.324614,35.435908],[133.324759,35.436751],[133.32471,35.436753],[133.324313,35.436748],[133.324151,35.436746],[133.323661,35.43651],[133.323535,35.436449],[133.3225,35.435954],[133.321937,35.435681],[133.321414,35.435433],[133.320371,35.434959],[133.319974,35.434786],[133.319641,35.434627],[133.318982,35.434884],[133.319324,35.435046],[133.319007,35.435182],[133.318227,35.434264],[133.317671,35.434554],[133.317597,35.434446],[133.317105,35.433697],[133.31804,35.433259],[133.318104,35.433346],[133.31826,35.43341],[133.318653,35.433941],[133.319006,35.433899],[133.318995,35.433827],[133.319214,35.433805],[133.319228,35.43387],[133.319479,35.433844],[133.319465,35.433748],[133.319737,35.433712],[133.319756,35.433806],[133.32022,35.433752],[133.320225,35.433717],[133.320314,35.433704],[133.320992,35.433626]]]},"properties":{"code":"31202043003","name":"灘町三丁目","kihon1":"0430"}},
{"type":"Feature","geometry":{"type":"Polygon","coordinates":[[[133.32344,35.437821],[133.323188,35.437691],[133.322843,35.437511],[133.322357,35.437261],[133.321323,35.436696],[133.320712,35.436361],[133.320421,35.436163],[133.319781,35.435743],[133.31965,35.435638],[133.31905,35.435212],[133.319007,35.435182],[133.319324,35.435046],[133.318982,35.434884],[133.319641,35.434627],[133.319974,35.434786],[133.320371,35.434959],[133.321414,35.435433],[133.321937,35.435681],[133.3225,35.435954],[133.323535,35.436449],[133.323661,35.43651],[133.324151,35.436746],[133.324313,35.436748],[133.32471,35.436753],[133.324301,35.437377],[133.324096,35.437426],[133.323913,35.43752],[133.323688,35.437438],[133.32344,35.437821]]]},"properties":{"code":"312020440","name":"花園町","kihon1":"0440"}},
{"type":"Feature","geometry":{"type":"Polygon","coordinates":[[[133.32795,35.430578],[133.327823,35.430622],[133.327285,35.430815],[133.326827,35.430979],[133.326562,35.43108],[133.326807,35.431428],[133.326672,35.431509],[133.326476,35.431626],[133.326252,35.431754],[133.326103,35.43184],[133.326013,35.431881],[133.325839,35.431954],[133.325646,35.432027],[133.325434,35.432066],[133.325358,35.431667],[133.325332,35.431513],[133.325284,35.431217],[133.325216,35.430999],[133.32501,35.431074],[133.324863,35.431128],[133.324744,35.430695],[133.324389,35.430761],[133.3243,35.430391],[133.32379,35.430482],[133.323632,35.43066],[133.323506,35.430825],[133.323356,35.430793],[133.323285,35.430777],[133.323224,35.430769],[133.323168,35.430769],[133.323088,35.430773],[133.322969,35.430793],[133.322887,35.430812],[133.322846,35.430828],[133.322834,35.43086],[133.322821,35.430922],[133.3224,35.430867],[133.322409,35.430817],[133.32122,35.430665],[133.321181,35.430638],[133.321155,35.430617],[133.320875,35.429455],[133.32085,35.42946],[133.320838,35.429406],[133.320863,35.429401],[133.320708,35.428758],[133.321924,35.428594],[133.322388,35.428557],[133.322368,35.428718],[133.322661,35.428755],[133.3227,35.428528],[133.322869,35.428514],[133.323435,35.428488],[133.324118,35.428561],[133.324723,35.428617],[133.324852,35.428077],[133.32502,35.428027],[133.325229,35.427989],[133.32543,35.427964],[133.325827,35.427916],[133.325989,35.427946],[133.32628,35.427757],[133.326735,35.427457],[133.326902,35.427676],[133.326992,35.427637],[133.327069,35.427734],[133.327214,35.427917],[133.327233,35.427941],[133.327096,35.428017],[133.327221,35.428185],[133.327074,35.428269],[133.327315,35.428466],[133.327457,35.428634],[133.327533,35.428721],[133.327471,35.428765],[133.327664,35.429009],[133.327904,35.428872],[133.327988,35.428942],[133.328307,35.429228],[133.327915,35.429529],[133.328047,35.429696],[133.328127,35.429788],[133.328284,35.429993],[133.328452,35.430227],[133.32795,35.430578]]]},"properties":{"code":"312020450","name":"西町","kihon1":"0450"}},
{"type":"Feature","geometry":{"type":"Polygon","coordinates":[[[133.322438,35.439431],[133.322321,35.439705],[133.322284,35.439796],[133.322193,35.43996],[133.322146,35.440132],[133.32213,35.440285],[133.322147,35.440612],[133.322207,35.440706],[133.322228,35.440739],[133.321934,35.44121],[133.321891,35.441276],[133.321856,35.441531],[133.321734,35.441494],[133.320834,35.441248],[133.320871,35.441051],[133.320794,35.440615],[133.320688,35.440565],[133.320453,35.440468],[133.320413,35.440423],[133.320402,35.440373],[133.320564,35.440097],[133.320658,35.439956],[133.320632,35.439842],[133.320652,35.439516],[133.32066,35.439412],[133.320812,35.439035],[133.321359,35.439187],[133.321589,35.43925],[133.322176,35.43943],[133.322438,35.439431]]]},"properties":{"code":"312020460","name":"三旗町","kihon1":"0460"}},
{"type":"Feature","geometry":{"type":"Polygon","coordinates":[[[133.326311,35.439936],[133.326123,35.440088],[133.326068,35.440128],[133.325647,35.440458],[133.325602,35.440251],[133.325314,35.440246],[133.325052,35.440249],[133.324631,35.440183],[133.324287,35.440095],[133.324141,35.440026],[133.323895,35.439801],[133.323302,35.439475],[133.323116,35.43946],[133.322777,35.439444],[133.322438,35.439431],[133.322176,35.43943],[133.321589,35.43925],[133.321359,35.439187],[133.321511,35.438492],[133.321544,35.438496],[133.321628,35.438364],[133.321871,35.437998],[133.322078,35.437677],[133.322357,35.437261],[133.322843,35.437511],[133.323188,35.437691],[133.32344,35.437821],[133.324938,35.43862],[133.325296,35.438846],[133.325381,35.438911],[133.326105,35.439463],[133.326311,35.439936]]]},"properties":{"code":"312020470","name":"義方町","kihon1":"0470"}},
{"type":"Feature","geometry":{"type":"Polygon","coordinates":[[[133.313057,35.43649],[133.313045,35.43644],[133.312837,35.436454],[133.312666,35.436493],[133.312659,35.436446],[133.311702,35.436555],[133.311271,35.436597],[133.309365,35.436716],[133.308368,35.436743],[133.308218,35.436662],[133.308202,35.436631],[133.308199,35.436622],[133.307745,35.435549],[133.307677,35.43539],[133.3075,35.434983],[133.307513,35.434929],[133.307482,35.434872],[133.310023,35.43416],[133.311484,35.433744],[133.311408,35.433562],[133.311462,35.433548],[133.312833,35.433161],[133.313499,35.432856],[133.31346,35.432801],[133.313639,35.432718],[133.313677,35.432771],[133.314627,35.432327],[133.314872,35.432207],[133.315113,35.43209],[133.315205,35.432047],[133.316608,35.431389],[133.316643,35.431375],[133.317213,35.432218],[133.317326,35.432172],[133.317656,35.432639],[133.317608,35.432667],[133.317824,35.432968],[133.31804,35.433259],[133.317105,35.433697],[133.317597,35.434446],[133.317221,35.434698],[133.316933,35.434894],[133.316622,35.435119],[133.316417,35.4352],[133.316175,35.435352],[133.316003,35.435473],[133.315845,35.435574],[133.315427,35.435852],[133.315124,35.436065],[133.315038,35.436111],[133.314969,35.436147],[133.31486,35.43618],[133.314568,35.436236],[133.314384,35.436274],[133.314162,35.436317],[133.31382,35.436358],[133.313561,35.436387],[133.313531,35.436446],[133.313057,35.43649]]]},"properties":{"code":"31202048100","name":"旗ヶ崎","kihon1":"0481"}},
{"type":"Feature","geometry":{"type":"Polygon","coordinates":[[[133.303559,35.436011],[133.303573,35.435979],[133.307191,35.434955],[133.307204,35.43499],[133.30721,35.435007],[133.307224,35.435026],[133.307236,35.435042],[133.307255,35.435086],[133.307985,35.436838],[133.307896,35.437032],[133.307232,35.437265],[133.306687,35.437459],[133.306569,35.437502],[133.306411,35.437559],[133.306304,35.437596],[133.306295,35.437599],[133.306251,35.437626],[133.306161,35.437677],[133.305953,35.437798],[133.305775,35.4379],[133.305559,35.438025],[133.305428,35.4381],[133.305265,35.438194],[133.305248,35.438257],[133.305258,35.43827],[133.305254,35.438273],[133.305158,35.438317],[133.304594,35.437482],[133.304343,35.437123],[133.304238,35.436949],[133.304128,35.436803],[133.303841,35.436428],[133.303609,35.436105],[133.303559,35.436011]]]},"properties":{"code":"31202048100","name":"旗ヶ崎","kihon1":"0481"}},
{"type":"Feature","geometry":{"type":"Polygon","coordinates":[[[133.320834,35.441248],[133.320557,35.441244],[133.320357,35.441256],[133.320158,35.441284],[133.320068,35.441298],[133.319987,35.441315],[133.319673,35.441385],[133.319562,35.441389],[133.319333,35.441323],[133.318424,35.441331],[133.318383,35.441329],[133.318378,35.441233],[133.318239,35.440875],[133.31802,35.440879],[133.317925,35.440855],[133.317835,35.440801],[133.317525,35.440345],[133.317328,35.439981],[133.317359,35.439966],[133.316994,35.439342],[133.316668,35.438838],[133.316539,35.438575],[133.317223,35.438197],[133.317426,35.43809],[133.317859,35.437865],[133.318019,35.437777],[133.318774,35.437386],[133.318798,35.437377],[133.319095,35.437218],[133.319554,35.436976],[133.319669,35.436915],[133.320194,35.436636],[133.320712,35.436361],[133.321323,35.436696],[133.322357,35.437261],[133.322078,35.437677],[133.321871,35.437998],[133.321628,35.438364],[133.321544,35.438496],[133.321511,35.438492],[133.321359,35.439187],[133.320812,35.439035],[133.32066,35.439412],[133.320652,35.439516],[133.320632,35.439842],[133.320658,35.439956],[133.320564,35.440097],[133.320402,35.440373],[133.320413,35.440423],[133.320453,35.440468],[133.320688,35.440565],[133.320794,35.440615],[133.320871,35.441051],[133.320834,35.441248]]]},"properties":{"code":"31202048101","name":"旗ヶ崎一丁目","kihon1":"0481"}},
{"type":"Feature","geometry":{"type":"Polygon","coordinates":[[[133.319007,35.435182],[133.31905,35.435212],[133.31965,35.435638],[133.319781,35.435743],[133.320421,35.436163],[133.320712,35.436361],[133.320194,35.436636],[133.319669,35.436915],[133.319554,35.436976],[133.319095,35.437218],[133.318798,35.437377],[133.318774,35.437386],[133.318019,35.437777],[133.317859,35.437865],[133.317426,35.43809],[133.317223,35.438197],[133.316539,35.438575],[133.316492,35.438596],[133.316185,35.43876],[133.316115,35.438794],[133.315762,35.438973],[133.315289,35.439229],[133.314954,35.439414],[133.314773,35.439512],[133.314559,35.439112],[133.314339,35.438709],[133.313997,35.43811],[133.313662,35.43751],[133.313409,35.437058],[133.313361,35.436972],[133.313632,35.43687],[133.313476,35.436556],[133.313531,35.436446],[133.313561,35.436387],[133.31382,35.436358],[133.314162,35.436317],[133.314384,35.436274],[133.314568,35.436236],[133.31486,35.43618],[133.314969,35.436147],[133.315038,35.436111],[133.315124,35.436065],[133.315427,35.435852],[133.315845,35.435574],[133.316003,35.435473],[133.316175,35.435352],[133.316417,35.4352],[133.316622,35.435119],[133.316933,35.434894],[133.317221,35.434698],[133.317597,35.434446],[133.317671,35.434554],[133.318227,35.434264],[133.319007,35.435182]]]},"properties":{"code":"31202048102","name":"旗ヶ崎二丁目","kihon1":"0481"}},
{"type":"Feature","geometry":{"type":"Polygon","coordinates":[[[133.316539,35.438575],[133.316668,35.438838],[133.316994,35.439342],[133.317359,35.439966],[133.317328,35.439981],[133.317525,35.440345],[133.317835,35.440801],[133.317925,35.440855],[133.31802,35.440879],[133.318239,35.440875],[133.318378,35.441233],[133.318383,35.441329],[133.318424,35.441331],[133.318468,35.441755],[133.31862,35.44224],[133.31862,35.442704],[133.318601,35.443047],[133.318572,35.443265],[133.318535,35.443507],[133.318479,35.443647],[133.318338,35.443858],[133.318169,35.444059],[133.318044,35.443927],[133.317963,35.443834],[133.317905,35.44378],[133.317735,35.443617],[133.317693,35.443588],[133.317473,35.443435],[133.317191,35.443237],[133.317108,35.443175],[133.316912,35.443027],[133.316682,35.442839],[133.316489,35.442626],[133.316134,35.442082],[133.315909,35.441663],[133.315754,35.441072],[133.315745,35.441043],[133.315738,35.441019],[133.315604,35.4405],[133.315507,35.440229],[133.315456,35.440134],[133.315277,35.439793],[133.315122,35.439586],[133.314954,35.439414],[133.315289,35.439229],[133.315762,35.438973],[133.316115,35.438794],[133.316185,35.43876],[133.316492,35.438596],[133.316539,35.438575]]]},"properties":{"code":"31202048103","name":"旗ヶ崎三丁目","kihon1":"0481"}},
{"type":"Feature","geometry":{"type":"Polygon","coordinates":[[[133.314954,35.439414],[133.315122,35.439586],[133.315277,35.439793],[133.315456,35.440134],[133.315507,35.440229],[133.315604,35.4405],[133.315738,35.441019],[133.315745,35.441043],[133.315754,35.441072],[133.315909,35.441663],[133.316134,35.442082],[133.316489,35.442626],[133.316456,35.442698],[133.316309,35.44302],[133.316062,35.44342],[133.315878,35.443673],[133.315784,35.443797],[133.315531,35.444158],[133.31484,35.444501],[133.314616,35.444141],[133.314285,35.443597],[133.314242,35.443536],[133.314241,35.443534],[133.314226,35.443514],[133.314015,35.443193],[133.313955,35.443111],[133.31358,35.442594],[133.313291,35.442169],[133.313135,35.441968],[133.312764,35.441596],[133.31265,35.441636],[133.311973,35.441071],[133.311767,35.440915],[133.311491,35.440673],[133.31193,35.440575],[133.31246,35.44045],[133.312923,35.440335],[133.312951,35.440328],[133.313288,35.440239],[133.313565,35.44013],[133.313972,35.439922],[133.314382,35.439722],[133.314773,35.439512],[133.314954,35.439414]]]},"properties":{"code":"31202048104","name":"旗ヶ崎四丁目","kihon1":"0481"}},
{"type":"Feature","geometry":{"type":"Polygon","coordinates":[[[133.311491,35.440673],[133.311767,35.440915],[133.311973,35.441071],[133.31265,35.441636],[133.312764,35.441596],[133.313135,35.441968],[133.313291,35.442169],[133.31358,35.442594],[133.313955,35.443111],[133.314015,35.443193],[133.314226,35.443514],[133.314241,35.443534],[133.314242,35.443536],[133.314285,35.443597],[133.314616,35.444141],[133.31484,35.444501],[133.314056,35.444876],[133.313407,35.445178],[133.313291,35.445283],[133.313129,35.445419],[133.312605,35.445731],[133.312394,35.445479],[133.312362,35.445442],[133.312212,35.44526],[133.312028,35.445031],[133.31182,35.44478],[133.311473,35.444208],[133.311244,35.443859],[133.311104,35.443628],[133.310897,35.443293],[133.310801,35.44311],[133.310774,35.443033],[133.310747,35.442893],[133.310731,35.44281],[133.310635,35.442126],[133.310562,35.441533],[133.31054,35.441292],[133.310494,35.440893],[133.31079,35.440832],[133.310977,35.440795],[133.311491,35.440673]]]},"properties":{"code":"31202048105","name":"旗ヶ崎五丁目","kihon1":"0481"}},
{"type":"Feature","geometry":{"type":"Polygon","coordinates":[[[133.313531,35.436446],[133.313476,35.436556],[133.313632,35.43687],[133.313361,35.436972],[133.313409,35.437058],[133.313662,35.43751],[133.313997,35.43811],[133.314339,35.438709],[133.314559,35.439112],[133.314773,35.439512],[133.314382,35.439722],[133.313972,35.439922],[133.313565,35.44013],[133.313288,35.440239],[133.312951,35.440328],[133.312923,35.440335],[133.31246,35.44045],[133.31193,35.440575],[133.311491,35.440673],[133.310977,35.440795],[133.31079,35.440832],[133.310494,35.440893],[133.310491,35.440873],[133.31028,35.4402],[133.310021,35.439363],[133.310589,35.439048],[133.310488,35.438822],[133.310382,35.438582],[133.310155,35.438126],[133.309492,35.436892],[133.311237,35.436786],[133.311244,35.436807],[133.311265,35.436806],[133.311264,35.436784],[133.31143,35.43677],[133.311436,35.436787],[133.311439,35.436787],[133.311458,35.436785],[133.311463,35.436767],[133.311771,35.436732],[133.311785,35.436749],[133.311796,35.436747],[133.311801,35.43673],[133.312578,35.436643],[133.312593,35.436658],[133.312606,35.436656],[133.312606,35.436639],[133.312782,35.436623],[133.312845,35.436589],[133.312866,35.436584],[133.313073,35.436559],[133.313057,35.43649],[133.313531,35.436446]]]},"properties":{"code":"31202048106","name":"旗ヶ崎六丁目","kihon1":"0481"}},
{"type":"Feature","geometry":{"type":"Polygon","coordinates":[[[133.309492,35.436892],[133.310155,35.438126],[133.310382,35.438582],[133.310488,35.438822],[133.310589,35.439048],[133.310021,35.439363],[133.31028,35.4402],[133.310491,35.440873],[133.309616,35.441066],[133.308849,35.44125],[133.307622,35.441523],[133.306565,35.441771],[133.306313,35.441003],[133.305874,35.439675],[133.305705,35.439103],[133.305669,35.439029],[133.305656,35.439004],[133.305263,35.438421],[133.305221,35.438411],[133.305158,35.438317],[133.305254,35.438273],[133.305258,35.43827],[133.3053,35.438327],[133.305543,35.438197],[133.305765,35.43808],[133.305798,35.438062],[133.305967,35.437973],[133.306108,35.437901],[133.306282,35.437812],[133.306437,35.437738],[133.30646,35.437729],[133.306966,35.43755],[133.306968,35.43755],[133.306984,35.437563],[133.307008,35.437555],[133.307009,35.437537],[133.307584,35.437331],[133.307675,35.437299],[133.308022,35.437183],[133.308135,35.437169],[133.308146,35.4372],[133.308183,35.437196],[133.308179,35.437164],[133.308265,35.437156],[133.308535,35.437128],[133.308949,35.437062],[133.309039,35.437042],[133.309069,35.437031],[133.309327,35.436912],[133.309355,35.436938],[133.309371,35.436929],[133.309366,35.436913],[133.309359,35.436899],[133.309492,35.436892]]]},"properties":{"code":"31202048107","name":"旗ヶ崎七丁目","kihon1":"0481"}},
{"type":"Feature","geometry":{"type":"Polygon","coordinates":[[[133.310731,35.44281],[133.310347,35.44283],[133.310273,35.442865],[133.310146,35.442906],[133.310119,35.442986],[133.310067,35.443066],[133.309927,35.443195],[133.309694,35.443334],[133.309477,35.443456],[133.309358,35.443523],[133.309433,35.443643],[133.309099,35.443664],[133.308861,35.443676],[133.307913,35.443658],[133.307895,35.443697],[133.307884,35.443736],[133.307886,35.443842],[133.307972,35.44418],[133.30804,35.444485],[133.307722,35.44452],[133.307669,35.44454],[133.307613,35.44462],[133.307572,35.444681],[133.307487,35.444733],[133.307367,35.444424],[133.307075,35.443487],[133.306875,35.442882],[133.306869,35.442844],[133.306901,35.442832],[133.306753,35.442392],[133.306565,35.441771],[133.307622,35.441523],[133.308849,35.44125],[133.309616,35.441066],[133.310491,35.440873],[133.310494,35.440893],[133.31054,35.441292],[133.310562,35.441533],[133.310635,35.442126],[133.310731,35.44281]]]},"properties":{"code":"31202048108","name":"旗ヶ崎八丁目","kihon1":"0481"}},
{"type":"Feature","geometry":{"type":"Polygon","coordinates":[[[133.312362,35.445442],[133.312032,35.445664],[133.31175,35.445838],[133.311486,35.446011],[133.311378,35.446078],[133.311134,35.446236],[133.311095,35.446259],[133.310922,35.446376],[133.310739,35.446492],[133.310259,35.446792],[133.309992,35.446915],[133.309984,35.446912],[133.309005,35.447284],[133.308924,35.447315],[133.308522,35.447461],[133.308283,35.446677],[133.308379,35.446642],[133.308503,35.446595],[133.308529,35.446581],[133.308291,35.44624],[133.307881,35.44553],[133.307757,35.445288],[133.307616,35.444991],[133.307487,35.444733],[133.307572,35.444681],[133.307613,35.44462],[133.307669,35.44454],[133.307722,35.44452],[133.30804,35.444485],[133.307972,35.44418],[133.307886,35.443842],[133.307884,35.443736],[133.307895,35.443697],[133.307913,35.443658],[133.308861,35.443676],[133.309099,35.443664],[133.309433,35.443643],[133.309358,35.443523],[133.309477,35.443456],[133.309694,35.443334],[133.309927,35.443195],[133.310067,35.443066],[133.310119,35.442986],[133.310146,35.442906],[133.310273,35.442865],[133.310347,35.44283],[133.310731,35.44281],[133.310747,35.442893],[133.310774,35.443033],[133.310801,35.44311],[133.310897,35.443293],[133.311104,35.443628],[133.311244,35.443859],[133.311473,35.444208],[133.31182,35.44478],[133.312028,35.445031],[133.312212,35.44526],[133.312362,35.445442]]]},"properties":{"code":"31202048109","name":"旗ヶ崎九丁目","kihon1":"0481"}},
{"type":"Feature","geometry":{"type":"Polygon","coordinates":[[[133.321734,35.441494],[133.321619,35.441717],[133.321492,35.441823],[133.321353,35.442005],[133.321265,35.442114],[133.321758,35.442212],[133.321784,35.442215],[133.321598,35.442407],[133.321392,35.442637],[133.32128,35.442763],[133.32112,35.442941],[133.320969,35.443102],[133.320564,35.44355],[133.320353,35.443791],[133.319306,35.444954],[133.3191,35.444817],[133.3188,35.44461],[133.31858,35.444442],[133.318489,35.444372],[133.318169,35.444059],[133.318338,35.443858],[133.318479,35.443647],[133.318535,35.443507],[133.318572,35.443265],[133.318601,35.443047],[133.31862,35.442704],[133.31862,35.44224],[133.318468,35.441755],[133.318424,35.441331],[133.319333,35.441323],[133.319562,35.441389],[133.319673,35.441385],[133.319987,35.441315],[133.320068,35.441298],[133.320158,35.441284],[133.320357,35.441256],[133.320557,35.441244],[133.320834,35.441248],[133.321734,35.441494]]]},"properties":{"code":"31202049001","name":"上後藤一丁目","kihon1":"0490"}},
{"type":"Feature","geometry":{"type":"Polygon","coordinates":[[[133.320431,35.446084],[133.320215,35.445978],[133.320077,35.445882],[133.319939,35.445733],[133.319306,35.444954],[133.320353,35.443791],[133.320564,35.44355],[133.320969,35.443102],[133.32112,35.442941],[133.32128,35.442763],[133.321392,35.442637],[133.321598,35.442407],[133.321784,35.442215],[133.322127,35.442261],[133.322127,35.442297],[133.322122,35.443162],[133.322115,35.443482],[133.322106,35.443996],[133.321999,35.444163],[133.321985,35.444431],[133.321877,35.444784],[133.322028,35.444815],[133.322,35.445636],[133.321601,35.44576],[133.321516,35.445774],[133.321277,35.445775],[133.321214,35.445762],[133.3208,35.445614],[133.320431,35.446084]]]},"properties":{"code":"31202049002","name":"上後藤二丁目","kihon1":"0490"}},
{"type":"Feature","geometry":{"type":"Polygon","coordinates":[[[133.322106,35.447058],[133.321158,35.447439],[133.32093,35.447524],[133.320711,35.447656],[133.320614,35.447714],[133.320552,35.44774],[133.320482,35.447755],[133.320415,35.447752],[133.320336,35.447748],[133.320261,35.447761],[133.320081,35.447832],[133.319318,35.448154],[133.318611,35.448426],[133.318417,35.448502],[133.318315,35.448541],[133.317912,35.448697],[133.317289,35.448936],[133.317037,35.448586],[133.316984,35.448512],[133.316292,35.447569],[133.316848,35.447126],[133.317206,35.446841],[133.317234,35.446818],[133.318191,35.446055],[133.31838,35.445904],[133.318684,35.445666],[133.318727,35.445634],[133.319306,35.444954],[133.319939,35.445733],[133.320077,35.445882],[133.320215,35.445978],[133.320431,35.446084],[133.320653,35.446186],[133.320909,35.446252],[133.32101,35.446278],[133.321168,35.44633],[133.321467,35.446485],[133.321559,35.446532],[133.321961,35.446748],[133.321999,35.446813],[133.322013,35.446843],[133.322106,35.447058]]]},"properties":{"code":"31202049003","name":"上後藤三丁目","kihon1":"0490"}},
{"type":"Feature","geometry":{"type":"Polygon","coordinates":[[[133.316489,35.442626],[133.316682,35.442839],[133.316912,35.443027],[133.317108,35.443175],[133.317191,35.443237],[133.317473,35.443435],[133.317693,35.443588],[133.317735,35.443617],[133.317905,35.44378],[133.317963,35.443834],[133.318044,35.443927],[133.318169,35.444059],[133.318489,35.444372],[133.31858,35.444442],[133.3188,35.44461],[133.3191,35.444817],[133.319306,35.444954],[133.318727,35.445634],[133.318684,35.445666],[133.31838,35.445904],[133.318191,35.446055],[133.317234,35.446818],[133.316958,35.446439],[133.316618,35.446232],[133.316515,35.446113],[133.315932,35.445682],[133.315423,35.444957],[133.315223,35.444689],[133.315198,35.444636],[133.315155,35.444606],[133.31484,35.444501],[133.315531,35.444158],[133.315784,35.443797],[133.315878,35.443673],[133.316062,35.44342],[133.316309,35.44302],[133.316456,35.442698],[133.316489,35.442626]]]},"properties":{"code":"31202049004","name":"上後藤四丁目","kihon1":"0490"}},
{"type":"Feature","geometry":{"type":"Polygon","coordinates":[[[133.31484,35.444501],[133.315155,35.444606],[133.315198,35.444636],[133.315223,35.444689],[133.315423,35.444957],[133.315932,35.445682],[133.316515,35.446113],[133.316618,35.446232],[133.316958,35.446439],[133.317234,35.446818],[133.317206,35.446841],[133.316848,35.447126],[133.316292,35.447569],[133.315667,35.448064],[133.315412,35.448263],[133.315098,35.448487],[133.314853,35.448253],[133.314635,35.448027],[133.314502,35.447864],[133.314258,35.447545],[133.314235,35.447516],[133.314143,35.447414],[133.313957,35.447226],[133.31354,35.446801],[133.313503,35.446758],[133.313224,35.446453],[133.312941,35.446138],[133.312917,35.446107],[133.312605,35.445731],[133.313129,35.445419],[133.313291,35.445283],[133.313407,35.445178],[133.314056,35.444876],[133.31484,35.444501]]]},"properties":{"code":"31202049005","name":"上後藤五丁目","kihon1":"0490"}},
{"type":"Feature","geometry":{"type":"Polygon","coordinates":[[[133.312605,35.445731],[133.312917,35.446107],[133.312941,35.446138],[133.313224,35.446453],[133.313503,35.446758],[133.31354,35.446801],[133.313957,35.447226],[133.314143,35.447414],[133.313713,35.447619],[133.313094,35.447916],[133.31303,35.447959],[133.31263,35.448193],[133.312549,35.448265],[133.312511,35.448342],[133.312521,35.448567],[133.312529,35.448623],[133.312479,35.448655],[133.312278,35.448745],[133.312026,35.448879],[133.311904,35.448932],[133.311697,35.449032],[133.311023,35.449382],[133.310532,35.448908],[133.310346,35.448729],[133.309753,35.448553],[133.309272,35.448368],[133.309056,35.448254],[133.308752,35.447838],[133.308522,35.447461],[133.308924,35.447315],[133.309005,35.447284],[133.309984,35.446912],[133.309992,35.446915],[133.310259,35.446792],[133.310739,35.446492],[133.310922,35.446376],[133.311095,35.446259],[133.311134,35.446236],[133.311378,35.446078],[133.311486,35.446011],[133.31175,35.445838],[133.312032,35.445664],[133.312362,35.445442],[133.312394,35.445479],[133.312605,35.445731]]]},"properties":{"code":"31202049006","name":"上後藤六丁目","kihon1":"0490"}},
{"type":"Feature","geometry":{"type":"Polygon","coordinates":[[[133.314143,35.447414],[133.314235,35.447516],[133.314258,35.447545],[133.314502,35.447864],[133.314635,35.448027],[133.314853,35.448253],[133.315098,35.448487],[133.314573,35.448935],[133.314358,35.449105],[133.313575,35.44972],[133.313529,35.449756],[133.313298,35.449933],[133.312369,35.450656],[133.312243,35.450762],[133.312261,35.450659],[133.312256,35.450639],[133.312213,35.450588],[133.311704,35.450094],[133.311695,35.450084],[133.311023,35.449382],[133.311697,35.449032],[133.311904,35.448932],[133.312026,35.448879],[133.312278,35.448745],[133.312479,35.448655],[133.312529,35.448623],[133.312521,35.448567],[133.312511,35.448342],[133.312549,35.448265],[133.31263,35.448193],[133.31303,35.447959],[133.313094,35.447916],[133.313713,35.447619],[133.314143,35.447414]]]},"properties":{"code":"31202049007","name":"上後藤七丁目","kihon1":"0490"}},
{"type":"Feature","geometry":{"type":"Polygon","coordinates":[[[133.316292,35.447569],[133.316984,35.448512],[133.317037,35.448586],[133.317289,35.448936],[133.316834,35.449103],[133.316562,35.449204],[133.31631,35.449305],[133.316187,35.449354],[133.315823,35.449502],[133.31542,35.449661],[133.314781,35.44991],[133.314695,35.449944],[133.314512,35.450019],[133.31445,35.450044],[133.313921,35.450251],[133.312059,35.450989],[133.312086,35.450932],[133.312145,35.450844],[133.312243,35.450762],[133.312369,35.450656],[133.313298,35.449933],[133.313529,35.449756],[133.313575,35.44972],[133.314358,35.449105],[133.314573,35.448935],[133.315098,35.448487],[133.315412,35.448263],[133.315667,35.448064],[133.316292,35.447569]]]},"properties":{"code":"31202049008","name":"上後藤八丁目","kihon1":"0490"}},
{"type":"Feature","geometry":{"type":"Polygon","coordinates":[[[133.311695,35.450084],[133.311347,35.450325],[133.311664,35.450603],[133.311511,35.450697],[133.31151,35.450739],[133.311625,35.450881],[133.311037,35.451142],[133.311011,35.451167],[133.311109,35.451351],[133.309336,35.452035],[133.309213,35.45208],[133.30849,35.452363],[133.307862,35.452603],[133.307715,35.452654],[133.307007,35.451562],[133.306885,35.451389],[133.306588,35.450942],[133.306301,35.451092],[133.305431,35.451519],[133.305142,35.451681],[133.304359,35.450714],[133.304206,35.450521],[133.303635,35.449711],[133.303522,35.449557],[133.303454,35.449552],[133.303208,35.449124],[133.303173,35.449127],[133.30313,35.449124],[133.30294,35.448877],[133.302418,35.44813],[133.302502,35.448087],[133.302408,35.448037],[133.302538,35.447806],[133.302714,35.447534],[133.302549,35.447354],[133.302201,35.447017],[133.302107,35.446921],[133.301465,35.446218],[133.301112,35.44584],[133.30087,35.445568],[133.300722,35.445371],[133.300553,35.444999],[133.300396,35.444627],[133.300277,35.444382],[133.300225,35.444244],[133.300003,35.443698],[133.300715,35.443464],[133.300907,35.443405],[133.300974,35.443355],[133.300975,35.443272],[133.30096,35.443126],[133.300945,35.443016],[133.301152,35.44297],[133.301321,35.442935],[133.301515,35.442897],[133.301522,35.44292],[133.301594,35.443187],[133.301842,35.443172],[133.302109,35.44317],[133.302092,35.443062],[133.302228,35.443045],[133.302316,35.443377],[133.302468,35.443367],[133.302429,35.443193],[133.302621,35.443204],[133.302706,35.443189],[133.302818,35.443084],[133.302874,35.443073],[133.303172,35.443095],[133.303134,35.442999],[133.303259,35.442954],[133.303328,35.443073],[133.303428,35.44302],[133.303612,35.442928],[133.303918,35.442769],[133.304144,35.442641],[133.304413,35.442499],[133.304681,35.442345],[133.304604,35.442209],[133.304801,35.442161],[133.305037,35.442108],[133.305037,35.442087],[133.304895,35.441831],[133.304657,35.441398],[133.304635,35.441352],[133.304602,35.441336],[133.304553,35.441333],[133.304048,35.441398],[133.303738,35.441446],[133.303651,35.441481],[133.303401,35.441592],[133.303097,35.441667],[133.302868,35.441718],[133.302663,35.441727],[133.302549,35.441728],[133.302458,35.441738],[133.302389,35.441767],[133.302278,35.441846],[133.302202,35.441901],[133.302116,35.441975],[133.302031,35.441996],[133.301878,35.442024],[133.301659,35.442067],[133.301512,35.442159],[133.301354,35.442246],[133.301187,35.442313],[133.301101,35.441953],[133.301008,35.441571],[133.30092,35.441189],[133.300779,35.440733],[133.300723,35.440479],[133.300665,35.440236],[133.300602,35.439949],[133.300577,35.439834],[133.30057,35.439801],[133.300435,35.439478],[133.300307,35.43922],[133.300129,35.438869],[133.299904,35.438438],[133.300293,35.438315],[133.300431,35.438514],[133.300791,35.438542],[133.300747,35.438597],[133.300773,35.438614],[133.301052,35.438315],[133.301061,35.438287],[133.301531,35.437993],[133.301561,35.437969],[133.301713,35.437926],[133.301848,35.43788],[133.302077,35.437739],[133.302434,35.437361],[133.302712,35.437014],[133.302895,35.436899],[133.30311,35.436575],[133.30337,35.436242],[133.303451,35.436136],[133.303559,35.436011],[133.303609,35.436105],[133.303841,35.436428],[133.304128,35.436803],[133.304238,35.436949],[133.304343,35.437123],[133.304594,35.437482],[133.305158,35.438317],[133.305221,35.438411],[133.305263,35.438421],[133.305656,35.439004],[133.305669,35.439029],[133.305705,35.439103],[133.305874,35.439675],[133.306313,35.441003],[133.306565,35.441771],[133.306753,35.442392],[133.306901,35.442832],[133.306869,35.442844],[133.306875,35.442882],[133.307075,35.443487],[133.307367,35.444424],[133.307487,35.444733],[133.307616,35.444991],[133.307757,35.445288],[133.307881,35.44553],[133.308291,35.44624],[133.308529,35.446581],[133.308503,35.446595],[133.308379,35.446642],[133.308283,35.446677],[133.308522,35.447461],[133.308752,35.447838],[133.309056,35.448254],[133.309272,35.448368],[133.309753,35.448553],[133.310346,35.448729],[133.310532,35.448908],[133.311023,35.449382],[133.311695,35.450084]]]},"properties":{"code":"312020500","name":"安倍","kihon1":"0500"}},
{"type":"Feature","geometry":{"type":"Polygon","coordinates":[[[133.356339,35.430062],[133.356256,35.430077],[133.355254,35.43025],[133.354096,35.430438],[133.353924,35.430466],[133.352148,35.430784],[133.351012,35.430979],[133.35064,35.43104],[133.349971,35.431164],[133.349537,35.431226],[133.349064,35.431288],[133.348419,35.431349],[133.348117,35.431364],[133.34772,35.431389],[133.347746,35.430714],[133.348213,35.429919],[133.348278,35.429768],[133.348457,35.429617],[133.348484,35.429545],[133.348847,35.429638],[133.348907,35.429488],[133.34884,35.42907],[133.349119,35.429025],[133.349116,35.429004],[133.349245,35.428995],[133.349435,35.428987],[133.349519,35.428966],[133.349646,35.428902],[133.34974,35.428821],[133.349878,35.428729],[133.350184,35.428539],[133.350307,35.428431],[133.350458,35.428353],[133.350483,35.428339],[133.350721,35.428177],[133.35082,35.428141],[133.351504,35.428152],[133.35188,35.428167],[133.352058,35.428048],[133.352115,35.427953],[133.352192,35.427801],[133.352253,35.42764],[133.352295,35.427544],[133.352337,35.427435],[133.35236,35.427397],[133.352402,35.427312],[133.352503,35.427222],[133.35255,35.427189],[133.352697,35.427057],[133.352754,35.42702],[133.352875,35.426901],[133.353368,35.426341],[133.353489,35.426184],[133.353491,35.426177],[133.353621,35.426227],[133.353623,35.426229],[133.353779,35.426281],[133.354545,35.426592],[133.354595,35.426614],[133.354683,35.426436],[133.355142,35.426252],[133.355391,35.426232],[133.355709,35.42609],[133.355972,35.426053],[133.356158,35.426068],[133.356177,35.426067],[133.356217,35.426376],[133.356285,35.426897],[133.356379,35.427617],[133.356196,35.42769],[133.356227,35.428292],[133.356244,35.428493],[133.356242,35.428496],[133.356305,35.429436],[133.356302,35.429439],[133.356339,35.430062]]]},"properties":{"code":"31202051100","name":"車尾","kihon1":"0511"}},
{"type":"Feature","geometry":{"type":"Polygon","coordinates":[[[133.35064,35.43104],[133.350366,35.431456],[133.350174,35.431734],[133.350002,35.432045],[133.34999,35.432064],[133.349893,35.432225],[133.349642,35.432475],[133.349447,35.432667],[133.349181,35.432925],[133.349093,35.433004],[133.348577,35.433509],[133.348406,35.433667],[133.348294,35.433774],[133.348287,35.433781],[133.348225,35.433842],[133.347445,35.433606],[133.347522,35.433394],[133.347524,35.433169],[133.347524,35.432992],[133.347521,35.432938],[133.347506,35.432727],[133.347727,35.432088],[133.34754,35.432057],[133.347605,35.431845],[133.347675,35.431605],[133.347669,35.431516],[133.347649,35.431477],[133.347581,35.431389],[133.34772,35.431389],[133.348117,35.431364],[133.348419,35.431349],[133.349064,35.431288],[133.349537,35.431226],[133.349971,35.431164],[133.35064,35.43104]]]},"properties":{"code":"31202051101","name":"車尾一丁目","kihon1":"0511"}},
{"type":"Feature","geometry":{"type":"Polygon","coordinates":[[[133.358581,35.432852],[133.35855,35.432856],[133.358464,35.432871],[133.358417,35.432873],[133.358348,35.43288],[133.358303,35.432883],[133.358231,35.432885],[133.35813,35.432888],[133.35806,35.43289],[133.357849,35.432891],[133.357827,35.432891],[133.35768,35.432888],[133.357503,35.432877],[133.357325,35.432868],[133.357095,35.432855],[133.35692,35.432846],[133.356565,35.432823],[133.356559,35.432823],[133.356027,35.432788],[133.355745,35.432771],[133.355642,35.432765],[133.35444,35.432698],[133.353871,35.432669],[133.353837,35.432667],[133.353685,35.432658],[133.353532,35.432655],[133.353415,35.432651],[133.353307,35.432648],[133.353213,35.432651],[133.353141,35.432656],[133.35296,35.432674],[133.352859,35.432692],[133.352781,35.432708],[133.35273,35.432719],[133.352636,35.43275],[133.352562,35.43277],[133.352498,35.432798],[133.352452,35.432818],[133.35238,35.432851],[133.352318,35.432883],[133.35228,35.432902],[133.352188,35.432951],[133.352043,35.433025],[133.352008,35.433049],[133.351743,35.433192],[133.351461,35.433347],[133.35131,35.433428],[133.351282,35.433453],[133.351273,35.433451],[133.351119,35.433424],[133.351059,35.43341],[133.350752,35.433335],[133.350154,35.433168],[133.349474,35.43307],[133.349181,35.432925],[133.349447,35.432667],[133.349642,35.432475],[133.349893,35.432225],[133.34999,35.432064],[133.350002,35.432045],[133.350174,35.431734],[133.350366,35.431456],[133.35064,35.43104],[133.351012,35.430979],[133.352148,35.430784],[133.353924,35.430466],[133.354096,35.430438],[133.355254,35.43025],[133.356256,35.430077],[133.356339,35.430062],[133.356425,35.430047],[133.357807,35.429815],[133.357887,35.429802],[133.357873,35.429893],[133.357744,35.430216],[133.357705,35.430511],[133.357629,35.430932],[133.357647,35.431314],[133.35772,35.431306],[133.357806,35.431728],[133.357879,35.43191],[133.35811,35.432209],[133.358528,35.432773],[133.358581,35.432852]]]},"properties":{"code":"31202051102","name":"車尾二丁目","kihon1":"0511"}},
{"type":"Feature","geometry":{"type":"Polygon","coordinates":[[[133.359347,35.434934],[133.358652,35.434915],[133.35718,35.434604],[133.357126,35.43464],[133.355914,35.43545],[133.355868,35.43548],[133.355478,35.435046],[133.355113,35.434639],[133.354831,35.434326],[133.355032,35.43417],[133.355052,35.434128],[133.355062,35.43407],[133.355054,35.434039],[133.35499,35.433974],[133.354801,35.433895],[133.35452,35.433834],[133.354169,35.433784],[133.353636,35.433725],[133.353306,35.433706],[133.352854,35.433667],[133.352179,35.433588],[133.352159,35.433592],[133.352123,35.433599],[133.351282,35.433453],[133.35131,35.433428],[133.351461,35.433347],[133.351743,35.433192],[133.352008,35.433049],[133.352043,35.433025],[133.352188,35.432951],[133.35228,35.432902],[133.352318,35.432883],[133.35238,35.432851],[133.352452,35.432818],[133.352498,35.432798],[133.352562,35.43277],[133.352636,35.43275],[133.35273,35.432719],[133.352781,35.432708],[133.352859,35.432692],[133.35296,35.432674],[133.353141,35.432656],[133.353213,35.432651],[133.353307,35.432648],[133.353415,35.432651],[133.353532,35.432655],[133.353685,35.432658],[133.353837,35.432667],[133.353871,35.432669],[133.35444,35.432698],[133.355642,35.432765],[133.355745,35.432771],[133.356027,35.432788],[133.356559,35.432823],[133.356565,35.432823],[133.35692,35.432846],[133.357095,35.432855],[133.357325,35.432868],[133.357503,35.432877],[133.35768,35.432888],[133.357827,35.432891],[133.357849,35.432891],[133.35806,35.43289],[133.35813,35.432888],[133.358231,35.432885],[133.358303,35.432883],[133.358348,35.43288],[133.358417,35.432873],[133.358464,35.432871],[133.35855,35.432856],[133.358581,35.432852],[133.35898,35.43344],[133.359244,35.433829],[133.359282,35.433951],[133.359286,35.434086],[133.359291,35.434089],[133.359289,35.434106],[133.35926,35.434458],[133.359347,35.434934]]]},"properties":{"code":"31202051103","name":"車尾三丁目","kihon1":"0511"}},
{"type":"Feature","geometry":{"type":"Polygon","coordinates":[[[133.361871,35.432004],[133.361945,35.432309],[133.362035,35.432756],[133.362142,35.433293],[133.362191,35.433536],[133.362203,35.433597],[133.362204,35.433602],[133.36248,35.434988],[133.362586,35.435555],[133.362627,35.435861],[133.362672,35.43607],[133.36242,35.436358],[133.362061,35.43681],[133.361186,35.436384],[133.359886,35.435774],[133.359608,35.435547],[133.359595,35.435449],[133.359592,35.435411],[133.359347,35.434934],[133.35926,35.434458],[133.359289,35.434106],[133.359291,35.434089],[133.359286,35.434086],[133.359282,35.433951],[133.359244,35.433829],[133.35898,35.43344],[133.358581,35.432852],[133.358643,35.432845],[133.358735,35.432825],[133.358847,35.432805],[133.358949,35.432788],[133.35902,35.432776],[133.359088,35.432763],[133.359151,35.43275],[133.359237,35.432726],[133.35931,35.432708],[133.359311,35.43271],[133.359315,35.432707],[133.359728,35.432586],[133.360524,35.432353],[133.361373,35.432105],[133.361871,35.432004]]]},"properties":{"code":"31202051104","name":"車尾四丁目","kihon1":"0511"}},
{"type":"Feature","geometry":{"type":"Polygon","coordinates":[[[133.361871,35.432004],[133.361373,35.432105],[133.360524,35.432353],[133.359728,35.432586],[133.359315,35.432707],[133.359311,35.43271],[133.35931,35.432708],[133.359237,35.432726],[133.359151,35.43275],[133.359088,35.432763],[133.35902,35.432776],[133.358949,35.432788],[133.358847,35.432805],[133.358735,35.432825],[133.358643,35.432845],[133.358581,35.432852],[133.358528,35.432773],[133.35811,35.432209],[133.357879,35.43191],[133.357806,35.431728],[133.35772,35.431306],[133.357647,35.431314],[133.357629,35.430932],[133.357705,35.430511],[133.357744,35.430216],[133.357873,35.429893],[133.357887,35.429802],[133.358821,35.429641],[133.359935,35.429452],[133.359956,35.429449],[133.361158,35.429251],[133.361235,35.429239],[133.36132,35.429224],[133.36132,35.429226],[133.361371,35.429454],[133.361424,35.429667],[133.361486,35.429907],[133.361616,35.430403],[133.361688,35.430679],[133.36172,35.430823],[133.361726,35.430848],[133.36176,35.430997],[133.361803,35.431192],[133.361851,35.431412],[133.361912,35.431626],[133.361911,35.431627],[133.361961,35.431985],[133.361871,35.432004]]]},"properties":{"code":"31202051105","name":"車尾五丁目","kihon1":"0511"}},
{"type":"Feature","geometry":{"type":"Polygon","coordinates":[[[133.366129,35.428378],[133.366136,35.428419],[133.36618,35.428699],[133.366233,35.428945],[133.366317,35.429366],[133.366396,35.429822],[133.366401,35.42985],[133.366486,35.43016],[133.366568,35.430799],[133.36658,35.430854],[133.366588,35.430893],[133.366652,35.431183],[133.366671,35.431266],[133.362806,35.431856],[133.361961,35.431985],[133.361911,35.431627],[133.361912,35.431626],[133.361851,35.431412],[133.361803,35.431192],[133.36176,35.430997],[133.361726,35.430848],[133.36172,35.430823],[133.361688,35.430679],[133.361616,35.430403],[133.361486,35.429907],[133.361424,35.429667],[133.361371,35.429454],[133.36132,35.429226],[133.36132,35.429224],[133.362159,35.429074],[133.362586,35.428997],[133.362855,35.42895],[133.366128,35.428377],[133.366129,35.428378]]]},"properties":{"code":"31202051106","name":"車尾六丁目","kihon1":"0511"}},
{"type":"Feature","geometry":{"type":"Polygon","coordinates":[[[133.367634,35.436051],[133.365295,35.436555],[133.364469,35.43678],[133.364087,35.436051],[133.364076,35.436042],[133.363882,35.436067],[133.363663,35.436111],[133.362815,35.43613],[133.362672,35.43607],[133.362627,35.435861],[133.362586,35.435555],[133.36248,35.434988],[133.362204,35.433602],[133.362203,35.433597],[133.362191,35.433536],[133.362142,35.433293],[133.362035,35.432756],[133.361945,35.432309],[133.361871,35.432004],[133.361961,35.431985],[133.362806,35.431856],[133.366671,35.431266],[133.36678,35.431747],[133.366931,35.432542],[133.367077,35.433199],[133.367231,35.433986],[133.367297,35.434324],[133.367316,35.434421],[133.367385,35.434773],[133.367468,35.435229],[133.367634,35.436051]]]},"properties":{"code":"31202051107","name":"車尾七丁目","kihon1":"0511"}},
{"type":"Feature","geometry":{"type":"Polygon","coordinates":[[[133.356177,35.426067],[133.356158,35.426068],[133.355972,35.426053],[133.355709,35.42609],[133.355391,35.426232],[133.355142,35.426252],[133.354683,35.426436],[133.354595,35.426614],[133.354545,35.426592],[133.353779,35.426281],[133.353623,35.426229],[133.353621,35.426227],[133.353491,35.426177],[133.353561,35.42595],[133.353537,35.42563],[133.353524,35.425492],[133.353481,35.425316],[133.353415,35.425063],[133.353375,35.42491],[133.353392,35.424856],[133.353721,35.424645],[133.354024,35.424512],[133.354143,35.424394],[133.354292,35.424153],[133.354362,35.424007],[133.354427,35.423858],[133.354471,35.423768],[133.354509,35.423728],[133.354579,35.42369],[133.354676,35.423664],[133.354777,35.42364],[133.354862,35.423594],[133.354878,35.423552],[133.354904,35.423485],[133.354935,35.423426],[133.355008,35.423334],[133.355034,35.423259],[133.355064,35.423174],[133.355002,35.423044],[133.355014,35.422835],[133.355126,35.422701],[133.355481,35.422573],[133.355637,35.422496],[133.355764,35.422432],[133.355829,35.422371],[133.355869,35.422178],[133.355871,35.422051],[133.355774,35.421552],[133.355779,35.421481],[133.355801,35.421417],[133.355845,35.421344],[133.355921,35.421263],[133.356171,35.421059],[133.356246,35.42095],[133.356298,35.420805],[133.356314,35.420688],[133.356348,35.420439],[133.356434,35.42007],[133.356581,35.41981],[133.356701,35.419633],[133.356843,35.419467],[133.356946,35.419406],[133.357266,35.419194],[133.357368,35.419088],[133.357502,35.418886],[133.357586,35.418729],[133.357683,35.418382],[133.357734,35.418178],[133.357828,35.418034],[133.357912,35.417948],[133.358052,35.417857],[133.358267,35.417806],[133.358748,35.417846],[133.358949,35.417867],[133.35921,35.417901],[133.359437,35.417947],[133.35976,35.418013],[133.360027,35.418073],[133.360257,35.418109],[133.360423,35.41813],[133.36056,35.418132],[133.360626,35.418124],[133.360592,35.418056],[133.360512,35.417899],[133.360451,35.417768],[133.360459,35.417656],[133.36059,35.417529],[133.360828,35.417321],[133.360976,35.417174],[133.361067,35.417061],[133.361098,35.416977],[133.361089,35.416885],[133.361034,35.416806],[133.360954,35.416744],[133.360849,35.416679],[133.360792,35.41664],[133.360738,35.41657],[133.360705,35.416508],[133.360686,35.416363],[133.360729,35.416195],[133.360914,35.415951],[133.361612,35.415295],[133.361731,35.41522],[133.361904,35.41518],[133.362066,35.415181],[133.36239,35.415482],[133.362623,35.415722],[133.362985,35.416013],[133.363156,35.416191],[133.36342,35.416489],[133.363605,35.416763],[133.363753,35.417058],[133.363897,35.417353],[133.364048,35.417819],[133.364154,35.418306],[133.364181,35.418748],[133.364152,35.418938],[133.364117,35.419065],[133.366644,35.419112],[133.366539,35.419701],[133.366427,35.420602],[133.366379,35.421405],[133.366363,35.421769],[133.366327,35.422951],[133.366317,35.423105],[133.363558,35.423297],[133.363555,35.4232],[133.363517,35.422062],[133.363503,35.421633],[133.362739,35.421892],[133.36257,35.421932],[133.362433,35.421951],[133.362253,35.421919],[133.362135,35.421862],[133.362063,35.421793],[133.361975,35.421708],[133.361892,35.421591],[133.361769,35.42147],[133.361666,35.421429],[133.361473,35.421404],[133.361136,35.421387],[133.360986,35.42138],[133.360643,35.421387],[133.360552,35.421394],[133.359929,35.421438],[133.359027,35.421502],[133.35757,35.42157],[133.357492,35.421574],[133.357345,35.421618],[133.357146,35.421778],[133.356947,35.421978],[133.356641,35.422294],[133.356503,35.422474],[133.356405,35.422647],[133.356241,35.422852],[133.356174,35.422959],[133.356177,35.423569],[133.356134,35.423569],[133.356135,35.423571],[133.356151,35.42375],[133.356155,35.423855],[133.356152,35.42391],[133.356128,35.423963],[133.356102,35.424013],[133.356055,35.42403],[133.355941,35.42406],[133.355776,35.424101],[133.355603,35.424142],[133.355544,35.42416],[133.355448,35.424179],[133.355409,35.424189],[133.355371,35.424203],[133.355311,35.424232],[133.355264,35.424259],[133.355225,35.424288],[133.355199,35.42432],[133.355173,35.424353],[133.355136,35.424412],[133.355065,35.424536],[133.355021,35.424614],[133.354968,35.4247],[133.354934,35.42476],[133.354892,35.4248],[133.354855,35.424852],[133.354798,35.424905],[133.35472,35.424972],[133.35459,35.42507],[133.354504,35.425134],[133.354411,35.425207],[133.354361,35.425247],[133.354325,35.425287],[133.354286,35.425331],[133.354244,35.425385],[133.354207,35.425458],[133.354191,35.425507],[133.354183,35.425536],[133.354182,35.425583],[133.354173,35.425703],[133.354333,35.425717],[133.354466,35.425728],[133.356159,35.425904],[133.356177,35.426067]]]},"properties":{"code":"312020520","name":"観音寺","kihon1":"0520"}},
{"type":"Feature","geometry":{"type":"Polygon","coordinates":[[[133.348499,35.434986],[133.34861,35.434937],[133.349088,35.434674],[133.349134,35.434648],[133.349258,35.43477],[133.350828,35.435134],[133.350842,35.435137],[133.351511,35.435299],[133.35183,35.435376],[133.352062,35.435458],[133.352325,35.435613],[133.352581,35.435678],[133.35322,35.435828],[133.353631,35.435924],[133.35402,35.436308],[133.354257,35.436542],[133.353651,35.436941],[133.353552,35.437003],[133.352805,35.4375],[133.351657,35.43826],[133.350711,35.438887],[133.350286,35.439169],[133.349248,35.43943],[133.349198,35.439094],[133.34904,35.438216],[133.348814,35.436917],[133.348648,35.435944],[133.348618,35.435771],[133.348609,35.435706],[133.348499,35.434986]]]},"properties":{"code":"31202053101","name":"中島一丁目","kihon1":"0531"}},
{"type":"Feature","geometry":{"type":"Polygon","coordinates":[[[133.351282,35.433453],[133.352123,35.433599],[133.352159,35.433592],[133.352179,35.433588],[133.352854,35.433667],[133.353306,35.433706],[133.353636,35.433725],[133.354169,35.433784],[133.35452,35.433834],[133.354801,35.433895],[133.35499,35.433974],[133.355054,35.434039],[133.355062,35.43407],[133.355052,35.434128],[133.355032,35.43417],[133.354831,35.434326],[133.355113,35.434639],[133.355478,35.435046],[133.355868,35.43548],[133.355177,35.435958],[133.354257,35.436542],[133.35402,35.436308],[133.353631,35.435924],[133.35322,35.435828],[133.352581,35.435678],[133.352325,35.435613],[133.352062,35.435458],[133.35183,35.435376],[133.351511,35.435299],[133.350842,35.435137],[133.350828,35.435134],[133.349258,35.43477],[133.349134,35.434648],[133.349088,35.434674],[133.34861,35.434937],[133.348499,35.434986],[133.348487,35.434908],[133.3483,35.433863],[133.348287,35.433781],[133.348294,35.433774],[133.348406,35.433667],[133.348577,35.433509],[133.349093,35.433004],[133.349181,35.432925],[133.349474,35.43307],[133.350154,35.433168],[133.350752,35.433335],[133.351059,35.43341],[133.351119,35.433424],[133.351273,35.433451],[133.351282,35.433453]]]},"properties":{"code":"31202053102","name":"中島二丁目","kihon1":"0531"}},
{"type":"Feature","geometry":{"type":"Polygon","coordinates":[[[133.325816,35.44149],[133.325316,35.441588],[133.325301,35.441591],[133.325046,35.441652],[133.324736,35.441728],[133.32453,35.441725],[133.324507,35.441727],[133.324232,35.441746],[133.323461,35.441762],[133.323457,35.441542],[133.32356,35.441212],[133.323311,35.441142],[133.322849,35.441],[133.32279,35.440976],[133.322228,35.440739],[133.322207,35.440706],[133.322147,35.440612],[133.32213,35.440285],[133.322146,35.440132],[133.322193,35.43996],[133.322284,35.439796],[133.322321,35.439705],[133.322438,35.439431],[133.322777,35.439444],[133.323116,35.43946],[133.323302,35.439475],[133.323895,35.439801],[133.324141,35.440026],[133.324287,35.440095],[133.324631,35.440183],[133.325052,35.440249],[133.325314,35.440246],[133.325602,35.440251],[133.325647,35.440458],[133.326068,35.440128],[133.326123,35.440088],[133.326311,35.439936],[133.326858,35.441216],[133.326233,35.441366],[133.32609,35.44139],[133.325806,35.441412],[133.325816,35.44149]]]},"properties":{"code":"31202054101","name":"三本松一丁目","kihon1":"0541"}},
{"type":"Feature","geometry":{"type":"Polygon","coordinates":[[[133.325772,35.442749],[133.325672,35.442768],[133.325486,35.442799],[133.325177,35.44286],[133.324603,35.442978],[133.324579,35.442983],[133.324169,35.443065],[133.323775,35.443142],[133.323521,35.443197],[133.323257,35.443253],[133.32324,35.44332],[133.323205,35.443528],[133.32272,35.443498],[133.322418,35.44388],[133.322421,35.443997],[133.322106,35.443996],[133.322115,35.443482],[133.322122,35.443162],[133.322127,35.442297],[133.322127,35.442261],[133.321784,35.442215],[133.321758,35.442212],[133.321265,35.442114],[133.321353,35.442005],[133.321492,35.441823],[133.321619,35.441717],[133.321734,35.441494],[133.321856,35.441531],[133.321891,35.441276],[133.321934,35.44121],[133.322228,35.440739],[133.32279,35.440976],[133.322849,35.441],[133.323311,35.441142],[133.32356,35.441212],[133.323457,35.441542],[133.323461,35.441762],[133.324232,35.441746],[133.324507,35.441727],[133.32453,35.441725],[133.324736,35.441728],[133.325046,35.441652],[133.325301,35.441591],[133.325316,35.441588],[133.325816,35.44149],[133.325847,35.441834],[133.325841,35.442593],[133.325771,35.442727],[133.325772,35.442749]]]},"properties":{"code":"31202054102","name":"三本松二丁目","kihon1":"0541"}},
{"type":"Feature","geometry":{"type":"Polygon","coordinates":[[[133.325828,35.44427],[133.325558,35.444362],[133.325388,35.444426],[133.325153,35.444514],[133.3246,35.44474],[133.324064,35.444962],[133.323552,35.445159],[133.323012,35.445328],[133.322457,35.445496],[133.322357,35.445521],[133.322,35.445636],[133.322028,35.444815],[133.321877,35.444784],[133.321985,35.444431],[133.321999,35.444163],[133.322106,35.443996],[133.322421,35.443997],[133.322418,35.44388],[133.32272,35.443498],[133.323205,35.443528],[133.32324,35.44332],[133.323257,35.443253],[133.323521,35.443197],[133.323775,35.443142],[133.324169,35.443065],[133.324579,35.442983],[133.324603,35.442978],[133.325177,35.44286],[133.325486,35.442799],[133.325672,35.442768],[133.325772,35.442749],[133.325776,35.442772],[133.325821,35.443339],[133.325828,35.44427]]]},"properties":{"code":"31202054103","name":"三本松三丁目","kihon1":"0541"}},
{"type":"Feature","geometry":{"type":"Polygon","coordinates":[[[133.32582,35.445595],[133.325561,35.445714],[133.324191,35.446276],[133.322779,35.446836],[133.322749,35.44685],[133.322655,35.446886],[133.322125,35.447103],[133.322106,35.447058],[133.322013,35.446843],[133.321999,35.446813],[133.321961,35.446748],[133.321559,35.446532],[133.321467,35.446485],[133.321168,35.44633],[133.32101,35.446278],[133.320909,35.446252],[133.320653,35.446186],[133.320431,35.446084],[133.3208,35.445614],[133.321214,35.445762],[133.321277,35.445775],[133.321516,35.445774],[133.321601,35.44576],[133.322,35.445636],[133.322357,35.445521],[133.322457,35.445496],[133.323012,35.445328],[133.323552,35.445159],[133.324064,35.444962],[133.3246,35.44474],[133.325153,35.444514],[133.325388,35.444426],[133.325558,35.444362],[133.325828,35.44427],[133.325821,35.444495],[133.325819,35.444557],[133.32581,35.445178],[133.32582,35.445595]]]},"properties":{"code":"31202054104","name":"三本松四丁目","kihon1":"0541"}},
{"type":"Feature","geometry":{"type":"Polygon","coordinates":[[[133.341253,35.462275],[133.339814,35.462611],[133.339852,35.462702],[133.33994,35.462964],[133.340155,35.463135],[133.340095,35.463182],[133.339868,35.462998],[133.339888,35.462976],[133.33979,35.462702],[133.339746,35.46259],[133.339321,35.462698],[133.339032,35.462765],[133.338833,35.462821],[133.338822,35.462834],[133.338822,35.462856],[133.338845,35.462917],[133.338891,35.463004],[133.338901,35.463046],[133.338904,35.463067],[133.338901,35.463085],[133.338889,35.463108],[133.338866,35.463116],[133.338846,35.463116],[133.338817,35.463092],[133.338778,35.463032],[133.338747,35.462966],[133.338711,35.462839],[133.338283,35.462934],[133.338231,35.462951],[133.338216,35.462965],[133.338203,35.46299],[133.338204,35.463008],[133.33825,35.463147],[133.338256,35.463195],[133.338253,35.463214],[133.33825,35.463223],[133.338239,35.463241],[133.338229,35.463248],[133.338211,35.463251],[133.338198,35.463247],[133.338183,35.463235],[133.33814,35.46318],[133.338084,35.463049],[133.338063,35.463021],[133.338058,35.463016],[133.338038,35.463009],[133.337986,35.463012],[133.337584,35.463112],[133.337566,35.463123],[133.337561,35.463133],[133.337563,35.463163],[133.33762,35.463326],[133.337621,35.463357],[133.337617,35.463387],[133.337611,35.463401],[133.337595,35.463409],[133.337581,35.463408],[133.337565,35.463403],[133.337543,35.463386],[133.337532,35.463373],[133.337518,35.463353],[133.337456,35.463185],[133.337438,35.463176],[133.337402,35.463176],[133.337369,35.46318],[133.337164,35.46323],[133.336994,35.463262],[133.336966,35.463272],[133.336949,35.463285],[133.336936,35.463301],[133.336936,35.46331],[133.336937,35.463326],[133.336984,35.463511],[133.336985,35.463536],[133.336975,35.463549],[133.336941,35.463559],[133.336923,35.463558],[133.336892,35.463541],[133.336876,35.463522],[133.336861,35.463494],[133.336815,35.463324],[133.336802,35.463316],[133.336781,35.463315],[133.336589,35.463362],[133.336496,35.463376],[133.336443,35.463375],[133.336377,35.463368],[133.336335,35.463356],[133.336294,35.463337],[133.336271,35.463321],[133.336246,35.463298],[133.336222,35.463266],[133.336165,35.463143],[133.336138,35.463056],[133.336134,35.463044],[133.336127,35.463038],[133.336078,35.463],[133.336075,35.462991],[133.336074,35.462944],[133.336063,35.462943],[133.336062,35.46294],[133.336058,35.462935],[133.336051,35.462931],[133.336048,35.46293],[133.33604,35.46293],[133.336036,35.462931],[133.336029,35.462935],[133.336025,35.46294],[133.336006,35.462999],[133.336006,35.463005],[133.336006,35.463008],[133.336007,35.46302],[133.336017,35.463032],[133.336023,35.463039],[133.336064,35.463073],[133.336063,35.463083],[133.336055,35.463088],[133.335965,35.463124],[133.335884,35.463151],[133.335717,35.463217],[133.335476,35.463316],[133.335181,35.463428],[133.334961,35.463531],[133.334854,35.463601],[133.334783,35.463657],[133.334733,35.463713],[133.334595,35.463938],[133.334497,35.464118],[133.334427,35.464273],[133.334395,35.464383],[133.334358,35.46446],[133.334342,35.464474],[133.334329,35.464475],[133.334313,35.464471],[133.334295,35.464461],[133.334168,35.464294],[133.334037,35.464162],[133.333964,35.464114],[133.333677,35.463975],[133.333497,35.463924],[133.333425,35.463907],[133.33337,35.463901],[133.333277,35.463895],[133.333181,35.463902],[133.333005,35.463929],[133.333021,35.46397],[133.33309,35.463989],[133.333184,35.464204],[133.333067,35.464246],[133.333044,35.46425],[133.33302,35.464252],[133.333,35.464248],[133.332989,35.464239],[133.33297,35.464197],[133.332921,35.464063],[133.332912,35.464037],[133.33288,35.463943],[133.332858,35.463899],[133.332776,35.463884],[133.332748,35.463881],[133.332648,35.463882],[133.332541,35.4639],[133.332477,35.463918],[133.332366,35.463959],[133.332314,35.463981],[133.332283,35.463992],[133.33223,35.464023],[133.332178,35.464067],[133.332171,35.46408],[133.332334,35.464404],[133.332175,35.464457],[133.332162,35.464454],[133.33215,35.464448],[133.332088,35.464328],[133.332074,35.464283],[133.332076,35.46423],[133.332038,35.46413],[133.33207,35.464104],[133.332052,35.464051],[133.332003,35.464043],[133.331935,35.464039],[133.331828,35.464043],[133.331787,35.464049],[133.331703,35.464067],[133.331592,35.464097],[133.331518,35.464121],[133.331443,35.464157],[133.331388,35.464188],[133.331283,35.464277],[133.331291,35.4643],[133.331324,35.464293],[133.331455,35.464545],[133.331507,35.46468],[133.33135,35.46472],[133.331329,35.464721],[133.331316,35.464717],[133.331309,35.464712],[133.331185,35.464366],[133.331185,35.464348],[133.331227,35.464317],[133.331197,35.464244],[133.331131,35.46423],[133.331096,35.464227],[133.331046,35.464234],[133.33075,35.464306],[133.330734,35.464311],[133.330528,35.464377],[133.330469,35.464407],[133.33043,35.464435],[133.330431,35.46445],[133.330485,35.464575],[133.33051,35.464576],[133.330521,35.464581],[133.330552,35.464605],[133.330559,35.464609],[133.330563,35.464621],[133.330567,35.464655],[133.33057,35.464667],[133.330577,35.46468],[133.330618,35.46472],[133.330629,35.464736],[133.330649,35.464791],[133.330686,35.464841],[133.330689,35.464867],[133.330687,35.464872],[133.330682,35.464879],[133.330672,35.464885],[133.330652,35.464893],[133.33056,35.464924],[133.330502,35.464933],[133.330494,35.464932],[133.330489,35.464931],[133.330478,35.464921],[133.330474,35.464914],[133.330469,35.464902],[133.330453,35.46482],[133.330439,35.464771],[133.330434,35.464737],[133.330406,35.464663],[133.330406,35.464658],[133.330407,35.46465],[133.33041,35.464644],[133.330415,35.464639],[133.330431,35.46463],[133.330372,35.464485],[133.330276,35.464483],[133.330168,35.464492],[133.329993,35.464521],[133.329888,35.464545],[133.329829,35.464564],[133.32959,35.464683],[133.32965,35.464833],[133.329664,35.464836],[133.32967,35.464833],[133.329679,35.46483],[133.329684,35.464829],[133.32969,35.46483],[133.329721,35.464842],[133.329729,35.464847],[133.329734,35.464855],[133.329735,35.464865],[133.329739,35.464907],[133.329741,35.46492],[133.329744,35.464932],[133.329748,35.464941],[133.329763,35.464954],[133.32978,35.46497],[133.329796,35.465021],[133.329831,35.465096],[133.329829,35.465107],[133.329822,35.465114],[133.329813,35.46512],[133.329802,35.465125],[133.329702,35.465154],[133.329683,35.465155],[133.329664,35.465155],[133.329647,35.465152],[133.329638,35.465149],[133.329628,35.465141],[133.329595,35.465066],[133.329584,35.465051],[133.329579,35.46504],[133.329576,35.46503],[133.329579,35.465019],[133.329587,35.464998],[133.329579,35.464934],[133.329577,35.464922],[133.32957,35.464912],[133.329545,35.46488],[133.329544,35.464876],[133.329544,35.464868],[133.329546,35.46486],[133.329547,35.464855],[133.329551,35.464851],[133.329577,35.464836],[133.329516,35.464667],[133.329444,35.464663],[133.329333,35.464666],[133.329274,35.464673],[133.329184,35.464687],[133.329056,35.464722],[133.328992,35.464743],[133.328912,35.464776],[133.328726,35.464833],[133.328718,35.464839],[133.328734,35.464883],[133.328776,35.464878],[133.328778,35.464885],[133.328945,35.46527],[133.328959,35.465309],[133.32896,35.465323],[133.328945,35.46533],[133.328825,35.465359],[133.328816,35.465357],[133.328736,35.465184],[133.328637,35.464927],[133.328681,35.464907],[133.328669,35.464872],[133.328542,35.464864],[133.328446,35.464869],[133.328394,35.464878],[133.328311,35.464899],[133.328245,35.464933],[133.328141,35.465004],[133.32803,35.465025],[133.327974,35.465042],[133.327926,35.465071],[133.327899,35.465093],[133.327931,35.465175],[133.327956,35.465179],[133.327968,35.465188],[133.327988,35.465212],[133.328115,35.465535],[133.32811,35.465548],[133.32806,35.465561],[133.328022,35.465572],[133.328001,35.465575],[133.32798,35.46557],[133.327835,35.465224],[133.327837,35.465212],[133.327865,35.465185],[133.327801,35.465017],[133.327751,35.465005],[133.327681,35.465005],[133.327602,35.465017],[133.327466,35.465059],[133.327196,35.465185],[133.327129,35.46521],[133.327047,35.465254],[133.327103,35.465389],[133.327165,35.465397],[133.327203,35.4655],[133.327224,35.465544],[133.327248,35.465565],[133.327281,35.465611],[133.327292,35.465632],[133.327294,35.465645],[133.327295,35.465663],[133.327274,35.465696],[133.327265,35.465706],[133.327249,35.465715],[133.327179,35.465733],[133.327135,35.465733],[133.327125,35.465729],[133.327113,35.465723],[133.327069,35.465623],[133.327041,35.465537],[133.327016,35.465439],[133.327034,35.465402],[133.326971,35.465247],[133.326938,35.465239],[133.326796,35.465259],[133.326733,35.465274],[133.326341,35.465407],[133.326212,35.46547],[133.326267,35.465607],[133.326329,35.465599],[133.326413,35.465829],[133.326251,35.46587],[133.32624,35.46587],[133.326226,35.465863],[133.326156,35.465671],[133.326157,35.465651],[133.326186,35.465616],[133.326095,35.465401],[133.325585,35.46553],[133.324963,35.465708],[133.324759,35.465771],[133.323805,35.466052],[133.323593,35.466104],[133.323118,35.466244],[133.323027,35.466236],[133.322954,35.466212],[133.322887,35.46619],[133.322598,35.466283],[133.322476,35.46633],[133.322375,35.466374],[133.322338,35.466388],[133.322273,35.466416],[133.322069,35.466473],[133.321877,35.466535],[133.321756,35.466617],[133.321558,35.466679],[133.321312,35.466755],[133.321071,35.466831],[133.320921,35.466898],[133.320777,35.466956],[133.320615,35.466979],[133.320489,35.467017],[133.320393,35.467036],[133.32017,35.467125],[133.319987,35.467189],[133.3199,35.46723],[133.319798,35.467273],[133.319713,35.467314],[133.319605,35.467359],[133.31944,35.467429],[133.319283,35.467503],[133.319145,35.467573],[133.319029,35.467635],[133.318961,35.467672],[133.318869,35.467724],[133.318682,35.467854],[133.318538,35.467943],[133.318462,35.467975],[133.318351,35.468013],[133.318258,35.468054],[133.318171,35.468087],[133.318015,35.468142],[133.31794,35.468176],[133.31784,35.468214],[133.31766,35.468254],[133.317436,35.468267],[133.317268,35.468307],[133.317079,35.468354],[133.316914,35.468412],[133.316679,35.46851],[133.316439,35.468584],[133.316142,35.468661],[133.316018,35.468462],[133.315799,35.468049],[133.315506,35.467448],[133.315051,35.466608],[133.314998,35.466509],[133.314667,35.465891],[133.314321,35.46522],[133.313697,35.464062],[133.313323,35.463385],[133.313215,35.463202],[133.313002,35.462772],[133.312677,35.462234],[133.31236,35.461731],[133.311836,35.46091],[133.311527,35.460475],[133.311219,35.460031],[133.31095,35.460119],[133.310898,35.460101],[133.31077,35.459929],[133.310517,35.459584],[133.310459,35.459448],[133.310486,35.459338],[133.310661,35.459161],[133.310849,35.45903],[133.311135,35.458796],[133.31117,35.458769],[133.31127,35.458674],[133.311337,35.458596],[133.311487,35.45851],[133.311615,35.458461],[133.311784,35.45839],[133.312309,35.458181],[133.312679,35.457987],[133.312947,35.457749],[133.313191,35.457482],[133.313191,35.45745],[133.313056,35.457289],[133.312998,35.457212],[133.31326,35.457038],[133.313512,35.456705],[133.313817,35.456227],[133.313888,35.455979],[133.31345,35.455578],[133.313252,35.4554],[133.313057,35.455242],[133.313014,35.455231],[133.312625,35.455361],[133.312548,35.455371],[133.312475,35.4553],[133.312028,35.454727],[133.311505,35.454195],[133.310888,35.453617],[133.310787,35.453522],[133.31055,35.453308],[133.310089,35.452907],[133.309543,35.452396],[133.309213,35.45208],[133.309336,35.452035],[133.311109,35.451351],[133.311011,35.451167],[133.311037,35.451142],[133.311625,35.450881],[133.31151,35.450739],[133.311511,35.450697],[133.311664,35.450603],[133.311347,35.450325],[133.311695,35.450084],[133.311704,35.450094],[133.312213,35.450588],[133.312256,35.450639],[133.312261,35.450659],[133.312243,35.450762],[133.312145,35.450844],[133.312086,35.450932],[133.312059,35.450989],[133.313921,35.450251],[133.31445,35.450044],[133.314512,35.450019],[133.314695,35.449944],[133.314781,35.44991],[133.31542,35.449661],[133.315823,35.449502],[133.316187,35.449354],[133.31631,35.449305],[133.316562,35.449204],[133.316834,35.449103],[133.317289,35.448936],[133.317912,35.448697],[133.318315,35.448541],[133.318417,35.448502],[133.318611,35.448426],[133.319318,35.448154],[133.320081,35.447832],[133.320261,35.447761],[133.320336,35.447748],[133.320415,35.447752],[133.320482,35.447755],[133.320552,35.44774],[133.320614,35.447714],[133.320711,35.447656],[133.32093,35.447524],[133.321158,35.447439],[133.322106,35.447058],[133.322125,35.447103],[133.322655,35.446886],[133.322749,35.44685],[133.322779,35.446836],[133.324191,35.446276],[133.325561,35.445714],[133.32582,35.445595],[133.325844,35.445582],[133.326199,35.44627],[133.326597,35.447013],[133.326643,35.447099],[133.327056,35.447885],[133.327542,35.448832],[133.32755,35.448849],[133.327922,35.449585],[133.32818,35.450084],[133.328692,35.451105],[133.329771,35.450741],[133.330173,35.450603],[133.330584,35.450468],[133.331032,35.45032],[133.332348,35.449865],[133.333372,35.449523],[133.33429,35.449216],[133.335193,35.448901],[133.336268,35.448531],[133.33634,35.448507],[133.336477,35.449154],[133.336496,35.449236],[133.336641,35.449863],[133.33665,35.4499],[133.336627,35.450113],[133.336612,35.450325],[133.336647,35.45045],[133.336719,35.450616],[133.3368,35.450881],[133.33677,35.451329],[133.336729,35.452097],[133.336609,35.452757],[133.33647,35.453517],[133.336476,35.454016],[133.336473,35.454073],[133.336445,35.454222],[133.336346,35.454542],[133.336324,35.454665],[133.33626,35.454947],[133.33622,35.45516],[133.336189,35.455267],[133.336114,35.455368],[133.336021,35.455551],[133.335965,35.455699],[133.335862,35.455992],[133.335856,35.45622],[133.335983,35.456586],[133.336067,35.456914],[133.336085,35.456958],[133.336111,35.457002],[133.336143,35.457059],[133.336193,35.457131],[133.336229,35.457182],[133.336515,35.457583],[133.336847,35.458048],[133.336848,35.45805],[133.337412,35.458841],[133.337482,35.45893],[133.337564,35.459051],[133.33763,35.459188],[133.337699,35.45933],[133.337813,35.459539],[133.337926,35.459706],[133.338022,35.459828],[133.338093,35.459908],[133.33815,35.459971],[133.338251,35.46006],[133.33846,35.460223],[133.33851,35.460258],[133.338514,35.460261],[133.338592,35.460316],[133.339073,35.460563],[133.339762,35.460812],[133.340034,35.46093],[133.340104,35.46096],[133.340365,35.461216],[133.340491,35.461337],[133.34114,35.462035],[133.34116,35.462067],[133.341207,35.462186],[133.341253,35.462275]]]},"properties":{"code":"312020542","name":"両三柳","kihon1":"0542"}},
{"type":"Feature","geometry":{"type":"Polygon","coordinates":[[[133.316142,35.468661],[133.316052,35.468688],[133.315895,35.468737],[133.315752,35.468809],[133.31561,35.468895],[133.31529,35.469049],[133.315133,35.469125],[133.314928,35.469239],[133.31468,35.469377],[133.314399,35.46951],[133.314396,35.469511],[133.314195,35.469593],[133.314005,35.469677],[133.313553,35.469828],[133.313382,35.469861],[133.313177,35.469945],[133.312964,35.470017],[133.312569,35.470167],[133.312409,35.4702],[133.312135,35.470243],[133.311865,35.470338],[133.311501,35.470451],[133.311299,35.470568],[133.311187,35.470712],[133.311302,35.470906],[133.311333,35.470892],[133.311358,35.470944],[133.311271,35.470977],[133.311153,35.470786],[133.311004,35.470837],[133.310798,35.470527],[133.310309,35.469756],[133.309875,35.469113],[133.309691,35.468886],[133.309517,35.468666],[133.308949,35.46771],[133.308596,35.466894],[133.307966,35.465933],[133.307767,35.465656],[133.307175,35.464983],[133.30705,35.464844],[133.306697,35.464475],[133.306276,35.464059],[133.305418,35.463457],[133.305118,35.46316],[133.304956,35.46311],[133.304736,35.463102],[133.304284,35.463085],[133.304248,35.463089],[133.304089,35.46307],[133.303227,35.462114],[133.303225,35.462111],[133.302372,35.46118],[133.300858,35.459465],[133.299249,35.45767],[133.298873,35.457239],[133.298643,35.456921],[133.298616,35.45687],[133.297453,35.454719],[133.297137,35.454004],[133.296951,35.453767],[133.295961,35.452943],[133.295813,35.452845],[133.295783,35.45278],[133.295387,35.452507],[133.295271,35.45242],[133.295051,35.452274],[133.294807,35.452092],[133.294911,35.452027],[133.295076,35.451918],[133.296104,35.451291],[133.296109,35.451262],[133.296025,35.451069],[133.296075,35.451034],[133.296887,35.450476],[133.297206,35.450267],[133.297505,35.450073],[133.297705,35.449947],[133.298046,35.450304],[133.298147,35.450229],[133.298228,35.450172],[133.299034,35.449613],[133.29934,35.449385],[133.299423,35.449408],[133.299482,35.449424],[133.299552,35.449376],[133.299646,35.449277],[133.299605,35.44923],[133.299991,35.448966],[133.300086,35.448884],[133.300144,35.448834],[133.300298,35.448701],[133.301462,35.447735],[133.301567,35.447672],[133.301602,35.447665],[133.301631,35.447659],[133.302408,35.448037],[133.302502,35.448087],[133.302418,35.44813],[133.30294,35.448877],[133.30313,35.449124],[133.303173,35.449127],[133.303208,35.449124],[133.303454,35.449552],[133.303522,35.449557],[133.303635,35.449711],[133.304206,35.450521],[133.304359,35.450714],[133.305142,35.451681],[133.305431,35.451519],[133.306301,35.451092],[133.306588,35.450942],[133.306885,35.451389],[133.307007,35.451562],[133.307715,35.452654],[133.307862,35.452603],[133.30849,35.452363],[133.309213,35.45208],[133.309543,35.452396],[133.310089,35.452907],[133.31055,35.453308],[133.310787,35.453522],[133.310888,35.453617],[133.311505,35.454195],[133.312028,35.454727],[133.312475,35.4553],[133.312548,35.455371],[133.312625,35.455361],[133.313014,35.455231],[133.313057,35.455242],[133.313252,35.4554],[133.31345,35.455578],[133.313888,35.455979],[133.313817,35.456227],[133.313512,35.456705],[133.31326,35.457038],[133.312998,35.457212],[133.313056,35.457289],[133.313191,35.45745],[133.313191,35.457482],[133.312947,35.457749],[133.312679,35.457987],[133.312309,35.458181],[133.311784,35.45839],[133.311615,35.458461],[133.311487,35.45851],[133.311337,35.458596],[133.31127,35.458674],[133.31117,35.458769],[133.311135,35.458796],[133.310849,35.45903],[133.310661,35.459161],[133.310486,35.459338],[133.310459,35.459448],[133.310517,35.459584],[133.31077,35.459929],[133.310898,35.460101],[133.31095,35.460119],[133.311219,35.460031],[133.311527,35.460475],[133.311836,35.46091],[133.31236,35.461731],[133.312677,35.462234],[133.313002,35.462772],[133.313215,35.463202],[133.313323,35.463385],[133.313697,35.464062],[133.314321,35.46522],[133.314667,35.465891],[133.314998,35.466509],[133.315051,35.466608],[133.315506,35.467448],[133.315799,35.468049],[133.316018,35.468462],[133.316142,35.468661]]]},"properties":{"code":"312020550","name":"河崎","kihon1":"0550"}},
{"type":"Feature","geometry":{"type":"Polygon","coordinates":[[[133.366739,35.442207],[133.366572,35.44174],[133.365377,35.442102],[133.36515,35.441836],[133.36475,35.44154],[133.364522,35.441339],[133.364493,35.441342],[133.364556,35.441517],[133.364573,35.441719],[133.364549,35.441757],[133.364437,35.44182],[133.363637,35.441985],[133.362263,35.442283],[133.360442,35.442623],[133.359465,35.442831],[133.358968,35.442929],[133.358277,35.443035],[133.357937,35.443084],[133.357057,35.443225],[133.357048,35.443226],[133.357035,35.443228],[133.355501,35.443466],[133.355042,35.443525],[133.355027,35.443527],[133.353709,35.443746],[133.352575,35.443922],[133.352542,35.443926],[133.352099,35.443972],[133.351821,35.444011],[133.351097,35.444114],[133.350877,35.44417],[133.350615,35.444266],[133.350395,35.444399],[133.350152,35.444574],[133.350051,35.443998],[133.349902,35.443182],[133.349811,35.442651],[133.349699,35.441978],[133.349594,35.441365],[133.349474,35.440718],[133.349255,35.439476],[133.349248,35.43943],[133.350286,35.439169],[133.350711,35.438887],[133.351657,35.43826],[133.352805,35.4375],[133.353552,35.437003],[133.353651,35.436941],[133.354257,35.436542],[133.355177,35.435958],[133.355868,35.43548],[133.355914,35.43545],[133.357126,35.43464],[133.35718,35.434604],[133.358652,35.434915],[133.359347,35.434934],[133.359592,35.435411],[133.359595,35.435449],[133.359608,35.435547],[133.359886,35.435774],[133.361186,35.436384],[133.362061,35.43681],[133.36242,35.436358],[133.362672,35.43607],[133.362815,35.43613],[133.363663,35.436111],[133.363882,35.436067],[133.364076,35.436042],[133.364087,35.436051],[133.364469,35.43678],[133.365295,35.436555],[133.367634,35.436051],[133.367742,35.436588],[133.368034,35.43779],[133.368422,35.439395],[133.368632,35.440358],[133.368791,35.440937],[133.368848,35.441144],[133.368938,35.44144],[133.369066,35.441709],[133.368378,35.4418],[133.367889,35.441899],[133.367599,35.442004],[133.36734,35.442072],[133.36707,35.44215],[133.366739,35.442207]]]},"properties":{"code":"31202056100","name":"上福原","kihon1":"0561"}},
{"type":"Feature","geometry":{"type":"Polygon","coordinates":[[[133.366975,35.442876],[133.366799,35.442789],[133.366667,35.442717],[133.366541,35.442663],[133.365986,35.442621],[133.365932,35.442628],[133.36586,35.442655],[133.365667,35.442729],[133.365538,35.442798],[133.365432,35.442863],[133.365334,35.442922],[133.365223,35.443],[133.365364,35.443075],[133.365157,35.443215],[133.365003,35.443287],[133.364788,35.443364],[133.364772,35.443517],[133.364598,35.443683],[133.364547,35.443698],[133.364375,35.44373],[133.364129,35.443789],[133.364028,35.443823],[133.363943,35.443837],[133.363747,35.443915],[133.363539,35.44399],[133.362936,35.444214],[133.362964,35.444644],[133.362805,35.444652],[133.362508,35.444653],[133.362419,35.444654],[133.362176,35.444722],[133.361993,35.444771],[133.361682,35.44485],[133.361562,35.444862],[133.361284,35.444881],[133.361112,35.444886],[133.360907,35.444897],[133.360887,35.444732],[133.360878,35.444562],[133.360862,35.444313],[133.360854,35.444148],[133.360844,35.443846],[133.360821,35.443633],[133.360802,35.443466],[133.360775,35.443329],[133.360762,35.443289],[133.360707,35.443158],[133.36054,35.442844],[133.360442,35.442623],[133.362263,35.442283],[133.363637,35.441985],[133.364437,35.44182],[133.364549,35.441757],[133.364573,35.441719],[133.364556,35.441517],[133.364493,35.441342],[133.364522,35.441339],[133.36475,35.44154],[133.36515,35.441836],[133.365377,35.442102],[133.366572,35.44174],[133.366739,35.442207],[133.366855,35.442524],[133.366831,35.442567],[133.366975,35.442876]]]},"properties":{"code":"31202056101","name":"上福原一丁目","kihon1":"0561"}},
{"type":"Feature","geometry":{"type":"Polygon","coordinates":[[[133.360442,35.442623],[133.36054,35.442844],[133.360707,35.443158],[133.360762,35.443289],[133.360775,35.443329],[133.360802,35.443466],[133.360821,35.443633],[133.360844,35.443846],[133.360854,35.444148],[133.360862,35.444313],[133.360878,35.444562],[133.360887,35.444732],[133.360907,35.444897],[133.360947,35.445274],[133.360987,35.445966],[133.35888,35.446314],[133.357991,35.44646],[133.357646,35.446515],[133.357492,35.446363],[133.357163,35.445992],[133.356867,35.445627],[133.356642,35.445339],[133.356289,35.444772],[133.356205,35.444649],[133.355854,35.44411],[133.355629,35.443781],[133.35553,35.443573],[133.355501,35.443466],[133.357035,35.443228],[133.357048,35.443226],[133.357057,35.443225],[133.357937,35.443084],[133.358277,35.443035],[133.358968,35.442929],[133.359465,35.442831],[133.360442,35.442623]]]},"properties":{"code":"31202056102","name":"上福原二丁目","kihon1":"0561"}},
{"type":"Feature","geometry":{"type":"Polygon","coordinates":[[[133.355501,35.443466],[133.35553,35.443573],[133.355629,35.443781],[133.355854,35.44411],[133.356205,35.444649],[133.356289,35.444772],[133.356642,35.445339],[133.356867,35.445627],[133.357163,35.445992],[133.357492,35.446363],[133.357646,35.446515],[133.356849,35.446639],[133.356593,35.44667],[133.35611,35.446747],[133.355603,35.446838],[133.35556,35.446844],[133.355016,35.44697],[133.35444,35.447092],[133.353832,35.447232],[133.352636,35.447472],[133.352494,35.447502],[133.351438,35.446685],[133.350676,35.446104],[133.350582,35.446042],[133.350567,35.445991],[133.350363,35.445531],[133.350329,35.445414],[133.350152,35.444574],[133.350395,35.444399],[133.350615,35.444266],[133.350877,35.44417],[133.351097,35.444114],[133.351821,35.444011],[133.352099,35.443972],[133.352542,35.443926],[133.352575,35.443922],[133.353709,35.443746],[133.355027,35.443527],[133.355042,35.443525],[133.355501,35.443466]]]},"properties":{"code":"31202056103","name":"上福原三丁目","kihon1":"0561"}},
{"type":"Feature","geometry":{"type":"Polygon","coordinates":[[[133.355603,35.446838],[133.355688,35.447157],[133.355691,35.447165],[133.355885,35.447761],[133.356162,35.448629],[133.356209,35.448782],[133.356305,35.449058],[133.356393,35.449317],[133.356457,35.449487],[133.356488,35.44962],[133.356522,35.449758],[133.35654,35.449829],[133.35656,35.449896],[133.356574,35.449958],[133.356591,35.450024],[133.35661,35.450098],[133.356633,35.450191],[133.356659,35.450287],[133.35668,35.45038],[133.356679,35.450426],[133.356443,35.450531],[133.356058,35.450228],[133.356007,35.450188],[133.355756,35.449997],[133.355636,35.449907],[133.355235,35.449598],[133.354891,35.449337],[133.354513,35.449063],[133.354413,35.448974],[133.354249,35.448847],[133.353609,35.448365],[133.353162,35.448009],[133.352842,35.447767],[133.352532,35.447524],[133.352494,35.447502],[133.352636,35.447472],[133.353832,35.447232],[133.35444,35.447092],[133.355016,35.44697],[133.35556,35.446844],[133.355603,35.446838]]]},"properties":{"code":"31202056104","name":"上福原四丁目","kihon1":"0561"}},
{"type":"Feature","geometry":{"type":"Polygon","coordinates":[[[133.350582,35.446042],[133.350676,35.446104],[133.351438,35.446685],[133.352494,35.447502],[133.352532,35.447524],[133.352842,35.447767],[133.353162,35.448009],[133.353609,35.448365],[133.354249,35.448847],[133.354413,35.448974],[133.354513,35.449063],[133.354891,35.449337],[133.355235,35.449598],[133.355636,35.449907],[133.355756,35.449997],[133.356007,35.450188],[133.356058,35.450228],[133.356443,35.450531],[133.357587,35.451422],[133.357057,35.451545],[133.356893,35.451582],[133.356721,35.451616],[133.356121,35.451756],[133.355147,35.451961],[133.354568,35.452082],[133.35205,35.452528],[133.352071,35.452484],[133.352521,35.451565],[133.352562,35.451372],[133.352485,35.451198],[133.352364,35.450889],[133.352296,35.450717],[133.352027,35.450057],[133.351989,35.449966],[133.351854,35.449639],[133.351706,35.449275],[133.351502,35.44881],[133.351357,35.448439],[133.351318,35.448338],[133.351287,35.448266],[133.351233,35.44813],[133.351203,35.448055],[133.351094,35.44783],[133.350817,35.446827],[133.350582,35.446042]]]},"properties":{"code":"31202056105","name":"上福原五丁目","kihon1":"0561"}},
{"type":"Feature","geometry":{"type":"Polygon","coordinates":[[[133.357587,35.451422],[133.358346,35.45196],[133.358717,35.45222],[133.358914,35.452372],[133.359143,35.452547],[133.360029,35.453228],[133.360383,35.453496],[133.360022,35.45355],[133.359742,35.453612],[133.35943,35.453693],[133.357884,35.45406],[133.357455,35.454166],[133.357149,35.454224],[133.356929,35.454274],[133.356629,35.454334],[133.356467,35.454364],[133.355768,35.454488],[133.355466,35.454543],[133.355456,35.454517],[133.355331,35.4542],[133.355302,35.454106],[133.354795,35.452729],[133.354645,35.452301],[133.354568,35.452082],[133.355147,35.451961],[133.356121,35.451756],[133.356721,35.451616],[133.356893,35.451582],[133.357057,35.451545],[133.357587,35.451422]]]},"properties":{"code":"31202056106","name":"上福原六丁目","kihon1":"0561"}},
{"type":"Feature","geometry":{"type":"Polygon","coordinates":[[[133.354568,35.452082],[133.354645,35.452301],[133.354795,35.452729],[133.355302,35.454106],[133.355331,35.4542],[133.355456,35.454517],[133.355466,35.454543],[133.355493,35.454609],[133.356006,35.456023],[133.356339,35.456974],[133.356056,35.457019],[133.355742,35.457063],[133.355571,35.457089],[133.355438,35.457108],[133.355187,35.457142],[133.355137,35.457153],[133.355019,35.45717],[133.354785,35.457208],[133.354689,35.457224],[133.354683,35.457225],[133.354213,35.457291],[133.353729,35.457365],[133.353297,35.457434],[133.352804,35.457515],[133.352511,35.456405],[133.35243,35.456098],[133.352418,35.456053],[133.352303,35.455621],[133.352193,35.455203],[133.35268,35.455117],[133.352587,35.454706],[133.352091,35.45281],[133.35205,35.452528],[133.354568,35.452082]]]},"properties":{"code":"31202056107","name":"上福原七丁目","kihon1":"0561"}},
{"type":"Feature","geometry":{"type":"Polygon","coordinates":[[[133.36519,35.449599],[133.365452,35.450601],[133.365468,35.450729],[133.365542,35.451094],[133.365629,35.45162],[133.365739,35.452324],[133.365461,35.452376],[133.36515,35.452423],[133.364789,35.452482],[133.363814,35.452652],[133.362714,35.452836],[133.362339,35.452902],[133.36218,35.452387],[133.362086,35.452019],[133.36205,35.451886],[133.361977,35.451612],[133.361921,35.45138],[133.361882,35.451228],[133.361847,35.45111],[133.361807,35.45098],[133.361731,35.450757],[133.361664,35.450568],[133.361627,35.450471],[133.362262,35.450309],[133.36293,35.450142],[133.362931,35.450141],[133.362993,35.450126],[133.363889,35.449909],[133.364607,35.449726],[133.36474,35.449696],[133.365157,35.449606],[133.36519,35.449599]]]},"properties":{"code":"31202057101","name":"皆生新田一丁目","kihon1":"0571"}},
{"type":"Feature","geometry":{"type":"Polygon","coordinates":[[[133.371481,35.448068],[133.371812,35.449111],[133.372125,35.450096],[133.372549,35.451433],[133.371203,35.451598],[133.370319,35.451706],[133.369866,35.451758],[133.369526,35.451801],[133.369131,35.451854],[133.368757,35.451892],[133.36854,35.451924],[133.367892,35.452024],[133.367795,35.452035],[133.367472,35.45208],[133.366688,35.452191],[133.366469,35.452218],[133.365739,35.452324],[133.365629,35.45162],[133.365542,35.451094],[133.365468,35.450729],[133.365452,35.450601],[133.36519,35.449599],[133.365706,35.449464],[133.365915,35.44941],[133.366985,35.449136],[133.367294,35.449065],[133.367505,35.449018],[133.368168,35.448856],[133.368245,35.448837],[133.36893,35.448678],[133.371481,35.448068]]]},"properties":{"code":"31202057102","name":"皆生新田二丁目","kihon1":"0571"}},
{"type":"Feature","geometry":{"type":"Polygon","coordinates":[[[133.372549,35.451433],[133.372697,35.451901],[133.372821,35.45229],[133.372989,35.45282],[133.373154,35.453341],[133.373327,35.453886],[133.373641,35.454875],[133.37412,35.456386],[133.373033,35.456747],[133.37222,35.457066],[133.372152,35.457234],[133.37214,35.457238],[133.372124,35.457254],[133.372098,35.457255],[133.372085,35.457245],[133.371641,35.45733],[133.370296,35.457573],[133.370278,35.457387],[133.370259,35.457297],[133.370187,35.456996],[133.370102,35.456628],[133.370022,35.456324],[133.369918,35.455988],[133.369865,35.455815],[133.369818,35.455699],[133.369755,35.455527],[133.369671,35.455315],[133.367911,35.455495],[133.367335,35.455551],[133.366352,35.455639],[133.366267,35.455152],[133.365965,35.453556],[133.365913,35.453304],[133.36582,35.452808],[133.365778,35.452541],[133.365758,35.452462],[133.365739,35.452324],[133.366469,35.452218],[133.366688,35.452191],[133.367472,35.45208],[133.367795,35.452035],[133.367892,35.452024],[133.36854,35.451924],[133.368757,35.451892],[133.369131,35.451854],[133.369526,35.451801],[133.369866,35.451758],[133.370319,35.451706],[133.371203,35.451598],[133.372549,35.451433]]]},"properties":{"code":"31202057103","name":"皆生新田三丁目","kihon1":"0571"}},
{"type":"Feature","geometry":{"type":"Polygon","coordinates":[[[133.366975,35.442876],[133.367046,35.443007],[133.367112,35.443142],[133.366975,35.443317],[133.366914,35.443427],[133.366813,35.443534],[133.367022,35.443903],[133.366827,35.444093],[133.366854,35.444139],[133.366593,35.444298],[133.366271,35.444494],[133.365798,35.444747],[133.365881,35.444862],[133.365496,35.445034],[133.365075,35.445033],[133.364838,35.445095],[133.364498,35.445192],[133.364517,35.445211],[133.364201,35.44543],[133.364093,35.445441],[133.36408,35.445455],[133.364001,35.445471],[133.363664,35.445058],[133.363293,35.445255],[133.36311,35.44514],[133.362446,35.444672],[133.362419,35.444654],[133.362508,35.444653],[133.362805,35.444652],[133.362964,35.444644],[133.362936,35.444214],[133.363539,35.44399],[133.363747,35.443915],[133.363943,35.443837],[133.364028,35.443823],[133.364129,35.443789],[133.364375,35.44373],[133.364547,35.443698],[133.364598,35.443683],[133.364772,35.443517],[133.364788,35.443364],[133.365003,35.443287],[133.365157,35.443215],[133.365364,35.443075],[133.365223,35.443],[133.365334,35.442922],[133.365432,35.442863],[133.365538,35.442798],[133.365667,35.442729],[133.36586,35.442655],[133.365932,35.442628],[133.365986,35.442621],[133.366541,35.442663],[133.366667,35.442717],[133.366799,35.442789],[133.366975,35.442876]]]},"properties":{"code":"31202057201","name":"皆生一丁目","kihon1":"0572"}},
{"type":"Feature","geometry":{"type":"Polygon","coordinates":[[[133.369066,35.441709],[133.369644,35.443171],[133.370024,35.444132],[133.370223,35.444632],[133.370421,35.445131],[133.370815,35.446123],[133.371102,35.446827],[133.371188,35.447039],[133.371377,35.447739],[133.371481,35.448068],[133.36893,35.448678],[133.368245,35.448837],[133.368168,35.448856],[133.367988,35.448724],[133.36655,35.447665],[133.366436,35.44758],[133.366368,35.44753],[133.365413,35.446829],[133.36494,35.446482],[133.364922,35.446468],[133.36444,35.446108],[133.36371,35.445567],[133.363293,35.445255],[133.363664,35.445058],[133.364001,35.445471],[133.36408,35.445455],[133.364093,35.445441],[133.364201,35.44543],[133.364517,35.445211],[133.364498,35.445192],[133.364838,35.445095],[133.365075,35.445033],[133.365496,35.445034],[133.365881,35.444862],[133.365798,35.444747],[133.366271,35.444494],[133.366593,35.444298],[133.366854,35.444139],[133.366827,35.444093],[133.367022,35.443903],[133.366813,35.443534],[133.366914,35.443427],[133.366975,35.443317],[133.367112,35.443142],[133.367046,35.443007],[133.366975,35.442876],[133.366831,35.442567],[133.366855,35.442524],[133.366739,35.442207],[133.36707,35.44215],[133.36734,35.442072],[133.367599,35.442004],[133.367889,35.441899],[133.368378,35.4418],[133.369066,35.441709]]]},"properties":{"code":"31202057202","name":"皆生二丁目","kihon1":"0572"}},
{"type":"Feature","geometry":{"type":"Polygon","coordinates":[[[133.363293,35.445255],[133.36371,35.445567],[133.36444,35.446108],[133.364922,35.446468],[133.36494,35.446482],[133.365413,35.446829],[133.366368,35.44753],[133.366436,35.44758],[133.36655,35.447665],[133.367988,35.448724],[133.368168,35.448856],[133.367505,35.449018],[133.367294,35.449065],[133.366985,35.449136],[133.365915,35.44941],[133.365706,35.449464],[133.36519,35.449599],[133.365157,35.449606],[133.364986,35.44936],[133.364791,35.449126],[133.36401,35.448433],[133.362986,35.447557],[133.362255,35.446946],[133.361339,35.446204],[133.361109,35.446141],[133.361049,35.446147],[133.360987,35.445966],[133.360947,35.445274],[133.360907,35.444897],[133.361112,35.444886],[133.361284,35.444881],[133.361562,35.444862],[133.361682,35.44485],[133.361993,35.444771],[133.362176,35.444722],[133.362419,35.444654],[133.362446,35.444672],[133.36311,35.44514],[133.363293,35.445255]]]},"properties":{"code":"31202057203","name":"皆生三丁目","kihon1":"0572"}},
{"type":"Feature","geometry":{"type":"Polygon","coordinates":[[[133.361049,35.446147],[133.361109,35.446141],[133.361339,35.446204],[133.362255,35.446946],[133.362986,35.447557],[133.36401,35.448433],[133.364791,35.449126],[133.364986,35.44936],[133.365157,35.449606],[133.36474,35.449696],[133.364607,35.449726],[133.363889,35.449909],[133.362993,35.450126],[133.362931,35.450141],[133.36293,35.450142],[133.362262,35.450309],[133.361627,35.450471],[133.361442,35.450024],[133.361205,35.449385],[133.36119,35.449343],[133.361142,35.449134],[133.361055,35.448345],[133.361065,35.447952],[133.361081,35.447585],[133.361078,35.447238],[133.361083,35.446927],[133.361082,35.446483],[133.361049,35.446147]]]},"properties":{"code":"31202057204","name":"皆生四丁目","kihon1":"0572"}},
{"type":"Feature","geometry":{"type":"Polygon","coordinates":[[[133.361049,35.446147],[133.361082,35.446483],[133.361083,35.446927],[133.361078,35.447238],[133.361081,35.447585],[133.361065,35.447952],[133.361055,35.448345],[133.361142,35.449134],[133.36119,35.449343],[133.361205,35.449385],[133.361442,35.450024],[133.361627,35.450471],[133.361275,35.450553],[133.360858,35.450661],[133.360595,35.45073],[133.360342,35.450798],[133.359412,35.451025],[133.359034,35.451113],[133.358794,35.451163],[133.357587,35.451422],[133.356443,35.450531],[133.356679,35.450426],[133.35668,35.45038],[133.356659,35.450287],[133.356633,35.450191],[133.35661,35.450098],[133.356591,35.450024],[133.356574,35.449958],[133.35656,35.449896],[133.35654,35.449829],[133.356522,35.449758],[133.356488,35.44962],[133.356457,35.449487],[133.356393,35.449317],[133.356305,35.449058],[133.356209,35.448782],[133.356162,35.448629],[133.355885,35.447761],[133.355691,35.447165],[133.355688,35.447157],[133.355603,35.446838],[133.35611,35.446747],[133.356593,35.44667],[133.356849,35.446639],[133.357646,35.446515],[133.357991,35.44646],[133.35888,35.446314],[133.360987,35.445966],[133.361049,35.446147]]]},"properties":{"code":"31202057205","name":"皆生五丁目","kihon1":"0572"}},
{"type":"Feature","geometry":{"type":"Polygon","coordinates":[[[133.361627,35.450471],[133.361664,35.450568],[133.361731,35.450757],[133.361807,35.45098],[133.361847,35.45111],[133.361882,35.451228],[133.361921,35.45138],[133.361977,35.451612],[133.36205,35.451886],[133.362086,35.452019],[133.36218,35.452387],[133.362339,35.452902],[133.362361,35.452991],[133.362404,35.453118],[133.362262,35.453142],[133.361972,35.453188],[133.361636,35.453242],[133.361256,35.453299],[133.361049,35.453299],[133.360706,35.453372],[133.360533,35.453421],[133.360383,35.453496],[133.360029,35.453228],[133.359143,35.452547],[133.358914,35.452372],[133.358717,35.45222],[133.358346,35.45196],[133.357587,35.451422],[133.358794,35.451163],[133.359034,35.451113],[133.359412,35.451025],[133.360342,35.450798],[133.360595,35.45073],[133.360858,35.450661],[133.361275,35.450553],[133.361627,35.450471]]]},"properties":{"code":"31202057206","name":"皆生六丁目","kihon1":"0572"}},
{"type":"Feature","geometry":{"type":"Polygon","coordinates":[[[133.348287,35.433781],[133.3483,35.433863],[133.348487,35.434908],[133.347255,35.435589],[133.346877,35.435801],[133.345383,35.436632],[133.344549,35.43711],[133.344515,35.437129],[133.343873,35.437492],[133.343151,35.437899],[133.342029,35.438553],[133.34129,35.43897],[133.339928,35.437972],[133.339892,35.437946],[133.340599,35.437566],[133.341586,35.437036],[133.342466,35.436563],[133.342919,35.436319],[133.343425,35.436047],[133.343697,35.435905],[133.343945,35.43577],[133.34438,35.435545],[133.3449,35.435278],[133.345128,35.435176],[133.345975,35.434876],[133.346416,35.434736],[133.346608,35.434677],[133.346872,35.434591],[133.347081,35.434523],[133.347344,35.434419],[133.347645,35.434277],[133.347886,35.434149],[133.348028,35.434031],[133.348225,35.433842],[133.348287,35.433781]]]},"properties":{"code":"31202058101","name":"東福原一丁目","kihon1":"0581"}},
{"type":"Feature","geometry":{"type":"Polygon","coordinates":[[[133.348499,35.434986],[133.348609,35.435706],[133.348618,35.435771],[133.348648,35.435944],[133.348814,35.436917],[133.34904,35.438216],[133.348515,35.438371],[133.347953,35.438545],[133.347873,35.438571],[133.347374,35.438729],[133.346946,35.438824],[133.346295,35.439065],[133.345802,35.439262],[133.345393,35.439407],[133.345126,35.439506],[133.344847,35.439611],[133.344718,35.439669],[133.344217,35.439878],[133.344095,35.439933],[133.34353,35.440248],[133.343235,35.440417],[133.34129,35.43897],[133.342029,35.438553],[133.343151,35.437899],[133.343873,35.437492],[133.344515,35.437129],[133.344549,35.43711],[133.345383,35.436632],[133.346877,35.435801],[133.347255,35.435589],[133.348487,35.434908],[133.348499,35.434986]]]},"properties":{"code":"31202058102","name":"東福原二丁目","kihon1":"0581"}},
{"type":"Feature","geometry":{"type":"Polygon","coordinates":[[[133.346295,35.439065],[133.346363,35.439491],[133.346397,35.439844],[133.346537,35.44022],[133.34665,35.440466],[133.346831,35.441443],[133.346837,35.441479],[133.346879,35.441698],[133.346888,35.44174],[133.347099,35.442849],[133.347206,35.44345],[133.346358,35.442797],[133.346219,35.442691],[133.345861,35.442417],[133.345204,35.441934],[133.344033,35.44104],[133.343936,35.440959],[133.343647,35.440735],[133.343235,35.440417],[133.34353,35.440248],[133.344095,35.439933],[133.344217,35.439878],[133.344718,35.439669],[133.344847,35.439611],[133.345126,35.439506],[133.345393,35.439407],[133.345802,35.439262],[133.346295,35.439065]]]},"properties":{"code":"31202058103","name":"東福原三丁目","kihon1":"0581"}},
{"type":"Feature","geometry":{"type":"Polygon","coordinates":[[[133.34904,35.438216],[133.349198,35.439094],[133.349248,35.43943],[133.349255,35.439476],[133.349474,35.440718],[133.349594,35.441365],[133.349699,35.441978],[133.349811,35.442651],[133.349902,35.443182],[133.350051,35.443998],[133.350152,35.444574],[133.350329,35.445414],[133.350363,35.445531],[133.350567,35.445991],[133.350323,35.445832],[133.349403,35.445126],[133.348553,35.444465],[133.348483,35.444417],[133.347246,35.443478],[133.347206,35.44345],[133.347099,35.442849],[133.346888,35.44174],[133.346879,35.441698],[133.346837,35.441479],[133.346831,35.441443],[133.34665,35.440466],[133.346537,35.44022],[133.346397,35.439844],[133.346363,35.439491],[133.346295,35.439065],[133.346946,35.438824],[133.347374,35.438729],[133.347873,35.438571],[133.347953,35.438545],[133.348515,35.438371],[133.34904,35.438216]]]},"properties":{"code":"31202058104","name":"東福原四丁目","kihon1":"0581"}},
{"type":"Feature","geometry":{"type":"Polygon","coordinates":[[[133.347206,35.44345],[133.347246,35.443478],[133.348483,35.444417],[133.348553,35.444465],[133.347965,35.444667],[133.347466,35.444837],[133.346516,35.44515],[133.345961,35.445336],[133.345516,35.445485],[133.344997,35.445661],[133.344488,35.445822],[133.343913,35.44601],[133.343356,35.446204],[133.343319,35.446135],[133.34279,35.44512],[133.34228,35.444157],[133.343327,35.44381],[133.343361,35.443798],[133.34392,35.443612],[133.344428,35.443439],[133.344905,35.443277],[133.345065,35.443226],[133.345439,35.4431],[133.345555,35.443064],[133.345734,35.443006],[133.346013,35.442918],[133.346358,35.442797],[133.347206,35.44345]]]},"properties":{"code":"31202058105","name":"東福原五丁目","kihon1":"0581"}},
{"type":"Feature","geometry":{"type":"Polygon","coordinates":[[[133.348087,35.447423],[133.347066,35.447701],[133.346989,35.447726],[133.346538,35.447828],[133.346418,35.447855],[133.345628,35.448024],[133.34517,35.448125],[133.344707,35.448263],[133.344519,35.447777],[133.344335,35.447302],[133.34399,35.447412],[133.343356,35.446204],[133.343913,35.44601],[133.344488,35.445822],[133.344997,35.445661],[133.345516,35.445485],[133.345961,35.445336],[133.346516,35.44515],[133.347466,35.444837],[133.347965,35.444667],[133.348553,35.444465],[133.349403,35.445126],[133.350323,35.445832],[133.350567,35.445991],[133.350582,35.446042],[133.350817,35.446827],[133.350497,35.446898],[133.350465,35.446907],[133.34962,35.447064],[133.349313,35.447139],[133.348674,35.447293],[133.348087,35.447423]]]},"properties":{"code":"31202058106","name":"東福原六丁目","kihon1":"0581"}},
{"type":"Feature","geometry":{"type":"Polygon","coordinates":[[[133.350817,35.446827],[133.351094,35.44783],[133.351203,35.448055],[133.351233,35.44813],[133.351287,35.448266],[133.351318,35.448338],[133.351357,35.448439],[133.351502,35.44881],[133.351706,35.449275],[133.351854,35.449639],[133.351989,35.449966],[133.352027,35.450057],[133.352296,35.450717],[133.352364,35.450889],[133.352485,35.451198],[133.352562,35.451372],[133.352521,35.451565],[133.352071,35.452484],[133.351967,35.452515],[133.351299,35.452677],[133.350661,35.45283],[133.349947,35.452998],[133.349897,35.453009],[133.349437,35.451966],[133.349329,35.451701],[133.34904,35.450955],[133.348921,35.450639],[133.348792,35.450321],[133.348753,35.450216],[133.348641,35.449885],[133.348547,35.449621],[133.348381,35.449089],[133.348355,35.448873],[133.348337,35.448663],[133.348312,35.44838],[133.348255,35.448178],[133.348065,35.447607],[133.348087,35.447423],[133.348674,35.447293],[133.349313,35.447139],[133.34962,35.447064],[133.350465,35.446907],[133.350497,35.446898],[133.350817,35.446827]]]},"properties":{"code":"31202058107","name":"東福原七丁目","kihon1":"0581"}},
{"type":"Feature","geometry":{"type":"Polygon","coordinates":[[[133.348087,35.447423],[133.348065,35.447607],[133.348255,35.448178],[133.348312,35.44838],[133.348337,35.448663],[133.348355,35.448873],[133.348381,35.449089],[133.348547,35.449621],[133.348641,35.449885],[133.348753,35.450216],[133.348792,35.450321],[133.348921,35.450639],[133.34904,35.450955],[133.349329,35.451701],[133.349437,35.451966],[133.349897,35.453009],[133.349226,35.453184],[133.349017,35.453242],[133.348992,35.453249],[133.348439,35.453383],[133.348327,35.453411],[133.347956,35.453496],[133.347456,35.453618],[133.347425,35.453626],[133.347068,35.453708],[133.346777,35.453781],[133.346353,35.453879],[133.346098,35.453097],[133.346061,35.452975],[133.345901,35.452464],[133.345802,35.45212],[133.345708,35.451729],[133.345619,35.451334],[133.34548,35.450862],[133.345377,35.450455],[133.345339,35.450211],[133.34525,35.449706],[133.345173,35.449495],[133.345008,35.449059],[133.344916,35.448812],[133.344894,35.44875],[133.344872,35.448694],[133.344707,35.448263],[133.34517,35.448125],[133.345628,35.448024],[133.346418,35.447855],[133.346538,35.447828],[133.346989,35.447726],[133.347066,35.447701],[133.348087,35.447423]]]},"properties":{"code":"31202058108","name":"東福原八丁目","kihon1":"0581"}},
{"type":"Feature","geometry":{"type":"Polygon","coordinates":[[[133.340599,35.437566],[133.339892,35.437946],[133.339223,35.437452],[133.338508,35.436914],[133.338586,35.436925],[133.338631,35.436929],[133.33867,35.436928],[133.338725,35.436914],[133.338777,35.436887],[133.338887,35.436777],[133.338904,35.436771],[133.339087,35.436807],[133.339119,35.436653],[133.339236,35.436559],[133.339355,35.436579],[133.339646,35.436624],[133.339672,35.436554],[133.339741,35.436534],[133.339877,35.436472],[133.340055,35.436623],[133.3402,35.436574],[133.340355,35.436833],[133.34039,35.436968],[133.340419,35.43708],[133.340448,35.437207],[133.340476,35.437288],[133.340505,35.437363],[133.340537,35.437434],[133.340599,35.437566]]]},"properties":{"code":"31202059100","name":"西福原","kihon1":"0591"}},
{"type":"Feature","geometry":{"type":"Polygon","coordinates":[[[133.34129,35.43897],[133.339567,35.439948],[133.339476,35.439998],[133.338764,35.4404],[133.338002,35.440822],[133.337975,35.440837],[133.337293,35.44121],[133.336464,35.439874],[133.336581,35.439808],[133.337302,35.43942],[133.33788,35.439118],[133.338569,35.438739],[133.338962,35.438523],[133.339928,35.437972],[133.34129,35.43897]]]},"properties":{"code":"31202059101","name":"西福原一丁目","kihon1":"0591"}},
{"type":"Feature","geometry":{"type":"Polygon","coordinates":[[[133.343235,35.440417],[133.342112,35.441003],[133.341861,35.441117],[133.341234,35.441356],[133.34104,35.441457],[133.340953,35.441501],[133.339975,35.442022],[133.33973,35.442143],[133.339356,35.442355],[133.339034,35.442526],[133.338757,35.442617],[133.337913,35.442895],[133.337463,35.443054],[133.337328,35.44272],[133.33741,35.442365],[133.337384,35.442299],[133.33736,35.442075],[133.337394,35.441517],[133.337436,35.441503],[133.337361,35.441318],[133.337293,35.44121],[133.337975,35.440837],[133.338002,35.440822],[133.338764,35.4404],[133.339476,35.439998],[133.339567,35.439948],[133.34129,35.43897],[133.343235,35.440417]]]},"properties":{"code":"31202059102","name":"西福原二丁目","kihon1":"0591"}},
{"type":"Feature","geometry":{"type":"Polygon","coordinates":[[[133.343235,35.440417],[133.343647,35.440735],[133.343936,35.440959],[133.344033,35.44104],[133.345204,35.441934],[133.345861,35.442417],[133.346219,35.442691],[133.346358,35.442797],[133.346013,35.442918],[133.345734,35.443006],[133.345555,35.443064],[133.345439,35.4431],[133.345065,35.443226],[133.344905,35.443277],[133.344428,35.443439],[133.34392,35.443612],[133.343361,35.443798],[133.343327,35.44381],[133.34228,35.444157],[133.341932,35.443436],[133.341608,35.442788],[133.340953,35.441501],[133.34104,35.441457],[133.341234,35.441356],[133.341861,35.441117],[133.342112,35.441003],[133.343235,35.440417]]]},"properties":{"code":"31202059103","name":"西福原三丁目","kihon1":"0591"}},
{"type":"Feature","geometry":{"type":"Polygon","coordinates":[[[133.340953,35.441501],[133.341608,35.442788],[133.341932,35.443436],[133.34228,35.444157],[133.341259,35.444512],[133.34017,35.444878],[133.339094,35.445237],[133.338033,35.445607],[133.337334,35.444257],[133.337321,35.444204],[133.337027,35.443199],[133.337463,35.443054],[133.337913,35.442895],[133.338757,35.442617],[133.339034,35.442526],[133.339356,35.442355],[133.33973,35.442143],[133.339975,35.442022],[133.340953,35.441501]]]},"properties":{"code":"31202059104","name":"西福原四丁目","kihon1":"0591"}},
{"type":"Feature","geometry":{"type":"Polygon","coordinates":[[[133.34228,35.444157],[133.34279,35.44512],[133.343319,35.446135],[133.342266,35.446505],[133.342235,35.446515],[133.341768,35.44667],[133.341192,35.446861],[133.340124,35.447209],[133.340098,35.447216],[133.339051,35.447574],[133.338539,35.446578],[133.338033,35.445607],[133.339094,35.445237],[133.34017,35.444878],[133.341259,35.444512],[133.34228,35.444157]]]},"properties":{"code":"31202059105","name":"西福原五丁目","kihon1":"0591"}},
{"type":"Feature","geometry":{"type":"Polygon","coordinates":[[[133.343356,35.446204],[133.34399,35.447412],[133.344335,35.447302],[133.344519,35.447777],[133.344707,35.448263],[133.3432,35.448754],[133.343095,35.448784],[133.342498,35.448953],[133.342219,35.449021],[133.341672,35.449187],[133.341094,35.449377],[133.340739,35.449501],[133.340467,35.449595],[133.340384,35.449624],[133.339588,35.449869],[133.338964,35.45001],[133.338576,35.450125],[133.337864,35.450307],[133.337655,35.450361],[133.336889,35.450575],[133.336719,35.450616],[133.336647,35.45045],[133.336612,35.450325],[133.336627,35.450113],[133.33665,35.4499],[133.336641,35.449863],[133.336496,35.449236],[133.336477,35.449154],[133.33634,35.448507],[133.337067,35.448267],[133.33711,35.448253],[133.337957,35.447932],[133.339051,35.447574],[133.340098,35.447216],[133.340124,35.447209],[133.341192,35.446861],[133.341768,35.44667],[133.342235,35.446515],[133.342266,35.446505],[133.343319,35.446135],[133.343356,35.446204]]]},"properties":{"code":"31202059106","name":"西福原六丁目","kihon1":"0591"}},
{"type":"Feature","geometry":{"type":"Polygon","coordinates":[[[133.344707,35.448263],[133.344872,35.448694],[133.344894,35.44875],[133.344916,35.448812],[133.345008,35.449059],[133.345173,35.449495],[133.34525,35.449706],[133.345339,35.450211],[133.345377,35.450455],[133.34548,35.450862],[133.345619,35.451334],[133.345708,35.451729],[133.345802,35.45212],[133.345901,35.452464],[133.346061,35.452975],[133.346098,35.453097],[133.346353,35.453879],[133.346368,35.453923],[133.344807,35.45434],[133.34477,35.454346],[133.344117,35.454517],[133.343625,35.454646],[133.343536,35.454288],[133.343444,35.453912],[133.343286,35.453356],[133.343211,35.453094],[133.343163,35.452896],[133.34283,35.451677],[133.342765,35.451449],[133.342644,35.451116],[133.342595,35.45099],[133.342411,35.450389],[133.342425,35.450205],[133.342471,35.449837],[133.342263,35.449309],[133.342215,35.449114],[133.342219,35.449021],[133.342498,35.448953],[133.343095,35.448784],[133.3432,35.448754],[133.344707,35.448263]]]},"properties":{"code":"31202059107","name":"西福原七丁目","kihon1":"0591"}},
{"type":"Feature","geometry":{"type":"Polygon","coordinates":[[[133.342219,35.449021],[133.342215,35.449114],[133.342263,35.449309],[133.342471,35.449837],[133.342425,35.450205],[133.342411,35.450389],[133.342595,35.45099],[133.342644,35.451116],[133.342765,35.451449],[133.34283,35.451677],[133.343163,35.452896],[133.343211,35.453094],[133.343286,35.453356],[133.343444,35.453912],[133.343536,35.454288],[133.343625,35.454646],[133.343551,35.454665],[133.343484,35.454682],[133.342871,35.454832],[133.342235,35.454987],[133.341768,35.455104],[133.340643,35.455385],[133.340218,35.455498],[133.340211,35.4555],[133.339932,35.454559],[133.339906,35.454482],[133.339532,35.453325],[133.339519,35.45326],[133.339411,35.45289],[133.339376,35.452769],[133.339301,35.452544],[133.339037,35.451606],[133.3391,35.451472],[133.339114,35.451435],[133.33907,35.451191],[133.339075,35.450959],[133.33898,35.450781],[133.338576,35.450125],[133.338964,35.45001],[133.339588,35.449869],[133.340384,35.449624],[133.340467,35.449595],[133.340739,35.449501],[133.341094,35.449377],[133.341672,35.449187],[133.342219,35.449021]]]},"properties":{"code":"31202059108","name":"西福原八丁目","kihon1":"0591"}},
{"type":"Feature","geometry":{"type":"Polygon","coordinates":[[[133.338576,35.450125],[133.33898,35.450781],[133.339075,35.450959],[133.33907,35.451191],[133.339114,35.451435],[133.3391,35.451472],[133.339037,35.451606],[133.339301,35.452544],[133.339376,35.452769],[133.339411,35.45289],[133.339519,35.45326],[133.339532,35.453325],[133.339906,35.454482],[133.339932,35.454559],[133.340211,35.4555],[133.339347,35.455715],[133.338414,35.455948],[133.337896,35.456085],[133.337548,35.456176],[133.33633,35.456494],[133.335983,35.456586],[133.335856,35.45622],[133.335862,35.455992],[133.335965,35.455699],[133.336021,35.455551],[133.336114,35.455368],[133.336189,35.455267],[133.33622,35.45516],[133.33626,35.454947],[133.336324,35.454665],[133.336346,35.454542],[133.336445,35.454222],[133.336473,35.454073],[133.336476,35.454016],[133.33647,35.453517],[133.336609,35.452757],[133.336729,35.452097],[133.33677,35.451329],[133.3368,35.450881],[133.336719,35.450616],[133.336889,35.450575],[133.337655,35.450361],[133.337864,35.450307],[133.338576,35.450125]]]},"properties":{"code":"31202059109","name":"西福原九丁目","kihon1":"0591"}},
{"type":"Feature","geometry":{"type":"Polygon","coordinates":[[[133.331611,35.440043],[133.331526,35.44011],[133.331368,35.440225],[133.331162,35.440406],[133.331006,35.440556],[133.33096,35.440503],[133.330932,35.440443],[133.330887,35.44032],[133.33085,35.440281],[133.330671,35.44015],[133.330774,35.439965],[133.330538,35.43982],[133.329985,35.439538],[133.329568,35.439354],[133.32921,35.439639],[133.328883,35.4399],[133.328642,35.439704],[133.328841,35.43954],[133.328751,35.439466],[133.329214,35.439101],[133.329272,35.439056],[133.329497,35.438869],[133.329607,35.438958],[133.329722,35.438862],[133.329963,35.439061],[133.330222,35.438855],[133.330485,35.439086],[133.330743,35.438863],[133.331087,35.439136],[133.331423,35.438849],[133.331505,35.438917],[133.331587,35.43885],[133.332188,35.439251],[133.331611,35.440043]]]},"properties":{"code":"31202060100","name":"米原","kihon1":"0601"}},
{"type":"Feature","geometry":{"type":"Polygon","coordinates":[[[133.328883,35.4399],[133.32921,35.439639],[133.329568,35.439354],[133.329985,35.439538],[133.330538,35.43982],[133.330774,35.439965],[133.330671,35.44015],[133.33085,35.440281],[133.330887,35.44032],[133.330932,35.440443],[133.33096,35.440503],[133.331006,35.440556],[133.330672,35.440901],[133.330565,35.441002],[133.330468,35.441091],[133.330245,35.44127],[133.329901,35.441533],[133.329677,35.4417],[133.329456,35.441871],[133.329075,35.442209],[133.328573,35.442728],[133.328531,35.442762],[133.327943,35.443269],[133.327804,35.443317],[133.327513,35.443501],[133.327028,35.443798],[133.326913,35.44387],[133.326672,35.444021],[133.326594,35.444072],[133.326188,35.444319],[133.325819,35.444557],[133.325821,35.444495],[133.325828,35.44427],[133.325821,35.443339],[133.325776,35.442772],[133.325772,35.442749],[133.325771,35.442727],[133.325841,35.442593],[133.325847,35.441834],[133.325816,35.44149],[133.325806,35.441412],[133.32609,35.44139],[133.326233,35.441366],[133.326858,35.441216],[133.327914,35.440934],[133.327708,35.440803],[133.328081,35.440518],[133.328469,35.440207],[133.328685,35.440053],[133.328842,35.43993],[133.328883,35.4399]]]},"properties":{"code":"31202060101","name":"米原一丁目","kihon1":"0601"}},
{"type":"Feature","geometry":{"type":"Polygon","coordinates":[[[133.331006,35.440556],[133.331153,35.440705],[133.331201,35.440717],[133.331263,35.440734],[133.332459,35.44204],[133.3318,35.442395],[133.330406,35.443134],[133.329748,35.443485],[133.329394,35.443674],[133.329364,35.44369],[133.329335,35.443705],[133.328226,35.444302],[133.32762,35.444616],[133.327109,35.444893],[133.326858,35.445031],[133.326772,35.445078],[133.326486,35.445236],[133.325844,35.445582],[133.32582,35.445595],[133.32581,35.445178],[133.325819,35.444557],[133.326188,35.444319],[133.326594,35.444072],[133.326672,35.444021],[133.326913,35.44387],[133.327028,35.443798],[133.327513,35.443501],[133.327804,35.443317],[133.327943,35.443269],[133.328531,35.442762],[133.328573,35.442728],[133.329075,35.442209],[133.329456,35.441871],[133.329677,35.4417],[133.329901,35.441533],[133.330245,35.44127],[133.330468,35.441091],[133.330565,35.441002],[133.330672,35.440901],[133.331006,35.440556]]]},"properties":{"code":"31202060102","name":"米原二丁目","kihon1":"0601"}},
{"type":"Feature","geometry":{"type":"Polygon","coordinates":[[[133.335638,35.438565],[133.335845,35.439245],[133.336035,35.439881],[133.336089,35.440073],[133.335512,35.440378],[133.335248,35.440512],[133.334892,35.440712],[133.334147,35.441116],[133.332974,35.441768],[133.332914,35.4418],[133.332698,35.441913],[133.332459,35.44204],[133.331263,35.440734],[133.331201,35.440717],[133.331153,35.440705],[133.331006,35.440556],[133.331162,35.440406],[133.331368,35.440225],[133.331526,35.44011],[133.331611,35.440043],[133.331818,35.43992],[133.33192,35.439871],[133.33202,35.439827],[133.332243,35.439734],[133.332477,35.439665],[133.332648,35.439625],[133.333277,35.439512],[133.334285,35.439342],[133.334971,35.439229],[133.335638,35.438565]]]},"properties":{"code":"31202060103","name":"米原三丁目","kihon1":"0601"}},
{"type":"Feature","geometry":{"type":"Polygon","coordinates":[[[133.337293,35.44121],[133.337361,35.441318],[133.336562,35.44175],[133.336021,35.44204],[133.335605,35.442255],[133.334844,35.44269],[133.333455,35.443435],[133.332814,35.443784],[133.332265,35.44301],[133.3318,35.442395],[133.332459,35.44204],[133.332698,35.441913],[133.332914,35.4418],[133.332974,35.441768],[133.334147,35.441116],[133.334892,35.440712],[133.335248,35.440512],[133.335512,35.440378],[133.336089,35.440073],[133.336464,35.439874],[133.337293,35.44121]]]},"properties":{"code":"31202060104","name":"米原四丁目","kihon1":"0601"}},
{"type":"Feature","geometry":{"type":"Polygon","coordinates":[[[133.3318,35.442395],[133.332265,35.44301],[133.332814,35.443784],[133.331467,35.444505],[133.330449,35.445048],[133.330405,35.445072],[133.329983,35.445305],[133.328914,35.445895],[133.328387,35.446171],[133.327641,35.446575],[133.326643,35.447099],[133.326597,35.447013],[133.326199,35.44627],[133.325844,35.445582],[133.326486,35.445236],[133.326772,35.445078],[133.326858,35.445031],[133.327109,35.444893],[133.32762,35.444616],[133.328226,35.444302],[133.329335,35.443705],[133.329364,35.44369],[133.329394,35.443674],[133.329748,35.443485],[133.330406,35.443134],[133.3318,35.442395]]]},"properties":{"code":"31202060105","name":"米原五丁目","kihon1":"0601"}},
{"type":"Feature","geometry":{"type":"Polygon","coordinates":[[[133.337361,35.441318],[133.337436,35.441503],[133.337394,35.441517],[133.33736,35.442075],[133.337384,35.442299],[133.33741,35.442365],[133.337328,35.44272],[133.337463,35.443054],[133.337027,35.443199],[133.337321,35.444204],[133.337334,35.444257],[133.338033,35.445607],[133.338539,35.446578],[133.339051,35.447574],[133.337957,35.447932],[133.33711,35.448253],[133.336826,35.447902],[133.336365,35.447324],[133.33635,35.447306],[133.335609,35.44642],[133.335403,35.446191],[133.334952,35.44561],[133.334855,35.445487],[133.334693,35.445257],[133.334518,35.44501],[133.334394,35.444836],[133.334242,35.444776],[133.333856,35.444717],[133.333669,35.444672],[133.333527,35.444589],[133.333414,35.444469],[133.332814,35.443784],[133.333455,35.443435],[133.334844,35.44269],[133.335605,35.442255],[133.336021,35.44204],[133.336562,35.44175],[133.337361,35.441318]]]},"properties":{"code":"31202060106","name":"米原六丁目","kihon1":"0601"}},
{"type":"Feature","geometry":{"type":"Polygon","coordinates":[[[133.332814,35.443784],[133.333414,35.444469],[133.333527,35.444589],[133.333669,35.444672],[133.333856,35.444717],[133.334242,35.444776],[133.334394,35.444836],[133.334518,35.44501],[133.334693,35.445257],[133.334855,35.445487],[133.334952,35.44561],[133.335403,35.446191],[133.335101,35.446293],[133.334195,35.446609],[133.334058,35.446658],[133.333382,35.446886],[133.33315,35.446966],[133.332242,35.447273],[133.332201,35.447287],[133.331165,35.447621],[133.330665,35.447805],[133.329778,35.448102],[133.329768,35.448081],[133.329399,35.447138],[133.329133,35.44647],[133.328914,35.445895],[133.329983,35.445305],[133.330405,35.445072],[133.330449,35.445048],[133.331467,35.444505],[133.332814,35.443784]]]},"properties":{"code":"31202060107","name":"米原七丁目","kihon1":"0601"}},
{"type":"Feature","geometry":{"type":"Polygon","coordinates":[[[133.335403,35.446191],[133.335609,35.44642],[133.33635,35.447306],[133.336365,35.447324],[133.336826,35.447902],[133.33711,35.448253],[133.337067,35.448267],[133.33634,35.448507],[133.336268,35.448531],[133.335193,35.448901],[133.33429,35.449216],[133.333372,35.449523],[133.332348,35.449865],[133.331032,35.45032],[133.330441,35.449331],[133.329778,35.448102],[133.330665,35.447805],[133.331165,35.447621],[133.332201,35.447287],[133.332242,35.447273],[133.33315,35.446966],[133.333382,35.446886],[133.334058,35.446658],[133.334195,35.446609],[133.335101,35.446293],[133.335403,35.446191]]]},"properties":{"code":"31202060108","name":"米原八丁目","kihon1":"0601"}},
{"type":"Feature","geometry":{"type":"Polygon","coordinates":[[[133.328914,35.445895],[133.329133,35.44647],[133.329399,35.447138],[133.329768,35.448081],[133.329778,35.448102],[133.330441,35.449331],[133.331032,35.45032],[133.330584,35.450468],[133.330173,35.450603],[133.329771,35.450741],[133.328692,35.451105],[133.32818,35.450084],[133.327922,35.449585],[133.32755,35.448849],[133.327542,35.448832],[133.327056,35.447885],[133.326643,35.447099],[133.327641,35.446575],[133.328387,35.446171],[133.328914,35.445895]]]},"properties":{"code":"31202060109","name":"米原九丁目","kihon1":"0601"}},
{"type":"Feature","geometry":{"type":"Polygon","coordinates":[[[133.380653,35.405421],[133.380391,35.405547],[133.379665,35.405959],[133.379649,35.405969],[133.379596,35.405994],[133.378819,35.406362],[133.37857,35.406525],[133.37767,35.406991],[133.377365,35.407189],[133.376719,35.407554],[133.376276,35.407875],[133.375932,35.408123],[133.37533,35.408665],[133.374628,35.409254],[133.373649,35.41015],[133.372977,35.410743],[133.371646,35.411915],[133.370159,35.413222],[133.369993,35.41337],[133.369174,35.414101],[133.368866,35.414507],[133.368619,35.414651],[133.368322,35.415083],[133.368297,35.41513],[133.368266,35.415178],[133.367943,35.415726],[133.367602,35.41638],[133.367235,35.417301],[133.367143,35.417531],[133.366921,35.41838],[133.366904,35.418442],[133.36686,35.418589],[133.366644,35.419112],[133.364117,35.419065],[133.364152,35.418938],[133.364181,35.418748],[133.364154,35.418306],[133.364048,35.417819],[133.363897,35.417353],[133.363753,35.417058],[133.363605,35.416763],[133.36342,35.416489],[133.363156,35.416191],[133.362985,35.416013],[133.362623,35.415722],[133.36239,35.415482],[133.362066,35.415181],[133.362113,35.414975],[133.362245,35.414742],[133.362407,35.414481],[133.362494,35.414298],[133.362861,35.414052],[133.363298,35.413695],[133.363558,35.413353],[133.363652,35.413177],[133.36374,35.412799],[133.363752,35.412718],[133.363808,35.412361],[133.363813,35.411908],[133.363839,35.411115],[133.363331,35.411315],[133.362974,35.411452],[133.361991,35.412079],[133.361241,35.41137],[133.36178,35.411009],[133.362268,35.4107],[133.362468,35.410563],[133.362917,35.410189],[133.363033,35.410015],[133.363124,35.409769],[133.363127,35.409551],[133.363089,35.409278],[133.363058,35.409051],[133.363053,35.409034],[133.363001,35.408877],[133.36291,35.40866],[133.362655,35.408127],[133.3626,35.407959],[133.363153,35.407627],[133.363377,35.407482],[133.363421,35.407442],[133.363377,35.407165],[133.363343,35.406964],[133.363313,35.406765],[133.3633,35.406512],[133.36332,35.406333],[133.363394,35.405844],[133.363421,35.405763],[133.363491,35.405528],[133.363528,35.405427],[133.363608,35.40518],[133.363645,35.40508],[133.363692,35.404902],[133.363717,35.404848],[133.364027,35.404858],[133.364043,35.405035],[133.364076,35.405252],[133.364136,35.405492],[133.364387,35.40598],[133.364264,35.406082],[133.364241,35.406133],[133.364343,35.406241],[133.364229,35.406365],[133.364206,35.406409],[133.364219,35.406457],[133.36434,35.406565],[133.364459,35.406334],[133.364482,35.406279],[133.364561,35.40614],[133.364638,35.406067],[133.364698,35.405964],[133.364741,35.405696],[133.364742,35.405622],[133.364813,35.405633],[133.36494,35.405635],[133.364985,35.405606],[133.364986,35.405582],[133.364996,35.40544],[133.365016,35.405282],[133.365105,35.405054],[133.36516,35.404918],[133.36517,35.40483],[133.365136,35.404705],[133.36503,35.404527],[133.365022,35.404472],[133.365158,35.404421],[133.365298,35.404384],[133.36554,35.404779],[133.365668,35.40505],[133.365697,35.405147],[133.365734,35.405306],[133.3658,35.405382],[133.366108,35.405015],[133.366408,35.404628],[133.366563,35.404398],[133.36576,35.404137],[133.366087,35.403603],[133.366184,35.403597],[133.36659,35.403557],[133.366666,35.403421],[133.366684,35.403193],[133.366683,35.403148],[133.366624,35.403028],[133.366589,35.403016],[133.366437,35.403039],[133.366361,35.403051],[133.366254,35.403059],[133.366162,35.403027],[133.366033,35.402925],[133.366026,35.402906],[133.366043,35.402878],[133.366122,35.402788],[133.366134,35.40277],[133.366094,35.402735],[133.365944,35.402637],[133.365856,35.402567],[133.365779,35.402493],[133.365653,35.402351],[133.365586,35.402199],[133.365594,35.402132],[133.365718,35.402038],[133.365736,35.401973],[133.365691,35.401766],[133.365686,35.401727],[133.365933,35.40167],[133.366077,35.401639],[133.36645,35.401551],[133.366633,35.401506],[133.366712,35.401478],[133.366684,35.401393],[133.366654,35.401314],[133.366598,35.401296],[133.366507,35.401296],[133.36609,35.401323],[133.366027,35.401199],[133.365958,35.401185],[133.365376,35.401272],[133.365334,35.401148],[133.365243,35.400734],[133.365503,35.400721],[133.365773,35.400703],[133.365888,35.400603],[133.365985,35.400481],[133.366129,35.400485],[133.366316,35.400534],[133.366622,35.400747],[133.366734,35.400792],[133.366878,35.400782],[133.366958,35.400746],[133.36707,35.400593],[133.36708,35.400571],[133.367288,35.40006],[133.367315,35.400033],[133.367338,35.400032],[133.368058,35.399982],[133.368121,35.399978],[133.368192,35.39997],[133.368588,35.399966],[133.368699,35.399931],[133.369078,35.399936],[133.369046,35.400166],[133.369218,35.400158],[133.369322,35.400145],[133.369951,35.399941],[133.370353,35.399681],[133.370509,35.399552],[133.370809,35.399288],[133.370911,35.399186],[133.370925,35.399033],[133.370935,35.398906],[133.371191,35.398814],[133.371447,35.398724],[133.37162,35.39867],[133.371924,35.398558],[133.371997,35.398425],[133.372069,35.398449],[133.372192,35.398172],[133.372292,35.398082],[133.372206,35.397973],[133.372295,35.397902],[133.372436,35.397776],[133.37252,35.397685],[133.372647,35.397458],[133.373055,35.397634],[133.373023,35.397492],[133.373108,35.39755],[133.373172,35.397576],[133.373283,35.39761],[133.373348,35.397621],[133.373646,35.397635],[133.373914,35.397684],[133.374055,35.397768],[133.374146,35.39778],[133.374204,35.397752],[133.374304,35.397649],[133.374329,35.397621],[133.374394,35.397584],[133.374482,35.397562],[133.374675,35.397551],[133.375216,35.397519],[133.375751,35.397494],[133.375852,35.397489],[133.375936,35.397443],[133.376163,35.397179],[133.376356,35.39736],[133.376729,35.397706],[133.377239,35.398202],[133.37734,35.398314],[133.377538,35.398532],[133.377694,35.398701],[133.376543,35.39933],[133.376391,35.399411],[133.376233,35.399424],[133.376031,35.399409],[133.376026,35.399521],[133.376041,35.39981],[133.375629,35.400002],[133.375795,35.400959],[133.376011,35.402051],[133.379496,35.401624],[133.379657,35.401608],[133.379805,35.402367],[133.380026,35.403579],[133.380107,35.40396],[133.380272,35.404212],[133.38099,35.405248],[133.380653,35.405421]]]},"properties":{"code":"312020610","name":"福市","kihon1":"0610"}},
{"type":"Feature","geometry":{"type":"Polygon","coordinates":[[[133.393782,35.400406],[133.393173,35.400906],[133.392638,35.401192],[133.392167,35.401391],[133.391513,35.401655],[133.390376,35.401972],[133.389316,35.402299],[133.388659,35.402502],[133.38803,35.402666],[133.38714,35.402914],[133.386138,35.403262],[133.385315,35.403521],[133.385065,35.403622],[133.384403,35.403869],[133.382956,35.404426],[133.382267,35.404685],[133.381647,35.404918],[133.38099,35.405248],[133.380272,35.404212],[133.380107,35.40396],[133.380026,35.403579],[133.379805,35.402367],[133.379657,35.401608],[133.379496,35.401624],[133.376011,35.402051],[133.375795,35.400959],[133.375629,35.400002],[133.376041,35.39981],[133.376026,35.399521],[133.376031,35.399409],[133.376233,35.399424],[133.376391,35.399411],[133.376543,35.39933],[133.377694,35.398701],[133.377538,35.398532],[133.37734,35.398314],[133.377363,35.398165],[133.377406,35.398116],[133.378414,35.397592],[133.378484,35.397553],[133.378403,35.397461],[133.378267,35.397552],[133.378072,35.397654],[133.377927,35.397717],[133.377702,35.397423],[133.37766,35.397357],[133.377755,35.397351],[133.377756,35.397351],[133.379308,35.397206],[133.379478,35.397193],[133.379857,35.397169],[133.38006,35.397157],[133.380127,35.397141],[133.380495,35.397108],[133.381186,35.397066],[133.381596,35.39703],[133.381722,35.397011],[133.381719,35.396971],[133.381704,35.396894],[133.381645,35.396734],[133.381697,35.396705],[133.381896,35.396613],[133.382104,35.396663],[133.382378,35.396705],[133.382399,35.396662],[133.38241,35.396463],[133.382535,35.396443],[133.382636,35.396437],[133.382803,35.396436],[133.383021,35.39643],[133.383298,35.396419],[133.383485,35.396432],[133.383805,35.396457],[133.384038,35.396492],[133.384327,35.396512],[133.38446,35.396507],[133.384475,35.396674],[133.384907,35.396609],[133.385457,35.396542],[133.385631,35.396523],[133.385938,35.396457],[133.386974,35.39633],[133.389141,35.396028],[133.389127,35.396061],[133.389087,35.396237],[133.389153,35.396684],[133.389188,35.396954],[133.389413,35.396946],[133.389915,35.396915],[133.391594,35.396844],[133.391515,35.395956],[133.394695,35.395809],[133.395231,35.395778],[133.395187,35.395166],[133.395369,35.395156],[133.395697,35.395138],[133.395789,35.395112],[133.395852,35.39507],[133.395903,35.394958],[133.395938,35.394686],[133.39652,35.394699],[133.397837,35.394802],[133.397921,35.394808],[133.397731,35.39531],[133.397565,35.395748],[133.397526,35.395875],[133.397492,35.396052],[133.397417,35.396435],[133.397246,35.396943],[133.397163,35.397083],[133.397045,35.397281],[133.396956,35.397403],[133.396679,35.397783],[133.395942,35.398635],[133.395632,35.398864],[133.39504,35.3994],[133.394999,35.399432],[133.394004,35.400225],[133.393782,35.400406]]]},"properties":{"code":"312020620","name":"八幡","kihon1":"0620"}},
{"type":"Feature","geometry":{"type":"Polygon","coordinates":[[[133.389141,35.396028],[133.386974,35.39633],[133.385938,35.396457],[133.385631,35.396523],[133.385457,35.396542],[133.384907,35.396609],[133.384475,35.396674],[133.38446,35.396507],[133.384327,35.396512],[133.384038,35.396492],[133.383805,35.396457],[133.383485,35.396432],[133.383298,35.396419],[133.383021,35.39643],[133.382803,35.396436],[133.382636,35.396437],[133.382535,35.396443],[133.38241,35.396463],[133.382399,35.396662],[133.382378,35.396705],[133.382104,35.396663],[133.381896,35.396613],[133.381697,35.396705],[133.381645,35.396734],[133.381704,35.396894],[133.381719,35.396971],[133.381722,35.397011],[133.381596,35.39703],[133.381186,35.397066],[133.380495,35.397108],[133.380127,35.397141],[133.38006,35.397157],[133.379857,35.397169],[133.379478,35.397193],[133.379308,35.397206],[133.377756,35.397351],[133.377755,35.397351],[133.37766,35.397357],[133.377702,35.397423],[133.377927,35.397717],[133.378072,35.397654],[133.378267,35.397552],[133.378403,35.397461],[133.378484,35.397553],[133.378414,35.397592],[133.377406,35.398116],[133.377363,35.398165],[133.37734,35.398314],[133.377239,35.398202],[133.376729,35.397706],[133.376356,35.39736],[133.376163,35.397179],[133.375936,35.397443],[133.375852,35.397489],[133.375751,35.397494],[133.375216,35.397519],[133.374675,35.397551],[133.374482,35.397562],[133.374394,35.397584],[133.374329,35.397621],[133.374304,35.397649],[133.374204,35.397752],[133.374146,35.39778],[133.374055,35.397768],[133.373914,35.397684],[133.373646,35.397635],[133.373348,35.397621],[133.373283,35.39761],[133.373172,35.397576],[133.373108,35.39755],[133.373023,35.397492],[133.373032,35.397417],[133.373101,35.39732],[133.37322,35.397208],[133.373353,35.397107],[133.373558,35.396963],[133.373769,35.396866],[133.373926,35.396778],[133.374086,35.396669],[133.374222,35.396557],[133.3743,35.396478],[133.374375,35.396401],[133.374518,35.396247],[133.374586,35.396088],[133.374622,35.3959],[133.37478,35.395749],[133.374927,35.395473],[133.374864,35.395435],[133.374794,35.395417],[133.374753,35.395437],[133.374624,35.39551],[133.374579,35.395503],[133.374517,35.395469],[133.374378,35.395397],[133.374231,35.395308],[133.373904,35.394855],[133.373887,35.394771],[133.373824,35.394645],[133.373747,35.39456],[133.373605,35.394447],[133.373587,35.394405],[133.37354,35.394305],[133.373436,35.3942],[133.373208,35.394076],[133.373186,35.3939],[133.373177,35.393787],[133.373175,35.393688],[133.373163,35.393583],[133.373125,35.393385],[133.373094,35.393278],[133.373065,35.393182],[133.372952,35.392964],[133.372857,35.392764],[133.372853,35.392675],[133.372859,35.392595],[133.372837,35.392523],[133.372992,35.39246],[133.373129,35.392412],[133.373273,35.392374],[133.373438,35.392336],[133.373872,35.392284],[133.374162,35.392194],[133.37435,35.392079],[133.374608,35.391937],[133.374995,35.391734],[133.375509,35.391568],[133.375599,35.391514],[133.375733,35.391407],[133.375834,35.391301],[133.376003,35.391177],[133.376224,35.391037],[133.376559,35.390856],[133.376867,35.390681],[133.376867,35.390676],[133.377015,35.390581],[133.377128,35.390487],[133.377156,35.390423],[133.377153,35.390357],[133.377143,35.390291],[133.377148,35.390197],[133.377171,35.390127],[133.377213,35.390045],[133.377249,35.390012],[133.377288,35.389934],[133.37749,35.389691],[133.377577,35.389608],[133.377603,35.389558],[133.377669,35.389432],[133.377844,35.389266],[133.378046,35.38915],[133.378371,35.38911],[133.378654,35.389137],[133.378703,35.389073],[133.378717,35.38893],[133.378754,35.388817],[133.378815,35.388763],[133.37925,35.388671],[133.379497,35.388641],[133.379715,35.388613],[133.379835,35.388609],[133.379988,35.388587],[133.380061,35.38856],[133.380137,35.388506],[133.380241,35.388417],[133.380427,35.388244],[133.380854,35.388005],[133.381525,35.38762],[133.381608,35.387725],[133.381968,35.388156],[133.382127,35.388293],[133.382385,35.3885],[133.382553,35.388382],[133.382804,35.388177],[133.382869,35.3881],[133.382886,35.388025],[133.382865,35.387651],[133.382816,35.387344],[133.382807,35.387142],[133.382808,35.387016],[133.382829,35.38687],[133.382868,35.386766],[133.382958,35.386742],[133.383165,35.386663],[133.383759,35.386366],[133.383987,35.386223],[133.384284,35.386068],[133.384367,35.385788],[133.384509,35.385361],[133.384559,35.38526],[133.384766,35.385122],[133.385088,35.384928],[133.385343,35.384766],[133.386157,35.384302],[133.386303,35.384303],[133.386678,35.384146],[133.387236,35.384006],[133.388034,35.38384],[133.388311,35.383773],[133.388453,35.383725],[133.388609,35.383665],[133.388959,35.383572],[133.389078,35.384258],[133.389063,35.38436],[133.389079,35.38447],[133.389172,35.384746],[133.389228,35.384949],[133.389255,35.385044],[133.389268,35.38514],[133.389295,35.385309],[133.389174,35.385302],[133.388841,35.385276],[133.388568,35.385318],[133.388254,35.385314],[133.388032,35.385353],[133.387758,35.385492],[133.387316,35.385833],[133.387006,35.385982],[133.386586,35.38611],[133.386382,35.386208],[133.386191,35.386269],[133.386096,35.386342],[133.385974,35.386471],[133.385921,35.386559],[133.385924,35.386842],[133.386039,35.38684],[133.386219,35.386816],[133.386409,35.386838],[133.386559,35.386833],[133.38659,35.387159],[133.386659,35.387563],[133.386766,35.38752],[133.386944,35.387458],[133.387136,35.387407],[133.387538,35.390625],[133.387523,35.390877],[133.387556,35.391217],[133.387565,35.391367],[133.38762,35.392296],[133.38845,35.392244],[133.389549,35.392132],[133.389829,35.392094],[133.389996,35.39208],[133.390002,35.392156],[133.390068,35.392997],[133.390603,35.393034],[133.39016,35.393104],[133.390232,35.39409],[133.389901,35.394105],[133.38897,35.394168],[133.388971,35.394195],[133.389053,35.394628],[133.38911,35.394914],[133.389132,35.39515],[133.389159,35.395948],[133.389155,35.395996],[133.389141,35.396028]]]},"properties":{"code":"312020630","name":"諏訪","kihon1":"0630"}},
{"type":"Feature","geometry":{"type":"Polygon","coordinates":[[[133.368192,35.39997],[133.368121,35.399978],[133.368058,35.399982],[133.367338,35.400032],[133.367315,35.400033],[133.367288,35.40006],[133.36708,35.400571],[133.36707,35.400593],[133.366958,35.400746],[133.366878,35.400782],[133.366734,35.400792],[133.366622,35.400747],[133.366316,35.400534],[133.366129,35.400485],[133.365985,35.400481],[133.365888,35.400603],[133.365773,35.400703],[133.365503,35.400721],[133.365243,35.400734],[133.365334,35.401148],[133.365376,35.401272],[133.365508,35.401458],[133.365428,35.401774],[133.36531,35.401857],[133.364643,35.401633],[133.364562,35.401509],[133.364539,35.401417],[133.364539,35.401292],[133.364535,35.401121],[133.364544,35.400835],[133.36432,35.400811],[133.364167,35.400813],[133.364075,35.400823],[133.364199,35.401379],[133.364228,35.401484],[133.364262,35.40158],[133.364141,35.401547],[133.364016,35.401446],[133.363848,35.401271],[133.363655,35.401066],[133.36349,35.400845],[133.363393,35.400681],[133.363332,35.400462],[133.363315,35.400278],[133.363335,35.400169],[133.363366,35.400039],[133.36345,35.399867],[133.363507,35.399777],[133.363485,35.399689],[133.363433,35.399552],[133.363312,35.399385],[133.363188,35.399181],[133.363165,35.398999],[133.363163,35.398783],[133.363153,35.398579],[133.36316,35.398467],[133.363165,35.398397],[133.363179,35.398224],[133.363148,35.398053],[133.363089,35.397777],[133.363011,35.397514],[133.362958,35.397255],[133.362878,35.397043],[133.362867,35.397015],[133.362735,35.396729],[133.362612,35.396497],[133.362488,35.396293],[133.362471,35.396264],[133.362152,35.395833],[133.361921,35.395469],[133.36177,35.395103],[133.361583,35.394765],[133.361387,35.394401],[133.361201,35.394034],[133.36115,35.393841],[133.361084,35.393547],[133.360989,35.393298],[133.360829,35.393029],[133.36046,35.392634],[133.360031,35.392263],[133.359583,35.391992],[133.359168,35.391627],[133.358788,35.391263],[133.358439,35.39092],[133.358212,35.390658],[133.358041,35.390419],[133.35864,35.390152],[133.358443,35.389853],[133.360739,35.389728],[133.360789,35.39042],[133.361985,35.390339],[133.362034,35.391314],[133.363573,35.39126],[133.363657,35.39175],[133.365554,35.391596],[133.365354,35.391761],[133.365237,35.391871],[133.365863,35.392201],[133.36602,35.39224],[133.366151,35.392254],[133.366331,35.392274],[133.36656,35.392272],[133.366797,35.39223],[133.366954,35.39219],[133.36707,35.392132],[133.367166,35.392023],[133.367195,35.391827],[133.367211,35.39164],[133.367217,35.391514],[133.367242,35.391405],[133.367296,35.391286],[133.367932,35.391351],[133.368419,35.391424],[133.368585,35.391435],[133.368704,35.391414],[133.368931,35.391347],[133.369165,35.391268],[133.369485,35.391119],[133.369707,35.391078],[133.370386,35.391043],[133.370829,35.390975],[133.371022,35.390914],[133.371204,35.390868],[133.371472,35.390818],[133.371694,35.390819],[133.372075,35.390826],[133.372465,35.390793],[133.372851,35.390712],[133.373278,35.390591],[133.373699,35.39042],[133.373878,35.390676],[133.374058,35.391093],[133.374224,35.391405],[133.374499,35.391798],[133.374608,35.391937],[133.37435,35.392079],[133.374162,35.392194],[133.373872,35.392284],[133.373438,35.392336],[133.373273,35.392374],[133.373129,35.392412],[133.372992,35.39246],[133.372837,35.392523],[133.372796,35.392537],[133.372722,35.392574],[133.372564,35.392651],[133.372405,35.392719],[133.372139,35.392842],[133.371636,35.393052],[133.371415,35.39314],[133.371279,35.3932],[133.371101,35.393295],[133.371007,35.393344],[133.370913,35.393379],[133.370835,35.393392],[133.370765,35.393397],[133.370634,35.393398],[133.37034,35.39338],[133.370122,35.393367],[133.370019,35.39347],[133.369845,35.39366],[133.369733,35.393625],[133.369666,35.393619],[133.369625,35.393627],[133.369538,35.39365],[133.369439,35.393683],[133.369409,35.393776],[133.369373,35.393854],[133.369322,35.393872],[133.369239,35.393887],[133.369137,35.39391],[133.368362,35.394089],[133.368286,35.394102],[133.368068,35.394046],[133.368098,35.393916],[133.367989,35.393952],[133.367702,35.393994],[133.367571,35.394001],[133.367479,35.393989],[133.367281,35.393948],[133.367277,35.393951],[133.367241,35.393988],[133.36719,35.394031],[133.367241,35.394088],[133.36698,35.394292],[133.366684,35.394527],[133.366566,35.394617],[133.366403,35.394757],[133.366337,35.394806],[133.366349,35.394839],[133.366418,35.394931],[133.366468,35.394976],[133.366543,35.395014],[133.366762,35.39508],[133.36678,35.395107],[133.366771,35.3952],[133.366554,35.395269],[133.366554,35.395286],[133.36656,35.395298],[133.366554,35.395323],[133.366361,35.39541],[133.366332,35.395422],[133.366335,35.395459],[133.366291,35.395538],[133.366225,35.395628],[133.366169,35.395723],[133.366136,35.395822],[133.366142,35.395844],[133.365994,35.395985],[133.366108,35.396072],[133.366328,35.396263],[133.366257,35.396331],[133.366127,35.396457],[133.366048,35.396431],[133.365892,35.396373],[133.365855,35.396358],[133.365801,35.396336],[133.365682,35.396294],[133.365635,35.396391],[133.365597,35.396469],[133.365526,35.396623],[133.365444,35.39679],[133.365407,35.396863],[133.365437,35.397005],[133.365485,35.397232],[133.365498,35.397289],[133.365515,35.397372],[133.365535,35.397407],[133.36562,35.397508],[133.365632,35.397562],[133.36562,35.397738],[133.365604,35.397947],[133.365627,35.398028],[133.36569,35.398185],[133.365726,35.398275],[133.365774,35.398414],[133.365771,35.398444],[133.365634,35.398483],[133.365656,35.398646],[133.365726,35.398844],[133.36584,35.399174],[133.365928,35.399407],[133.366027,35.399404],[133.366082,35.399378],[133.366111,35.399346],[133.366167,35.399308],[133.366336,35.399274],[133.366565,35.399252],[133.366576,35.399194],[133.367551,35.399189],[133.367773,35.399178],[133.367776,35.399109],[133.367788,35.399108],[133.368001,35.399096],[133.368108,35.399092],[133.368216,35.399091],[133.368169,35.399266],[133.36813,35.399402],[133.368109,35.399479],[133.368116,35.399554],[133.368151,35.399744],[133.368164,35.399859],[133.368192,35.39997]]]},"properties":{"code":"312020640","name":"青木","kihon1":"0640"}},
{"type":"Feature","geometry":{"type":"Polygon","coordinates":[[[133.370973,35.388778],[133.370902,35.388797],[133.37077,35.388803],[133.370657,35.388705],[133.370529,35.388549],[133.370406,35.388439],[133.370273,35.388361],[133.370145,35.388327],[133.370003,35.388317],[133.369906,35.388304],[133.369817,35.388279],[133.369704,35.388195],[133.369603,35.38808],[133.369448,35.388007],[133.369314,35.387956],[133.369099,35.387936],[133.368879,35.387925],[133.368718,35.387879],[133.368568,35.387808],[133.368412,35.387732],[133.368262,35.38767],[133.367858,35.387624],[133.367365,35.387496],[133.366956,35.387316],[133.366597,35.387248],[133.365709,35.387089],[133.364986,35.386972],[133.364302,35.386865],[133.364308,35.386692],[133.364333,35.386584],[133.364355,35.386501],[133.363928,35.386546],[133.363771,35.386558],[133.363759,35.386517],[133.363728,35.386187],[133.362358,35.386282],[133.362339,35.386225],[133.362361,35.386139],[133.362438,35.385846],[133.361535,35.385906],[133.361175,35.381077],[133.362567,35.380979],[133.363781,35.38091],[133.363918,35.380902],[133.363912,35.380841],[133.363799,35.380312],[133.363775,35.380136],[133.364075,35.380079],[133.3649,35.379946],[133.365079,35.379916],[133.365153,35.379902],[133.36516,35.379903],[133.365323,35.379922],[133.36555,35.379933],[133.365691,35.379901],[133.365873,35.379878],[133.366314,35.379734],[133.366497,35.379635],[133.366683,35.3796],[133.367043,35.379585],[133.367645,35.379589],[133.367717,35.37959],[133.368086,35.379593],[133.368361,35.37958],[133.368923,35.379598],[133.369157,35.379576],[133.369257,35.379531],[133.369284,35.379486],[133.369303,35.379419],[133.36936,35.379618],[133.369372,35.379709],[133.369369,35.379799],[133.369375,35.379945],[133.36938,35.380109],[133.369545,35.380164],[133.369736,35.380181],[133.369943,35.380241],[133.370211,35.380464],[133.370219,35.380603],[133.370164,35.38073],[133.37009,35.380928],[133.369737,35.382184],[133.369663,35.382289],[133.369557,35.382354],[133.369402,35.382413],[133.369272,35.382505],[133.369201,35.382632],[133.369149,35.382767],[133.369134,35.382969],[133.369168,35.383148],[133.369709,35.383151],[133.370161,35.383157],[133.370553,35.38318],[133.370565,35.38329],[133.370545,35.383438],[133.370533,35.383575],[133.370503,35.383669],[133.370448,35.38376],[133.370377,35.383866],[133.370319,35.383977],[133.370299,35.384096],[133.370308,35.384227],[133.370334,35.384371],[133.370375,35.384663],[133.37043,35.384961],[133.370421,35.385301],[133.370392,35.385451],[133.370332,35.385626],[133.370182,35.385834],[133.370047,35.386085],[133.369972,35.386339],[133.370009,35.386556],[133.37015,35.386745],[133.370257,35.386906],[133.370301,35.387111],[133.3703,35.387319],[133.370284,35.387549],[133.370309,35.387674],[133.370407,35.387809],[133.370747,35.388048],[133.370838,35.388216],[133.37092,35.388459],[133.370973,35.388778]]]},"properties":{"code":"312020650","name":"上安曇","kihon1":"0650"}},
{"type":"Feature","geometry":{"type":"Polygon","coordinates":[[[133.373699,35.39042],[133.373278,35.390591],[133.372851,35.390712],[133.372465,35.390793],[133.372075,35.390826],[133.371694,35.390819],[133.371472,35.390818],[133.371204,35.390868],[133.371022,35.390914],[133.370829,35.390975],[133.370386,35.391043],[133.369707,35.391078],[133.369485,35.391119],[133.369165,35.391268],[133.368931,35.391347],[133.368704,35.391414],[133.368585,35.391435],[133.368419,35.391424],[133.367932,35.391351],[133.367296,35.391286],[133.367242,35.391405],[133.367217,35.391514],[133.367211,35.39164],[133.367195,35.391827],[133.367166,35.392023],[133.36707,35.392132],[133.366954,35.39219],[133.366797,35.39223],[133.36656,35.392272],[133.366331,35.392274],[133.366151,35.392254],[133.36602,35.39224],[133.365863,35.392201],[133.365237,35.391871],[133.365354,35.391761],[133.365554,35.391596],[133.363657,35.39175],[133.363573,35.39126],[133.362034,35.391314],[133.361985,35.390339],[133.360789,35.39042],[133.360739,35.389728],[133.360625,35.388814],[133.362405,35.38876],[133.362638,35.388738],[133.362744,35.388683],[133.362794,35.388604],[133.36279,35.388474],[133.362741,35.388194],[133.362641,35.387721],[133.362504,35.387182],[133.362438,35.386819],[133.362426,35.386755],[133.362409,35.386661],[133.362381,35.386499],[133.362358,35.386282],[133.363728,35.386187],[133.363759,35.386517],[133.363771,35.386558],[133.363928,35.386546],[133.364355,35.386501],[133.364333,35.386584],[133.364308,35.386692],[133.364302,35.386865],[133.364986,35.386972],[133.365709,35.387089],[133.366597,35.387248],[133.366956,35.387316],[133.367365,35.387496],[133.367858,35.387624],[133.368262,35.38767],[133.368412,35.387732],[133.368568,35.387808],[133.368718,35.387879],[133.368879,35.387925],[133.369099,35.387936],[133.369314,35.387956],[133.369448,35.388007],[133.369603,35.38808],[133.369704,35.388195],[133.369817,35.388279],[133.369906,35.388304],[133.370003,35.388317],[133.370145,35.388327],[133.370273,35.388361],[133.370406,35.388439],[133.370529,35.388549],[133.370657,35.388705],[133.37077,35.388803],[133.370902,35.388797],[133.370973,35.388778],[133.371268,35.388647],[133.371477,35.388505],[133.371678,35.38834],[133.371845,35.388176],[133.372005,35.388022],[133.372193,35.387823],[133.372406,35.387628],[133.372645,35.387517],[133.37283,35.387448],[133.373014,35.387383],[133.3732,35.387331],[133.373262,35.387343],[133.373279,35.387373],[133.372883,35.387628],[133.37276,35.387773],[133.372713,35.387982],[133.372751,35.388142],[133.372817,35.388285],[133.372948,35.388506],[133.373053,35.388668],[133.373164,35.388892],[133.373334,35.389188],[133.373389,35.38939],[133.37336,35.389586],[133.373313,35.389795],[133.37333,35.389989],[133.373416,35.390155],[133.373555,35.390307],[133.373699,35.39042]]]},"properties":{"code":"312020660","name":"下安曇","kihon1":"0660"}},
{"type":"Feature","geometry":{"type":"Polygon","coordinates":[[[133.365376,35.401272],[133.365958,35.401185],[133.366027,35.401199],[133.36609,35.401323],[133.366507,35.401296],[133.366598,35.401296],[133.366654,35.401314],[133.366684,35.401393],[133.366712,35.401478],[133.366633,35.401506],[133.36645,35.401551],[133.366077,35.401639],[133.365933,35.40167],[133.365686,35.401727],[133.365691,35.401766],[133.365736,35.401973],[133.365718,35.402038],[133.365594,35.402132],[133.365586,35.402199],[133.365653,35.402351],[133.365779,35.402493],[133.365856,35.402567],[133.365944,35.402637],[133.366094,35.402735],[133.366134,35.40277],[133.366122,35.402788],[133.366043,35.402878],[133.366026,35.402906],[133.366033,35.402925],[133.366162,35.403027],[133.366254,35.403059],[133.366361,35.403051],[133.366437,35.403039],[133.366589,35.403016],[133.366624,35.403028],[133.366683,35.403148],[133.366684,35.403193],[133.366666,35.403421],[133.36659,35.403557],[133.366184,35.403597],[133.366087,35.403603],[133.36576,35.404137],[133.366563,35.404398],[133.366408,35.404628],[133.366108,35.405015],[133.3658,35.405382],[133.365734,35.405306],[133.365697,35.405147],[133.365668,35.40505],[133.36554,35.404779],[133.365298,35.404384],[133.365158,35.404421],[133.365022,35.404472],[133.36503,35.404527],[133.365136,35.404705],[133.36517,35.40483],[133.36516,35.404918],[133.365105,35.405054],[133.365016,35.405282],[133.364996,35.40544],[133.364986,35.405582],[133.364985,35.405606],[133.36494,35.405635],[133.364813,35.405633],[133.364742,35.405622],[133.364741,35.405696],[133.364698,35.405964],[133.364638,35.406067],[133.364561,35.40614],[133.364482,35.406279],[133.364459,35.406334],[133.36434,35.406565],[133.364219,35.406457],[133.364206,35.406409],[133.364229,35.406365],[133.364343,35.406241],[133.364241,35.406133],[133.364264,35.406082],[133.364387,35.40598],[133.364136,35.405492],[133.364076,35.405252],[133.364043,35.405035],[133.364027,35.404858],[133.363717,35.404848],[133.363692,35.404902],[133.363645,35.40508],[133.363608,35.40518],[133.363528,35.405427],[133.363491,35.405528],[133.363421,35.405763],[133.363394,35.405844],[133.36332,35.406333],[133.3633,35.406512],[133.363313,35.406765],[133.363343,35.406964],[133.363377,35.407165],[133.363421,35.407442],[133.363377,35.407482],[133.363153,35.407627],[133.3626,35.407959],[133.362655,35.408127],[133.36291,35.40866],[133.363001,35.408877],[133.363053,35.409034],[133.363058,35.409051],[133.363089,35.409278],[133.363127,35.409551],[133.363124,35.409769],[133.363033,35.410015],[133.362917,35.410189],[133.362468,35.410563],[133.362268,35.4107],[133.36178,35.411009],[133.361054,35.410276],[133.361444,35.410007],[133.360983,35.409529],[133.361216,35.409422],[133.361384,35.409412],[133.361433,35.408994],[133.361619,35.407945],[133.359479,35.40805],[133.359202,35.404283],[133.356559,35.404415],[133.356492,35.403464],[133.357154,35.403438],[133.357014,35.40156],[133.359028,35.401465],[133.358971,35.400556],[133.359193,35.400548],[133.359662,35.400516],[133.359723,35.400465],[133.359882,35.400284],[133.359961,35.400186],[133.36007,35.400088],[133.36017,35.400032],[133.360261,35.39998],[133.360313,35.399893],[133.36034,35.399819],[133.360392,35.399823],[133.360465,35.39983],[133.36055,35.399869],[133.360644,35.399928],[133.360757,35.400058],[133.360824,35.400163],[133.360898,35.400284],[133.360927,35.400412],[133.361069,35.400409],[133.361241,35.4004],[133.361564,35.400389],[133.361711,35.400379],[133.362082,35.400348],[133.362191,35.400325],[133.362633,35.40011],[133.362741,35.400076],[133.362947,35.400099],[133.363209,35.400079],[133.363366,35.400039],[133.363335,35.400169],[133.363315,35.400278],[133.363332,35.400462],[133.363393,35.400681],[133.36349,35.400845],[133.363655,35.401066],[133.363848,35.401271],[133.364016,35.401446],[133.364141,35.401547],[133.364262,35.40158],[133.364228,35.401484],[133.364199,35.401379],[133.364075,35.400823],[133.364167,35.400813],[133.36432,35.400811],[133.364544,35.400835],[133.364535,35.401121],[133.364539,35.401292],[133.364539,35.401417],[133.364562,35.401509],[133.364643,35.401633],[133.36531,35.401857],[133.365428,35.401774],[133.365508,35.401458],[133.365376,35.401272]]]},"properties":{"code":"312020670","name":"兼久","kihon1":"0670"}},
{"type":"Feature","geometry":{"type":"Polygon","coordinates":[[[133.381525,35.38762],[133.380854,35.388005],[133.380427,35.388244],[133.380241,35.388417],[133.380137,35.388506],[133.380061,35.38856],[133.379988,35.388587],[133.379835,35.388609],[133.379715,35.388613],[133.379497,35.388641],[133.37925,35.388671],[133.378815,35.388763],[133.378754,35.388817],[133.378717,35.38893],[133.378703,35.389073],[133.378654,35.389137],[133.378371,35.38911],[133.378046,35.38915],[133.377844,35.389266],[133.377669,35.389432],[133.377603,35.389558],[133.377577,35.389608],[133.37749,35.389691],[133.377288,35.389934],[133.377249,35.390012],[133.377213,35.390045],[133.377171,35.390127],[133.377148,35.390197],[133.377143,35.390291],[133.377153,35.390357],[133.377156,35.390423],[133.377128,35.390487],[133.377015,35.390581],[133.376867,35.390676],[133.376867,35.390681],[133.376559,35.390856],[133.376224,35.391037],[133.376003,35.391177],[133.375834,35.391301],[133.375733,35.391407],[133.375599,35.391514],[133.375509,35.391568],[133.374995,35.391734],[133.374608,35.391937],[133.374499,35.391798],[133.374224,35.391405],[133.374058,35.391093],[133.373878,35.390676],[133.373699,35.39042],[133.373555,35.390307],[133.373416,35.390155],[133.37333,35.389989],[133.373313,35.389795],[133.37336,35.389586],[133.373389,35.38939],[133.373334,35.389188],[133.373164,35.388892],[133.373053,35.388668],[133.372948,35.388506],[133.372817,35.388285],[133.372751,35.388142],[133.372713,35.387982],[133.37276,35.387773],[133.372883,35.387628],[133.373279,35.387373],[133.373262,35.387343],[133.3732,35.387331],[133.373014,35.387383],[133.37283,35.387448],[133.372645,35.387517],[133.372406,35.387628],[133.372193,35.387823],[133.372005,35.388022],[133.371845,35.388176],[133.371678,35.38834],[133.371477,35.388505],[133.371268,35.388647],[133.370973,35.388778],[133.37092,35.388459],[133.370838,35.388216],[133.370747,35.388048],[133.370407,35.387809],[133.370309,35.387674],[133.370284,35.387549],[133.3703,35.387319],[133.370301,35.387111],[133.370257,35.386906],[133.37015,35.386745],[133.370009,35.386556],[133.369972,35.386339],[133.370047,35.386085],[133.370182,35.385834],[133.370332,35.385626],[133.370392,35.385451],[133.370421,35.385301],[133.37043,35.384961],[133.370375,35.384663],[133.370334,35.384371],[133.370308,35.384227],[133.370299,35.384096],[133.370319,35.383977],[133.370377,35.383866],[133.370448,35.38376],[133.370503,35.383669],[133.370533,35.383575],[133.370545,35.383438],[133.370565,35.38329],[133.370553,35.38318],[133.370161,35.383157],[133.369709,35.383151],[133.369168,35.383148],[133.369134,35.382969],[133.369149,35.382767],[133.369201,35.382632],[133.369272,35.382505],[133.369402,35.382413],[133.369557,35.382354],[133.369663,35.382289],[133.369737,35.382184],[133.37009,35.380928],[133.370164,35.38073],[133.370219,35.380603],[133.370211,35.380464],[133.369943,35.380241],[133.369736,35.380181],[133.369545,35.380164],[133.36938,35.380109],[133.369375,35.379945],[133.369369,35.379799],[133.369372,35.379709],[133.36936,35.379618],[133.369303,35.379419],[133.369267,35.37934],[133.369299,35.379143],[133.36931,35.378878],[133.369333,35.37886],[133.369681,35.37874],[133.369814,35.378759],[133.370138,35.378827],[133.370428,35.378894],[133.370668,35.378942],[133.370965,35.37898],[133.371071,35.378921],[133.37123,35.378947],[133.371839,35.378919],[133.373095,35.378879],[133.373875,35.37885],[133.37394,35.37882],[133.37405,35.378692],[133.374223,35.378519],[133.37432,35.378466],[133.374563,35.378521],[133.375044,35.378592],[133.375503,35.37867],[133.375605,35.378702],[133.375696,35.378831],[133.376054,35.37914],[133.377415,35.380074],[133.378671,35.380953],[133.378842,35.381073],[133.379099,35.381234],[133.379229,35.381304],[133.379349,35.381348],[133.379471,35.381336],[133.379684,35.381263],[133.379854,35.381209],[133.380145,35.381117],[133.380316,35.381083],[133.380435,35.381062],[133.380534,35.381112],[133.380586,35.381249],[133.3806,35.381408],[133.380614,35.38155],[133.380624,35.381687],[133.38064,35.381809],[133.380641,35.381903],[133.380645,35.381983],[133.380662,35.38212],[133.380739,35.382131],[133.380924,35.382163],[133.381077,35.382208],[133.381204,35.382243],[133.381312,35.382314],[133.381441,35.382456],[133.381536,35.382681],[133.38155,35.382823],[133.381505,35.383061],[133.381329,35.383063],[133.380479,35.383067],[133.380698,35.38407],[133.380734,35.384074],[133.38141,35.383953],[133.3817,35.383918],[133.381757,35.383908],[133.38194,35.384598],[133.382043,35.384749],[133.382144,35.384857],[133.382168,35.38489],[133.382261,35.385085],[133.382258,35.385133],[133.382215,35.385201],[133.38213,35.385254],[133.381852,35.385327],[133.381672,35.385374],[133.381406,35.385464],[133.381299,35.385527],[133.380748,35.385939],[133.380661,35.385975],[133.380821,35.386253],[133.381058,35.386706],[133.381381,35.387316],[133.381525,35.38762]]]},"properties":{"code":"312020680","name":"別所","kihon1":"0680"}},
{"type":"Feature","geometry":{"type":"Polygon","coordinates":[[[133.363366,35.400039],[133.363209,35.400079],[133.362947,35.400099],[133.362741,35.400076],[133.362633,35.40011],[133.362191,35.400325],[133.362082,35.400348],[133.361711,35.400379],[133.361564,35.400389],[133.361241,35.4004],[133.361069,35.400409],[133.360927,35.400412],[133.360898,35.400284],[133.360824,35.400163],[133.360757,35.400058],[133.360644,35.399928],[133.36055,35.399869],[133.360465,35.39983],[133.360392,35.399823],[133.36034,35.399819],[133.360313,35.399893],[133.360261,35.39998],[133.36017,35.400032],[133.36007,35.400088],[133.359961,35.400186],[133.359882,35.400284],[133.359723,35.400465],[133.359662,35.400516],[133.359193,35.400548],[133.358971,35.400556],[133.355623,35.40072],[133.355524,35.398707],[133.355414,35.396776],[133.355282,35.394834],[133.354239,35.394877],[133.351338,35.395005],[133.351048,35.394121],[133.350806,35.393101],[133.350528,35.393164],[133.349987,35.393289],[133.349812,35.393015],[133.350008,35.392869],[133.349737,35.392716],[133.349679,35.392666],[133.349635,35.392571],[133.349412,35.392427],[133.349233,35.392378],[133.349055,35.392256],[133.34896,35.392161],[133.348399,35.392521],[133.348377,35.392529],[133.348256,35.392454],[133.348064,35.39234],[133.348062,35.392339],[133.347892,35.39218],[133.347705,35.391977],[133.34766,35.391888],[133.347585,35.39174],[133.347491,35.391566],[133.347324,35.391234],[133.347268,35.391165],[133.347133,35.391122],[133.346755,35.391082],[133.346486,35.391038],[133.346184,35.391051],[133.345907,35.391133],[133.34607,35.390935],[133.346214,35.390668],[133.346081,35.390546],[133.346014,35.390403],[133.345937,35.390357],[133.345826,35.390273],[133.345614,35.390158],[133.345315,35.390018],[133.345097,35.389937],[133.344475,35.389482],[133.344612,35.389321],[133.344043,35.388925],[133.343801,35.388948],[133.343609,35.388879],[133.343278,35.388759],[133.343165,35.388738],[133.343151,35.38871],[133.343127,35.388672],[133.343266,35.388616],[133.343931,35.388202],[133.343987,35.388158],[133.344195,35.388035],[133.344464,35.387854],[133.344684,35.387704],[133.344842,35.38757],[133.344974,35.387449],[133.34505,35.387355],[133.345159,35.387158],[133.345208,35.386776],[133.345188,35.386639],[133.345133,35.386268],[133.345127,35.386103],[133.345124,35.386034],[133.345145,35.38598],[133.345194,35.385941],[133.345303,35.385928],[133.346373,35.385746],[133.346412,35.385739],[133.346595,35.385646],[133.346998,35.385485],[133.347169,35.385413],[133.347319,35.385354],[133.347455,35.385318],[133.347591,35.385341],[133.34776,35.385445],[133.347935,35.385561],[133.348118,35.385736],[133.348279,35.385857],[133.348508,35.38594],[133.348663,35.385966],[133.348953,35.386005],[133.349162,35.386034],[133.3493,35.386066],[133.349384,35.386079],[133.349474,35.386102],[133.349531,35.386141],[133.349582,35.386203],[133.349606,35.386233],[133.349614,35.38625],[133.349659,35.386343],[133.349765,35.386562],[133.34978,35.386592],[133.349907,35.386813],[133.350044,35.386974],[133.35018,35.387106],[133.350369,35.387224],[133.350602,35.387339],[133.350839,35.387406],[133.351006,35.387454],[133.351191,35.387525],[133.351319,35.387609],[133.351416,35.387719],[133.3515,35.387805],[133.351585,35.387929],[133.351673,35.388072],[133.352132,35.387807],[133.352585,35.387929],[133.352735,35.388006],[133.352872,35.388217],[133.352922,35.388428],[133.352923,35.388611],[133.352966,35.388874],[133.353073,35.389106],[133.353243,35.389312],[133.353336,35.389344],[133.353701,35.389338],[133.353743,35.389333],[133.353942,35.389282],[133.354192,35.389208],[133.354521,35.389144],[133.354897,35.389105],[133.355164,35.389083],[133.355418,35.389082],[133.355658,35.389146],[133.355836,35.389279],[133.355951,35.389428],[133.356099,35.389607],[133.356347,35.389835],[133.356657,35.390076],[133.356824,35.390212],[133.356967,35.390345],[133.357023,35.39034],[133.357056,35.390247],[133.357042,35.390119],[133.356952,35.389944],[133.356885,35.38983],[133.356846,35.389727],[133.356883,35.389614],[133.356871,35.389551],[133.356829,35.389411],[133.356846,35.389275],[133.356938,35.389186],[133.357073,35.389143],[133.357216,35.389345],[133.357533,35.3897],[133.357734,35.389911],[133.358041,35.390419],[133.358212,35.390658],[133.358439,35.39092],[133.358788,35.391263],[133.359168,35.391627],[133.359583,35.391992],[133.360031,35.392263],[133.36046,35.392634],[133.360829,35.393029],[133.360989,35.393298],[133.361084,35.393547],[133.36115,35.393841],[133.361201,35.394034],[133.361387,35.394401],[133.361583,35.394765],[133.36177,35.395103],[133.361921,35.395469],[133.362152,35.395833],[133.362471,35.396264],[133.362488,35.396293],[133.362612,35.396497],[133.362735,35.396729],[133.362867,35.397015],[133.362878,35.397043],[133.362958,35.397255],[133.363011,35.397514],[133.363089,35.397777],[133.363148,35.398053],[133.363179,35.398224],[133.363165,35.398397],[133.36316,35.398467],[133.363153,35.398579],[133.363163,35.398783],[133.363165,35.398999],[133.363188,35.399181],[133.363312,35.399385],[133.363433,35.399552],[133.363485,35.399689],[133.363507,35.399777],[133.36345,35.399867],[133.363366,35.400039]]]},"properties":{"code":"312020690","name":"榎原","kihon1":"0690"}},
{"type":"Feature","geometry":{"type":"Polygon","coordinates":[[[133.360739,35.389728],[133.358443,35.389853],[133.35864,35.390152],[133.358041,35.390419],[133.357734,35.389911],[133.357533,35.3897],[133.357216,35.389345],[133.357073,35.389143],[133.356938,35.389186],[133.356846,35.389275],[133.356829,35.389411],[133.356871,35.389551],[133.356883,35.389614],[133.356846,35.389727],[133.356885,35.38983],[133.356952,35.389944],[133.357042,35.390119],[133.357056,35.390247],[133.357023,35.39034],[133.356967,35.390345],[133.356824,35.390212],[133.356657,35.390076],[133.356347,35.389835],[133.356099,35.389607],[133.355951,35.389428],[133.355836,35.389279],[133.355658,35.389146],[133.355418,35.389082],[133.355164,35.389083],[133.354897,35.389105],[133.354521,35.389144],[133.354192,35.389208],[133.353942,35.389282],[133.353743,35.389333],[133.353701,35.389338],[133.353336,35.389344],[133.353243,35.389312],[133.353073,35.389106],[133.352966,35.388874],[133.352923,35.388611],[133.352922,35.388428],[133.352872,35.388217],[133.352735,35.388006],[133.352585,35.387929],[133.352132,35.387807],[133.35251,35.38759],[133.352378,35.387315],[133.352099,35.386815],[133.351787,35.386238],[133.351552,35.385819],[133.351502,35.385747],[133.351469,35.38569],[133.351463,35.385616],[133.351587,35.385536],[133.35169,35.385381],[133.351932,35.385157],[133.351992,35.385104],[133.35209,35.385061],[133.352229,35.385063],[133.352446,35.38512],[133.352706,35.385289],[133.353161,35.385549],[133.353767,35.38586],[133.354046,35.386001],[133.354077,35.386019],[133.354662,35.386248],[133.354718,35.386216],[133.354782,35.386124],[133.354867,35.386045],[133.35491,35.386029],[133.354948,35.386015],[133.355051,35.386046],[133.355541,35.386314],[133.355801,35.386462],[133.355847,35.386433],[133.355953,35.386331],[133.356038,35.386213],[133.356045,35.386171],[133.356046,35.386134],[133.356002,35.385671],[133.355968,35.385339],[133.355942,35.38516],[133.356349,35.385136],[133.356627,35.385114],[133.356717,35.385108],[133.356783,35.385102],[133.356622,35.383182],[133.358103,35.38309],[133.358161,35.382966],[133.358896,35.38164],[133.358964,35.381547],[133.359035,35.381492],[133.359157,35.381479],[133.359164,35.381479],[133.359303,35.38147],[133.359611,35.38146],[133.359744,35.381452],[133.359813,35.381447],[133.35993,35.381429],[133.359928,35.381273],[133.359922,35.381146],[133.360125,35.381136],[133.361175,35.381077],[133.361535,35.385906],[133.362438,35.385846],[133.362361,35.386139],[133.362339,35.386225],[133.362358,35.386282],[133.362381,35.386499],[133.362409,35.386661],[133.362426,35.386755],[133.362438,35.386819],[133.362504,35.387182],[133.362641,35.387721],[133.362741,35.388194],[133.36279,35.388474],[133.362794,35.388604],[133.362744,35.388683],[133.362638,35.388738],[133.362405,35.38876],[133.360625,35.388814],[133.360739,35.389728]]]},"properties":{"code":"312020700","name":"大袋","kihon1":"0700"}},
{"type":"Feature","geometry":{"type":"Polygon","coordinates":[[[133.373023,35.397492],[133.373055,35.397634],[133.372647,35.397458],[133.37252,35.397685],[133.372436,35.397776],[133.372295,35.397902],[133.372206,35.397973],[133.372292,35.398082],[133.372192,35.398172],[133.372069,35.398449],[133.371997,35.398425],[133.371924,35.398558],[133.37162,35.39867],[133.371447,35.398724],[133.371191,35.398814],[133.370935,35.398906],[133.370925,35.399033],[133.370911,35.399186],[133.370809,35.399288],[133.370509,35.399552],[133.370353,35.399681],[133.369951,35.399941],[133.369322,35.400145],[133.369218,35.400158],[133.369046,35.400166],[133.369078,35.399936],[133.368699,35.399931],[133.368588,35.399966],[133.368192,35.39997],[133.368164,35.399859],[133.368151,35.399744],[133.368116,35.399554],[133.368109,35.399479],[133.36813,35.399402],[133.368169,35.399266],[133.368216,35.399091],[133.368108,35.399092],[133.368001,35.399096],[133.367788,35.399108],[133.367776,35.399109],[133.367773,35.399178],[133.367551,35.399189],[133.366576,35.399194],[133.366565,35.399252],[133.366336,35.399274],[133.366167,35.399308],[133.366111,35.399346],[133.366082,35.399378],[133.366027,35.399404],[133.365928,35.399407],[133.36584,35.399174],[133.365726,35.398844],[133.365656,35.398646],[133.365634,35.398483],[133.365771,35.398444],[133.365774,35.398414],[133.365726,35.398275],[133.36569,35.398185],[133.365627,35.398028],[133.365604,35.397947],[133.36562,35.397738],[133.365632,35.397562],[133.36562,35.397508],[133.365535,35.397407],[133.365515,35.397372],[133.365498,35.397289],[133.365485,35.397232],[133.365437,35.397005],[133.365407,35.396863],[133.365444,35.39679],[133.365526,35.396623],[133.365597,35.396469],[133.365635,35.396391],[133.365682,35.396294],[133.365801,35.396336],[133.365855,35.396358],[133.365892,35.396373],[133.366048,35.396431],[133.366127,35.396457],[133.366257,35.396331],[133.366328,35.396263],[133.366108,35.396072],[133.365994,35.395985],[133.366142,35.395844],[133.366136,35.395822],[133.366169,35.395723],[133.366225,35.395628],[133.366291,35.395538],[133.366335,35.395459],[133.366332,35.395422],[133.366361,35.39541],[133.366554,35.395323],[133.36656,35.395298],[133.366554,35.395286],[133.366554,35.395269],[133.366771,35.3952],[133.36678,35.395107],[133.366762,35.39508],[133.366543,35.395014],[133.366468,35.394976],[133.366418,35.394931],[133.366349,35.394839],[133.366337,35.394806],[133.366403,35.394757],[133.366566,35.394617],[133.366684,35.394527],[133.36698,35.394292],[133.367241,35.394088],[133.36719,35.394031],[133.367241,35.393988],[133.367277,35.393951],[133.367281,35.393948],[133.367479,35.393989],[133.367571,35.394001],[133.367702,35.393994],[133.367989,35.393952],[133.368098,35.393916],[133.368068,35.394046],[133.368286,35.394102],[133.368362,35.394089],[133.369137,35.39391],[133.369239,35.393887],[133.369322,35.393872],[133.369373,35.393854],[133.369409,35.393776],[133.369439,35.393683],[133.369538,35.39365],[133.369625,35.393627],[133.369666,35.393619],[133.369733,35.393625],[133.369845,35.39366],[133.370019,35.39347],[133.370122,35.393367],[133.37034,35.39338],[133.370634,35.393398],[133.370765,35.393397],[133.370835,35.393392],[133.370913,35.393379],[133.371007,35.393344],[133.371101,35.393295],[133.371279,35.3932],[133.371415,35.39314],[133.371636,35.393052],[133.372139,35.392842],[133.372405,35.392719],[133.372564,35.392651],[133.372722,35.392574],[133.372796,35.392537],[133.372837,35.392523],[133.372859,35.392595],[133.372853,35.392675],[133.372857,35.392764],[133.372952,35.392964],[133.373065,35.393182],[133.373094,35.393278],[133.373125,35.393385],[133.373163,35.393583],[133.373175,35.393688],[133.373177,35.393787],[133.373186,35.3939],[133.373208,35.394076],[133.373436,35.3942],[133.37354,35.394305],[133.373587,35.394405],[133.373605,35.394447],[133.373747,35.39456],[133.373824,35.394645],[133.373887,35.394771],[133.373904,35.394855],[133.374231,35.395308],[133.374378,35.395397],[133.374517,35.395469],[133.374579,35.395503],[133.374624,35.39551],[133.374753,35.395437],[133.374794,35.395417],[133.374864,35.395435],[133.374927,35.395473],[133.37478,35.395749],[133.374622,35.3959],[133.374586,35.396088],[133.374518,35.396247],[133.374375,35.396401],[133.3743,35.396478],[133.374222,35.396557],[133.374086,35.396669],[133.373926,35.396778],[133.373769,35.396866],[133.373558,35.396963],[133.373353,35.397107],[133.37322,35.397208],[133.373101,35.39732],[133.373032,35.397417],[133.373023,35.397492]]]},"properties":{"code":"312020710","name":"永江","kihon1":"0710"}},
{"type":"Feature","geometry":{"type":"Polygon","coordinates":[[[133.357014,35.40156],[133.355675,35.401636],[133.352146,35.401798],[133.35224,35.402729],[133.351089,35.402787],[133.350583,35.402812],[133.349499,35.402789],[133.348504,35.402754],[133.348463,35.403749],[133.348425,35.403745],[133.348407,35.40443],[133.347998,35.404328],[133.347906,35.404295],[133.347811,35.404612],[133.347945,35.404658],[133.348244,35.404751],[133.34834,35.40531],[133.348165,35.405788],[133.347984,35.406318],[133.347876,35.406379],[133.347426,35.406631],[133.347071,35.406828],[133.346856,35.406782],[133.346684,35.406745],[133.346387,35.406678],[133.346172,35.406644],[133.346264,35.407188],[133.346345,35.407642],[133.346383,35.407909],[133.346392,35.408206],[133.346359,35.408406],[133.345616,35.408293],[133.345089,35.4082],[133.344891,35.40819],[133.34471,35.408233],[133.34462,35.408271],[133.344306,35.408562],[133.344179,35.408661],[133.34407,35.408754],[133.343976,35.408839],[133.343831,35.408943],[133.343668,35.409021],[133.343167,35.409138],[133.343059,35.409216],[133.343015,35.409286],[133.342959,35.409386],[133.342915,35.409491],[133.342889,35.409567],[133.34287,35.409655],[133.342864,35.409817],[133.342859,35.409934],[133.342815,35.410157],[133.342786,35.410308],[133.342726,35.410524],[133.342693,35.410716],[133.342658,35.410741],[133.342535,35.41074],[133.342363,35.410748],[133.342128,35.410774],[133.341847,35.410832],[133.341634,35.410906],[133.341537,35.410971],[133.341478,35.41104],[133.341435,35.411162],[133.341426,35.411234],[133.341349,35.411382],[133.341228,35.411516],[133.341022,35.411712],[133.340912,35.41186],[133.340855,35.41196],[133.3408,35.412057],[133.340717,35.412226],[133.340674,35.412289],[133.340624,35.412361],[133.340545,35.412473],[133.34049,35.412558],[133.340424,35.412655],[133.340359,35.41282],[133.340249,35.412713],[133.340138,35.412578],[133.340004,35.412381],[133.339959,35.41222],[133.339869,35.412041],[133.33978,35.411941],[133.339725,35.411879],[133.33968,35.411781],[133.339573,35.411626],[133.339435,35.411431],[133.339328,35.41133],[133.339288,35.411257],[133.33928,35.411243],[133.339256,35.411143],[133.339232,35.410973],[133.339188,35.410813],[133.339209,35.41065],[133.339219,35.41057],[133.339194,35.410247],[133.339149,35.410095],[133.339124,35.410062],[133.33909,35.40996],[133.339037,35.409947],[133.339027,35.409933],[133.338883,35.409844],[133.338707,35.409782],[133.33853,35.409675],[133.338441,35.409576],[133.33832,35.409442],[133.338187,35.409326],[133.338032,35.409245],[133.337812,35.409138],[133.337646,35.409049],[133.337599,35.409015],[133.337536,35.408968],[133.337469,35.408879],[133.337468,35.408762],[133.337504,35.408661],[133.337569,35.408568],[133.337652,35.408443],[133.337716,35.408268],[133.33777,35.407977],[133.337752,35.407747],[133.33769,35.407545],[133.337576,35.407307],[133.337442,35.407092],[133.337253,35.406869],[133.337109,35.406654],[133.337029,35.406411],[133.336961,35.406169],[133.336816,35.4059],[133.336704,35.405658],[133.33658,35.405291],[133.336557,35.405261],[133.336425,35.405094],[133.336387,35.405031],[133.33628,35.404852],[133.336223,35.404672],[133.336211,35.404502],[133.336198,35.404387],[133.336195,35.404251],[133.336198,35.404156],[133.336196,35.404071],[133.336196,35.403944],[133.336147,35.403842],[133.336067,35.403723],[133.336766,35.403482],[133.337031,35.403478],[133.337373,35.403528],[133.337562,35.403507],[133.337751,35.403459],[133.338204,35.403236],[133.338961,35.402817],[133.339481,35.402623],[133.339699,35.402562],[133.339982,35.402382],[133.340125,35.402326],[133.340269,35.402214],[133.340572,35.402128],[133.340815,35.402067],[133.341185,35.401995],[133.341605,35.401948],[133.341675,35.402116],[133.342463,35.402099],[133.34346,35.402014],[133.34354,35.402177],[133.34375,35.402123],[133.343931,35.40208],[133.344544,35.402013],[133.344821,35.401981],[133.345269,35.401833],[133.345404,35.401715],[133.346055,35.402129],[133.346332,35.402132],[133.347193,35.402236],[133.347804,35.402284],[133.348358,35.402396],[133.348579,35.402416],[133.348797,35.402403],[133.348969,35.402374],[133.349693,35.402163],[133.34999,35.402077],[133.350121,35.402025],[133.350282,35.401915],[133.350432,35.401774],[133.350462,35.401374],[133.350549,35.401239],[133.350709,35.401118],[133.350872,35.401039],[133.35121,35.400914],[133.352427,35.400836],[133.353568,35.40079],[133.354066,35.400769],[133.355623,35.40072],[133.358971,35.400556],[133.359028,35.401465],[133.357014,35.40156]]]},"properties":{"code":"312020720","name":"石井","kihon1":"0720"}},
{"type":"Feature","geometry":{"type":"Polygon","coordinates":[[[133.35131,35.409176],[133.351131,35.409208],[133.351084,35.409262],[133.351028,35.409415],[133.351003,35.409473],[133.350964,35.409527],[133.350872,35.409615],[133.350714,35.40975],[133.350571,35.409881],[133.350482,35.409983],[133.350456,35.410129],[133.350493,35.410253],[133.35056,35.41036],[133.350641,35.410454],[133.350692,35.410563],[133.350691,35.410638],[133.350643,35.410763],[133.350575,35.410957],[133.350161,35.411617],[133.35016,35.411662],[133.350298,35.411852],[133.350593,35.412206],[133.350584,35.412251],[133.35045,35.412304],[133.350267,35.41233],[133.350063,35.412338],[133.349809,35.412312],[133.349489,35.412283],[133.349264,35.412271],[133.349164,35.412273],[133.349064,35.41232],[133.348849,35.412553],[133.348653,35.412773],[133.34845,35.412989],[133.348309,35.41326],[133.348287,35.413355],[133.348262,35.413587],[133.348198,35.413702],[133.348093,35.413752],[133.347976,35.413809],[133.347842,35.413876],[133.347708,35.41395],[133.347581,35.414085],[133.347435,35.414308],[133.347358,35.414529],[133.347333,35.414832],[133.347326,35.415026],[133.347262,35.415315],[133.346846,35.415144],[133.346394,35.415008],[133.345961,35.414889],[133.345459,35.414745],[133.344862,35.414567],[133.344485,35.414448],[133.343838,35.41428],[133.343627,35.414199],[133.343496,35.41412],[133.343358,35.414032],[133.343214,35.413942],[133.343048,35.413853],[133.342794,35.413719],[133.342616,35.413634],[133.342595,35.413617],[133.342214,35.41343],[133.341973,35.413338],[133.341703,35.41322],[133.341416,35.413117],[133.341017,35.412993],[133.34072,35.412919],[133.340359,35.41282],[133.340424,35.412655],[133.34049,35.412558],[133.340545,35.412473],[133.340624,35.412361],[133.340674,35.412289],[133.340717,35.412226],[133.3408,35.412057],[133.340855,35.41196],[133.340912,35.41186],[133.341022,35.411712],[133.341228,35.411516],[133.341349,35.411382],[133.341426,35.411234],[133.341435,35.411162],[133.341478,35.41104],[133.341537,35.410971],[133.341634,35.410906],[133.341847,35.410832],[133.342128,35.410774],[133.342363,35.410748],[133.342535,35.41074],[133.342658,35.410741],[133.342693,35.410716],[133.342726,35.410524],[133.342786,35.410308],[133.342815,35.410157],[133.342859,35.409934],[133.342864,35.409817],[133.34287,35.409655],[133.342889,35.409567],[133.342915,35.409491],[133.342959,35.409386],[133.343015,35.409286],[133.343059,35.409216],[133.343167,35.409138],[133.343668,35.409021],[133.343831,35.408943],[133.343976,35.408839],[133.34407,35.408754],[133.344179,35.408661],[133.344306,35.408562],[133.34462,35.408271],[133.34471,35.408233],[133.344891,35.40819],[133.345089,35.4082],[133.345616,35.408293],[133.346359,35.408406],[133.346392,35.408206],[133.346383,35.407909],[133.346345,35.407642],[133.346264,35.407188],[133.346172,35.406644],[133.346387,35.406678],[133.346684,35.406745],[133.346856,35.406782],[133.347071,35.406828],[133.347426,35.406631],[133.347876,35.406379],[133.347984,35.406318],[133.348165,35.405788],[133.34834,35.40531],[133.348244,35.404751],[133.347945,35.404658],[133.347811,35.404612],[133.347906,35.404295],[133.347998,35.404328],[133.348407,35.40443],[133.348425,35.403745],[133.348463,35.403749],[133.348504,35.402754],[133.349499,35.402789],[133.350583,35.402812],[133.351089,35.402787],[133.35224,35.402729],[133.352146,35.401798],[133.355675,35.401636],[133.357014,35.40156],[133.357154,35.403438],[133.356492,35.403464],[133.356559,35.404415],[133.355858,35.404453],[133.355927,35.405421],[133.352469,35.40557],[133.352243,35.405792],[133.352458,35.406088],[133.352598,35.406125],[133.353587,35.407284],[133.35244,35.407932],[133.352248,35.408043],[133.352139,35.40841],[133.352814,35.409031],[133.352675,35.409214],[133.352476,35.409468],[133.352437,35.40959],[133.352438,35.409821],[133.352066,35.409672],[133.352227,35.40937],[133.351475,35.409126],[133.351474,35.409174],[133.35131,35.409176]]]},"properties":{"code":"312020730","name":"奥谷","kihon1":"0730"}},
{"type":"Feature","geometry":{"type":"Polygon","coordinates":[[[133.346695,35.42252],[133.34672,35.422694],[133.346731,35.422862],[133.346696,35.422906],[133.34662,35.422936],[133.346397,35.422959],[133.34621,35.422966],[133.346165,35.423001],[133.346075,35.423189],[133.346041,35.423242],[133.345952,35.423268],[133.345876,35.423241],[133.345563,35.423114],[133.345479,35.42311],[133.345422,35.423144],[133.345225,35.423298],[133.345047,35.42344],[133.344937,35.423447],[133.344905,35.423402],[133.344863,35.42324],[133.344829,35.423114],[133.344743,35.423014],[133.344437,35.42284],[133.344276,35.42278],[133.344001,35.422769],[133.343869,35.422761],[133.343755,35.422763],[133.343586,35.422785],[133.343569,35.422714],[133.343546,35.422667],[133.343499,35.422619],[133.343392,35.422551],[133.343489,35.422476],[133.34339,35.422335],[133.343164,35.422198],[133.342939,35.422085],[133.342703,35.421959],[133.342374,35.421751],[133.342075,35.421602],[133.342013,35.421508],[133.341753,35.42136],[133.341745,35.42115],[133.341705,35.421077],[133.341633,35.420974],[133.341576,35.420875],[133.341561,35.420823],[133.34156,35.420716],[133.341613,35.420627],[133.34173,35.420495],[133.341768,35.420393],[133.341755,35.420157],[133.341375,35.42003],[133.341281,35.419778],[133.341099,35.419521],[133.34091,35.419337],[133.340632,35.419231],[133.340781,35.419139],[133.341175,35.418886],[133.341517,35.418514],[133.341354,35.418373],[133.341138,35.41809],[133.341038,35.41796],[133.340973,35.417867],[133.340876,35.417721],[133.340845,35.417637],[133.340915,35.417396],[133.341045,35.41735],[133.341142,35.417345],[133.341263,35.417391],[133.341394,35.417451],[133.341521,35.417517],[133.341671,35.417585],[133.341839,35.417606],[133.342005,35.417593],[133.342105,35.41758],[133.342241,35.417526],[133.342346,35.417409],[133.342424,35.417312],[133.342499,35.417202],[133.342655,35.416978],[133.342785,35.416787],[133.342864,35.416644],[133.342964,35.416378],[133.342883,35.416313],[133.342787,35.416214],[133.342709,35.416111],[133.342641,35.41602],[133.342651,35.415954],[133.342695,35.415852],[133.342754,35.415802],[133.34284,35.415755],[133.342856,35.415681],[133.342891,35.415579],[133.342934,35.415544],[133.343168,35.415471],[133.34323,35.415091],[133.343287,35.414927],[133.343386,35.414731],[133.343627,35.414199],[133.343838,35.41428],[133.344485,35.414448],[133.344862,35.414567],[133.345459,35.414745],[133.345961,35.414889],[133.346394,35.415008],[133.346846,35.415144],[133.347262,35.415315],[133.347574,35.415538],[133.347879,35.415781],[133.347811,35.416032],[133.347722,35.416327],[133.347613,35.416631],[133.347426,35.416973],[133.347383,35.417126],[133.347287,35.41722],[133.347203,35.417356],[133.347186,35.417465],[133.347191,35.417695],[133.347338,35.418054],[133.347404,35.41828],[133.347411,35.41847],[133.347415,35.418697],[133.347402,35.418908],[133.347388,35.419187],[133.347336,35.419494],[133.347256,35.419745],[133.347133,35.419996],[133.346996,35.420169],[133.346773,35.420357],[133.346558,35.420539],[133.346446,35.420665],[133.34641,35.420787],[133.346417,35.420861],[133.346445,35.420933],[133.34649,35.421013],[133.346541,35.421145],[133.346582,35.421238],[133.346593,35.421282],[133.346586,35.421534],[133.346557,35.421857],[133.346546,35.422127],[133.346532,35.422342],[133.346545,35.422513],[133.346572,35.422541],[133.346695,35.42252]]]},"properties":{"code":"312020740","name":"美吉","kihon1":"0740"}},
{"type":"Feature","geometry":{"type":"Polygon","coordinates":[[[133.360729,35.416195],[133.360725,35.416086],[133.360763,35.415788],[133.360755,35.415672],[133.360741,35.415626],[133.360709,35.41557],[133.360558,35.415465],[133.360242,35.415363],[133.359846,35.415267],[133.359658,35.415263],[133.35933,35.415307],[133.359194,35.415276],[133.358686,35.414948],[133.358483,35.414901],[133.358237,35.41495],[133.358055,35.415004],[133.357918,35.415025],[133.357827,35.414969],[133.357713,35.41482],[133.357556,35.414668],[133.357411,35.414544],[133.357139,35.41438],[133.357061,35.414343],[133.356925,35.414319],[133.356867,35.414347],[133.356729,35.414482],[133.356503,35.414697],[133.356322,35.414858],[133.356201,35.414919],[133.356073,35.41495],[133.355803,35.41498],[133.355645,35.41504],[133.35547,35.415126],[133.355332,35.415253],[133.355238,35.415353],[133.355094,35.415572],[133.354885,35.415933],[133.354769,35.416154],[133.35459,35.416451],[133.354307,35.416641],[133.353605,35.416931],[133.353543,35.416997],[133.353527,35.417149],[133.353562,35.417233],[133.353565,35.417276],[133.353553,35.417407],[133.35359,35.417576],[133.353583,35.417772],[133.353598,35.417884],[133.353589,35.417922],[133.353268,35.417973],[133.353034,35.418017],[133.352732,35.418062],[133.352378,35.418076],[133.352022,35.417976],[133.352471,35.417153],[133.352355,35.417127],[133.352205,35.417098],[133.351953,35.417048],[133.351432,35.416941],[133.35116,35.416858],[133.350956,35.416789],[133.350791,35.416715],[133.350592,35.416571],[133.350538,35.416515],[133.350311,35.416354],[133.350095,35.416182],[133.349875,35.416027],[133.349756,35.415967],[133.349606,35.415927],[133.34946,35.415925],[133.34935,35.415939],[133.349263,35.415955],[133.349161,35.415951],[133.349035,35.415939],[133.348888,35.415899],[133.348701,35.41583],[133.348576,35.41579],[133.348388,35.415766],[133.34817,35.415761],[133.348016,35.415766],[133.347879,35.415781],[133.347574,35.415538],[133.347262,35.415315],[133.347326,35.415026],[133.347333,35.414832],[133.347358,35.414529],[133.347435,35.414308],[133.347581,35.414085],[133.347708,35.41395],[133.347842,35.413876],[133.347976,35.413809],[133.348093,35.413752],[133.348198,35.413702],[133.348262,35.413587],[133.348287,35.413355],[133.348309,35.41326],[133.34845,35.412989],[133.348653,35.412773],[133.348849,35.412553],[133.349064,35.41232],[133.349164,35.412273],[133.349264,35.412271],[133.349489,35.412283],[133.349809,35.412312],[133.350063,35.412338],[133.350267,35.41233],[133.35045,35.412304],[133.350584,35.412251],[133.350593,35.412206],[133.350298,35.411852],[133.35016,35.411662],[133.350161,35.411617],[133.350575,35.410957],[133.350643,35.410763],[133.350691,35.410638],[133.350692,35.410563],[133.350641,35.410454],[133.35056,35.41036],[133.350493,35.410253],[133.350456,35.410129],[133.350482,35.409983],[133.350571,35.409881],[133.350714,35.40975],[133.350872,35.409615],[133.350964,35.409527],[133.351003,35.409473],[133.351028,35.409415],[133.351084,35.409262],[133.351131,35.409208],[133.35131,35.409176],[133.351165,35.409946],[133.351104,35.410057],[133.351129,35.410127],[133.351307,35.410178],[133.351596,35.410295],[133.351732,35.410384],[133.351786,35.410524],[133.351767,35.410681],[133.351705,35.410824],[133.351529,35.41092],[133.351573,35.411328],[133.351549,35.411447],[133.351526,35.411554],[133.351488,35.4117],[133.351505,35.411829],[133.351533,35.411874],[133.351581,35.411872],[133.351753,35.411667],[133.351941,35.411486],[133.35215,35.411107],[133.352237,35.41101],[133.352314,35.41101],[133.352611,35.411132],[133.352772,35.411259],[133.352796,35.411381],[133.352614,35.411764],[133.352518,35.411987],[133.352543,35.412053],[133.352615,35.412096],[133.352717,35.412097],[133.352796,35.412076],[133.353048,35.411949],[133.353191,35.411926],[133.353347,35.411966],[133.353615,35.412052],[133.353738,35.41206],[133.353829,35.412008],[133.353962,35.411778],[133.353663,35.411608],[133.35358,35.411538],[133.353469,35.411411],[133.353186,35.410948],[133.355907,35.410921],[133.35717,35.411707],[133.358225,35.410978],[133.358941,35.411682],[133.361054,35.410276],[133.36178,35.411009],[133.361241,35.41137],[133.361991,35.412079],[133.362974,35.411452],[133.363331,35.411315],[133.363839,35.411115],[133.363813,35.411908],[133.363808,35.412361],[133.363752,35.412718],[133.36374,35.412799],[133.363652,35.413177],[133.363558,35.413353],[133.363298,35.413695],[133.362861,35.414052],[133.362494,35.414298],[133.362407,35.414481],[133.362245,35.414742],[133.362113,35.414975],[133.362066,35.415181],[133.361904,35.41518],[133.361731,35.41522],[133.361612,35.415295],[133.360914,35.415951],[133.360729,35.416195]]]},"properties":{"code":"312020750","name":"宗像","kihon1":"0750"}},
{"type":"Feature","geometry":{"type":"Polygon","coordinates":[[[133.361054,35.410276],[133.358941,35.411682],[133.358225,35.410978],[133.35717,35.411707],[133.355907,35.410921],[133.353186,35.410948],[133.353469,35.411411],[133.35358,35.411538],[133.353663,35.411608],[133.353962,35.411778],[133.353829,35.412008],[133.353738,35.41206],[133.353615,35.412052],[133.353347,35.411966],[133.353191,35.411926],[133.353048,35.411949],[133.352796,35.412076],[133.352717,35.412097],[133.352615,35.412096],[133.352543,35.412053],[133.352518,35.411987],[133.352614,35.411764],[133.352796,35.411381],[133.352772,35.411259],[133.352611,35.411132],[133.352314,35.41101],[133.352237,35.41101],[133.35215,35.411107],[133.351941,35.411486],[133.351753,35.411667],[133.351581,35.411872],[133.351533,35.411874],[133.351505,35.411829],[133.351488,35.4117],[133.351526,35.411554],[133.351549,35.411447],[133.351573,35.411328],[133.351529,35.41092],[133.351705,35.410824],[133.351767,35.410681],[133.351786,35.410524],[133.351732,35.410384],[133.351596,35.410295],[133.351307,35.410178],[133.351129,35.410127],[133.351104,35.410057],[133.351165,35.409946],[133.35131,35.409176],[133.351474,35.409174],[133.351475,35.409126],[133.352227,35.40937],[133.352066,35.409672],[133.352438,35.409821],[133.352437,35.40959],[133.352476,35.409468],[133.352675,35.409214],[133.352814,35.409031],[133.352139,35.40841],[133.352248,35.408043],[133.35244,35.407932],[133.353587,35.407284],[133.352598,35.406125],[133.352458,35.406088],[133.352243,35.405792],[133.352469,35.40557],[133.355927,35.405421],[133.355858,35.404453],[133.356559,35.404415],[133.359202,35.404283],[133.359479,35.40805],[133.361619,35.407945],[133.361433,35.408994],[133.361384,35.409412],[133.361216,35.409422],[133.360983,35.409529],[133.361444,35.410007],[133.361054,35.410276]]]},"properties":{"code":"312020760","name":"日原","kihon1":"0760"}},
{"type":"Feature","geometry":{"type":"Polygon","coordinates":[[[133.345907,35.391133],[133.346184,35.391051],[133.346486,35.391038],[133.346755,35.391082],[133.347133,35.391122],[133.347268,35.391165],[133.347324,35.391234],[133.347491,35.391566],[133.347585,35.39174],[133.34766,35.391888],[133.347705,35.391977],[133.347892,35.39218],[133.348062,35.392339],[133.348064,35.39234],[133.348256,35.392454],[133.348377,35.392529],[133.348399,35.392521],[133.34896,35.392161],[133.349055,35.392256],[133.349233,35.392378],[133.349412,35.392427],[133.349635,35.392571],[133.349679,35.392666],[133.349737,35.392716],[133.350008,35.392869],[133.349812,35.393015],[133.349987,35.393289],[133.350528,35.393164],[133.350806,35.393101],[133.351048,35.394121],[133.351338,35.395005],[133.354239,35.394877],[133.355282,35.394834],[133.355414,35.396776],[133.355524,35.398707],[133.355623,35.40072],[133.354066,35.400769],[133.353568,35.40079],[133.352427,35.400836],[133.35121,35.400914],[133.344067,35.400425],[133.344216,35.40035],[133.344288,35.400287],[133.344295,35.400198],[133.344247,35.400108],[133.344166,35.399966],[133.344119,35.39986],[133.344096,35.399761],[133.344125,35.399297],[133.344107,35.399007],[133.344121,35.398821],[133.34419,35.398507],[133.344217,35.398278],[133.344217,35.397987],[133.344226,35.397731],[133.344302,35.39758],[133.344388,35.397359],[133.34447,35.397087],[133.344491,35.39699],[133.344467,35.396776],[133.344423,35.396475],[133.344388,35.396224],[133.34437,35.396059],[133.34435,35.39581],[133.344332,35.395587],[133.344338,35.395279],[133.344354,35.395027],[133.34439,35.39498],[133.344452,35.394923],[133.344516,35.394903],[133.344975,35.394912],[133.346315,35.39492],[133.34599,35.394445],[133.345509,35.393797],[133.345443,35.393658],[133.3454,35.393534],[133.345371,35.393358],[133.345346,35.393201],[133.345301,35.393055],[133.345174,35.392855],[133.34501,35.392606],[133.344834,35.392433],[133.344537,35.392167],[133.345275,35.391642],[133.345673,35.391346],[133.345907,35.391133]]]},"properties":{"code":"312020770","name":"橋本","kihon1":"0770"}},
{"type":"Feature","geometry":{"type":"Polygon","coordinates":[[[133.35121,35.400914],[133.350872,35.401039],[133.350709,35.401118],[133.350549,35.401239],[133.350462,35.401374],[133.350432,35.401774],[133.350282,35.401915],[133.350121,35.402025],[133.34999,35.402077],[133.349693,35.402163],[133.348969,35.402374],[133.348797,35.402403],[133.348579,35.402416],[133.348358,35.402396],[133.347804,35.402284],[133.347193,35.402236],[133.346332,35.402132],[133.346055,35.402129],[133.345404,35.401715],[133.345269,35.401833],[133.344821,35.401981],[133.344544,35.402013],[133.343931,35.40208],[133.34375,35.402123],[133.34354,35.402177],[133.34346,35.402014],[133.342463,35.402099],[133.341675,35.402116],[133.341605,35.401948],[133.341185,35.401995],[133.340815,35.402067],[133.340572,35.402128],[133.340269,35.402214],[133.340125,35.402326],[133.339982,35.402382],[133.339699,35.402562],[133.339481,35.402623],[133.338961,35.402817],[133.338204,35.403236],[133.337751,35.403459],[133.337562,35.403507],[133.337373,35.403528],[133.337031,35.403478],[133.336766,35.403482],[133.336067,35.403723],[133.335908,35.403701],[133.335764,35.403665],[133.335534,35.403639],[133.335236,35.40358],[133.33508,35.403503],[133.334955,35.403352],[133.334844,35.403149],[133.334739,35.403058],[133.334616,35.402994],[133.334481,35.402909],[133.334389,35.402808],[133.334309,35.402724],[133.334209,35.402538],[133.334215,35.402441],[133.334278,35.402292],[133.334361,35.402177],[133.33446,35.402063],[133.334639,35.401867],[133.334924,35.401535],[133.33503,35.401399],[133.335127,35.401272],[133.334945,35.401211],[133.334698,35.401149],[133.334467,35.401087],[133.334247,35.401007],[133.334158,35.400971],[133.334049,35.400926],[133.333916,35.400837],[133.333823,35.400732],[133.333618,35.400476],[133.333511,35.400311],[133.333352,35.400094],[133.333251,35.399996],[133.333129,35.399932],[133.332934,35.399844],[133.332799,35.399742],[133.332681,35.399619],[133.332558,35.399485],[133.332432,35.399321],[133.332289,35.399208],[133.332124,35.399116],[133.331934,35.399054],[133.331814,35.399003],[133.331596,35.398922],[133.331412,35.398853],[133.331201,35.398757],[133.330985,35.398623],[133.330921,35.39784],[133.331234,35.39797],[133.331382,35.398041],[133.331565,35.398123],[133.33175,35.398168],[133.331879,35.398165],[133.332818,35.398062],[133.333606,35.398022],[133.334379,35.397967],[133.334945,35.397163],[133.335178,35.397097],[133.335358,35.39707],[133.335668,35.39708],[133.335799,35.397106],[133.336052,35.39719],[133.336259,35.397217],[133.336456,35.397201],[133.33661,35.397163],[133.336777,35.397085],[133.336896,35.397004],[133.337152,35.396841],[133.337328,35.39675],[133.33764,35.396648],[133.337871,35.396536],[133.338158,35.396377],[133.338395,35.396311],[133.33882,35.396293],[133.339191,35.3963],[133.339686,35.396356],[133.340751,35.396275],[133.341377,35.396238],[133.34437,35.396059],[133.344388,35.396224],[133.344423,35.396475],[133.344467,35.396776],[133.344491,35.39699],[133.34447,35.397087],[133.344388,35.397359],[133.344302,35.39758],[133.344226,35.397731],[133.344217,35.397987],[133.344217,35.398278],[133.34419,35.398507],[133.344121,35.398821],[133.344107,35.399007],[133.344125,35.399297],[133.344096,35.399761],[133.344119,35.39986],[133.344166,35.399966],[133.344247,35.400108],[133.344295,35.400198],[133.344288,35.400287],[133.344216,35.40035],[133.344067,35.400425],[133.35121,35.400914]]]},"properties":{"code":"312020780","name":"奈喜良","kihon1":"0780"}},
{"type":"Feature","geometry":{"type":"Polygon","coordinates":[[[133.345907,35.391133],[133.345673,35.391346],[133.345275,35.391642],[133.344537,35.392167],[133.344834,35.392433],[133.34501,35.392606],[133.345174,35.392855],[133.345301,35.393055],[133.345346,35.393201],[133.345371,35.393358],[133.3454,35.393534],[133.345443,35.393658],[133.345509,35.393797],[133.34599,35.394445],[133.346315,35.39492],[133.344975,35.394912],[133.344516,35.394903],[133.344452,35.394923],[133.34439,35.39498],[133.344354,35.395027],[133.344338,35.395279],[133.344332,35.395587],[133.34435,35.39581],[133.34437,35.396059],[133.341377,35.396238],[133.340751,35.396275],[133.339686,35.396356],[133.339492,35.396267],[133.339387,35.396029],[133.339389,35.395739],[133.339427,35.394474],[133.340479,35.39442],[133.340652,35.394429],[133.340135,35.392068],[133.338615,35.391661],[133.338504,35.391329],[133.33841,35.391244],[133.338295,35.39113],[133.338125,35.39106],[133.337899,35.391068],[133.337697,35.391079],[133.33754,35.391118],[133.337312,35.391158],[133.337413,35.391005],[133.337499,35.390838],[133.337623,35.390687],[133.337759,35.390515],[133.33769,35.390425],[133.337049,35.390383],[133.336618,35.390384],[133.33576,35.388408],[133.3357,35.388124],[133.33569,35.387882],[133.335745,35.387589],[133.335763,35.387305],[133.335687,35.387024],[133.335546,35.386771],[133.335393,35.386462],[133.335319,35.386157],[133.335103,35.385966],[133.334939,35.385796],[133.3348,35.385564],[133.334665,35.385132],[133.334247,35.384614],[133.334122,35.384403],[133.334195,35.384183],[133.334441,35.3837],[133.334589,35.383441],[133.334863,35.383054],[133.334584,35.382574],[133.334349,35.382336],[133.33414,35.382156],[133.334064,35.382013],[133.334042,35.38175],[133.334078,35.381441],[133.33417,35.381279],[133.3343,35.381154],[133.334439,35.381302],[133.334731,35.381578],[133.334965,35.381816],[133.335157,35.381912],[133.335394,35.38193],[133.335695,35.381953],[133.33592,35.381976],[133.336052,35.38201],[133.336129,35.382023],[133.336279,35.382017],[133.336506,35.382028],[133.336737,35.382067],[133.336935,35.382131],[133.337168,35.382223],[133.337377,35.382253],[133.337571,35.382276],[133.337979,35.382355],[133.338152,35.382367],[133.338364,35.382337],[133.338466,35.382401],[133.338659,35.382644],[133.338759,35.382803],[133.338745,35.382877],[133.338732,35.382944],[133.338558,35.383269],[133.338492,35.383431],[133.338546,35.383694],[133.338595,35.383925],[133.338801,35.384394],[133.33896,35.384742],[133.339092,35.385001],[133.339218,35.385138],[133.339422,35.385256],[133.339658,35.385363],[133.339837,35.385427],[133.340133,35.38543],[133.340443,35.385403],[133.340737,35.385366],[133.341065,35.385332],[133.3414,35.385281],[133.34156,35.3853],[133.341748,35.385348],[133.341818,35.385407],[133.341931,35.385586],[133.342044,35.385802],[133.342299,35.385936],[133.342433,35.386016],[133.342534,35.386121],[133.342648,35.386248],[133.342767,35.386507],[133.342961,35.386676],[133.343213,35.386804],[133.343308,35.386879],[133.343283,35.387089],[133.343134,35.387508],[133.343081,35.387617],[133.342962,35.387853],[133.342941,35.388052],[133.342964,35.388268],[133.343025,35.38851],[133.343127,35.388672],[133.343151,35.38871],[133.343165,35.388738],[133.343278,35.388759],[133.343609,35.388879],[133.343801,35.388948],[133.344043,35.388925],[133.344612,35.389321],[133.344475,35.389482],[133.345097,35.389937],[133.345315,35.390018],[133.345614,35.390158],[133.345826,35.390273],[133.345937,35.390357],[133.346014,35.390403],[133.346081,35.390546],[133.346214,35.390668],[133.34607,35.390935],[133.345907,35.391133]]]},"properties":{"code":"312020790","name":"吉谷","kihon1":"0790"}},
{"type":"Feature","geometry":{"type":"Polygon","coordinates":[[[133.339427,35.394474],[133.336358,35.394655],[133.333961,35.394805],[133.333005,35.393978],[133.332469,35.39353],[133.33213,35.393268],[133.331267,35.392556],[133.329771,35.392082],[133.329843,35.391547],[133.329891,35.391187],[133.329929,35.390833],[133.329904,35.390786],[133.329719,35.390684],[133.329479,35.390635],[133.329492,35.390427],[133.329511,35.390238],[133.329523,35.390097],[133.329488,35.389876],[133.329481,35.389708],[133.329406,35.389576],[133.329371,35.389503],[133.329378,35.38945],[133.329473,35.389314],[133.329498,35.38922],[133.329503,35.389128],[133.32927,35.388953],[133.329164,35.388868],[133.329072,35.388757],[133.328988,35.38858],[133.328935,35.38843],[133.328916,35.388348],[133.328884,35.388216],[133.328806,35.388091],[133.328619,35.387884],[133.328214,35.387602],[133.327776,35.387443],[133.327387,35.387374],[133.327081,35.387334],[133.326888,35.387305],[133.326663,35.387274],[133.326599,35.387213],[133.326503,35.387094],[133.326352,35.386913],[133.325576,35.385849],[133.325299,35.38547],[133.325096,35.385179],[133.325025,35.385068],[133.325033,35.384884],[133.325033,35.384659],[133.325015,35.384522],[133.324971,35.384388],[133.324808,35.38426],[133.324703,35.384133],[133.324667,35.38397],[133.324688,35.383704],[133.32478,35.38348],[133.325016,35.383177],[133.325066,35.38306],[133.325116,35.382868],[133.325079,35.382792],[133.32496,35.382644],[133.324792,35.382498],[133.32469,35.382413],[133.324492,35.38227],[133.32437,35.382203],[133.324211,35.382102],[133.323972,35.381956],[133.323813,35.381855],[133.323419,35.381591],[133.323091,35.38136],[133.32257,35.380904],[133.322123,35.380614],[133.321718,35.380409],[133.321498,35.380286],[133.321491,35.380013],[133.321522,35.379884],[133.321723,35.379562],[133.32198,35.379197],[133.322156,35.378928],[133.322371,35.378659],[133.322803,35.378247],[133.323241,35.378061],[133.323375,35.377964],[133.323474,35.377853],[133.323661,35.377561],[133.323787,35.37742],[133.323925,35.377261],[133.323984,35.377076],[133.323919,35.376835],[133.323855,35.376702],[133.323791,35.376615],[133.323697,35.376466],[133.323624,35.376307],[133.323603,35.376116],[133.323601,35.375977],[133.323652,35.375835],[133.323825,35.375441],[133.323851,35.374985],[133.32389,35.374889],[133.323982,35.374782],[133.324122,35.374737],[133.324335,35.374655],[133.324556,35.374607],[133.324688,35.374578],[133.324938,35.374561],[133.32513,35.374541],[133.325378,35.374509],[133.325548,35.374465],[133.325658,35.374419],[133.325784,35.37434],[133.325868,35.374257],[133.325974,35.37419],[133.32616,35.374155],[133.326462,35.37416],[133.326789,35.374215],[133.327007,35.374264],[133.327279,35.374339],[133.327281,35.37434],[133.327442,35.374404],[133.327671,35.374464],[133.327984,35.374513],[133.328165,35.374526],[133.328511,35.374594],[133.328974,35.374691],[133.329089,35.374795],[133.329172,35.374886],[133.329265,35.374974],[133.329418,35.375094],[133.329556,35.375239],[133.329673,35.375356],[133.329848,35.37555],[133.330011,35.37571],[133.330127,35.375843],[133.3305,35.376074],[133.330665,35.376171],[133.330721,35.376237],[133.330788,35.376435],[133.330812,35.376599],[133.330837,35.376781],[133.330863,35.376939],[133.330903,35.377088],[133.330968,35.377276],[133.330992,35.377363],[133.331018,35.377468],[133.33102,35.377566],[133.330966,35.377795],[133.330995,35.377848],[133.331101,35.377914],[133.331344,35.378064],[133.331426,35.378157],[133.331533,35.378327],[133.331595,35.378429],[133.331664,35.378514],[133.331884,35.37867],[133.332108,35.378857],[133.332167,35.378938],[133.332238,35.379113],[133.332268,35.379279],[133.332312,35.379376],[133.332511,35.379446],[133.332801,35.379473],[133.333112,35.379496],[133.333386,35.379511],[133.333566,35.379507],[133.333763,35.379541],[133.333955,35.379616],[133.334113,35.379799],[133.334194,35.380029],[133.334236,35.38022],[133.334271,35.380551],[133.334292,35.380874],[133.3343,35.381154],[133.33417,35.381279],[133.334078,35.381441],[133.334042,35.38175],[133.334064,35.382013],[133.33414,35.382156],[133.334349,35.382336],[133.334584,35.382574],[133.334863,35.383054],[133.334589,35.383441],[133.334441,35.3837],[133.334195,35.384183],[133.334122,35.384403],[133.334247,35.384614],[133.334665,35.385132],[133.3348,35.385564],[133.334939,35.385796],[133.335103,35.385966],[133.335319,35.386157],[133.335393,35.386462],[133.335546,35.386771],[133.335687,35.387024],[133.335763,35.387305],[133.335745,35.387589],[133.33569,35.387882],[133.3357,35.388124],[133.33576,35.388408],[133.336618,35.390384],[133.337049,35.390383],[133.33769,35.390425],[133.337759,35.390515],[133.337623,35.390687],[133.337499,35.390838],[133.337413,35.391005],[133.337312,35.391158],[133.33754,35.391118],[133.337697,35.391079],[133.337899,35.391068],[133.338125,35.39106],[133.338295,35.39113],[133.33841,35.391244],[133.338504,35.391329],[133.338615,35.391661],[133.340135,35.392068],[133.340652,35.394429],[133.340479,35.39442],[133.339427,35.394474]]]},"properties":{"code":"312020800","name":"古市","kihon1":"0800"}},
{"type":"Feature","geometry":{"type":"Polygon","coordinates":[[[133.330985,35.398623],[133.330812,35.398719],[133.330667,35.398823],[133.330431,35.399052],[133.330257,35.399197],[133.330166,35.399306],[133.330002,35.399471],[133.329724,35.399605],[133.329498,35.399627],[133.329299,35.399594],[133.329104,35.399502],[133.329011,35.399432],[133.328919,35.39932],[133.328768,35.399137],[133.328668,35.399018],[133.328567,35.398923],[133.328423,35.398835],[133.328291,35.398813],[133.328087,35.398839],[133.327903,35.39888],[133.327696,35.398944],[133.327565,35.398989],[133.327444,35.399043],[133.327324,35.399071],[133.327247,35.399062],[133.327104,35.399035],[133.326906,35.398928],[133.326773,35.398821],[133.326604,35.398635],[133.326462,35.398401],[133.326362,35.398299],[133.326265,35.398229],[133.326108,35.398175],[133.325849,35.398142],[133.325641,35.398139],[133.325472,35.398142],[133.32528,35.398172],[133.325096,35.398282],[133.324892,35.398432],[133.324717,35.398549],[133.324667,35.398586],[133.324521,35.398693],[133.324406,35.398822],[133.324203,35.399033],[133.324095,35.399161],[133.324021,35.399251],[133.323942,35.39939],[133.32393,35.399605],[133.323902,35.399796],[133.32382,35.399949],[133.323665,35.400063],[133.32349,35.400141],[133.32328,35.400192],[133.322948,35.400231],[133.322703,35.400253],[133.322537,35.400265],[133.322439,35.400265],[133.322207,35.400253],[133.322056,35.400248],[133.321664,35.400303],[133.321332,35.400161],[133.320982,35.399911],[133.320817,35.399795],[133.32061,35.399711],[133.320481,35.399688],[133.320232,35.399643],[133.319959,35.399539],[133.319713,35.399408],[133.319561,35.39927],[133.319514,35.399165],[133.319678,35.399056],[133.319875,35.39891],[133.31999,35.398762],[133.320059,35.398605],[133.320123,35.398354],[133.320141,35.398198],[133.320121,35.398052],[133.320062,35.39786],[133.320002,35.397623],[133.319976,35.397439],[133.320005,35.397256],[133.320086,35.397104],[133.320209,35.396922],[133.320444,35.396707],[133.320713,35.396469],[133.320995,35.396216],[133.321247,35.396005],[133.321361,35.395874],[133.321355,35.395814],[133.321238,35.395542],[133.321084,35.395334],[133.320918,35.395254],[133.320569,35.39518],[133.320431,35.395123],[133.320316,35.395012],[133.320237,35.394912],[133.32012,35.39474],[133.319949,35.394589],[133.319746,35.394431],[133.319509,35.394253],[133.319294,35.394067],[133.319119,35.393927],[133.318891,35.393719],[133.318738,35.393589],[133.31857,35.393422],[133.318503,35.393377],[133.318351,35.393382],[133.318082,35.393439],[133.317759,35.393486],[133.317586,35.3935],[133.317303,35.393483],[133.317081,35.393426],[133.316931,35.393358],[133.31676,35.393199],[133.316627,35.393051],[133.31637,35.392849],[133.316222,35.392691],[133.316066,35.392503],[133.315903,35.392378],[133.315754,35.39228],[133.315544,35.392144],[133.315314,35.392045],[133.315141,35.391975],[133.31511,35.391894],[133.315084,35.39171],[133.31507,35.391544],[133.315043,35.391239],[133.315067,35.390974],[133.315096,35.390754],[133.315058,35.390559],[133.314996,35.390414],[133.314909,35.390301],[133.314837,35.390169],[133.314779,35.390016],[133.314725,35.389729],[133.314643,35.38965],[133.314506,35.389525],[133.3143,35.389374],[133.314134,35.389258],[133.314045,35.389159],[133.314002,35.389055],[133.314033,35.388929],[133.314144,35.388703],[133.314241,35.388436],[133.314351,35.388324],[133.314396,35.387996],[133.314344,35.387946],[133.31377,35.387825],[133.313846,35.38764],[133.313835,35.387555],[133.313726,35.387358],[133.313677,35.387197],[133.31366,35.386984],[133.313683,35.386942],[133.313764,35.386888],[133.313932,35.386792],[133.3141,35.386725],[133.314243,35.386585],[133.314298,35.38659],[133.31442,35.38666],[133.316297,35.387245],[133.315632,35.385995],[133.315543,35.385824],[133.315745,35.385594],[133.315859,35.385464],[133.316165,35.385249],[133.316415,35.38497],[133.316676,35.384754],[133.316822,35.384669],[133.317025,35.384568],[133.31718,35.384525],[133.317376,35.384503],[133.317689,35.384461],[133.317863,35.384399],[133.318081,35.38423],[133.318224,35.384034],[133.318341,35.383917],[133.318547,35.383735],[133.318665,35.383686],[133.318877,35.383646],[133.319096,35.383614],[133.319158,35.383546],[133.319248,35.383166],[133.319343,35.382862],[133.319348,35.382744],[133.319331,35.38255],[133.319359,35.382384],[133.319389,35.382167],[133.319449,35.381934],[133.319559,35.381774],[133.319702,35.381623],[133.319897,35.381315],[133.319995,35.381124],[133.320158,35.380965],[133.320326,35.380833],[133.320498,35.380679],[133.320637,35.38062],[133.320862,35.380567],[133.321291,35.380426],[133.321423,35.380361],[133.321498,35.380286],[133.321718,35.380409],[133.322123,35.380614],[133.32257,35.380904],[133.323091,35.38136],[133.323419,35.381591],[133.323813,35.381855],[133.323972,35.381956],[133.324211,35.382102],[133.32437,35.382203],[133.324492,35.38227],[133.32469,35.382413],[133.324792,35.382498],[133.32496,35.382644],[133.325079,35.382792],[133.325116,35.382868],[133.325066,35.38306],[133.325016,35.383177],[133.32478,35.38348],[133.324688,35.383704],[133.324667,35.38397],[133.324703,35.384133],[133.324808,35.38426],[133.324971,35.384388],[133.325015,35.384522],[133.325033,35.384659],[133.325033,35.384884],[133.325025,35.385068],[133.325096,35.385179],[133.325299,35.38547],[133.325576,35.385849],[133.326352,35.386913],[133.326503,35.387094],[133.326599,35.387213],[133.326663,35.387274],[133.326888,35.387305],[133.327081,35.387334],[133.327387,35.387374],[133.327776,35.387443],[133.328214,35.387602],[133.328619,35.387884],[133.328806,35.388091],[133.328884,35.388216],[133.328916,35.388348],[133.328935,35.38843],[133.328988,35.38858],[133.329072,35.388757],[133.329164,35.388868],[133.32927,35.388953],[133.329503,35.389128],[133.329498,35.38922],[133.329473,35.389314],[133.329378,35.38945],[133.329371,35.389503],[133.329406,35.389576],[133.329481,35.389708],[133.329488,35.389876],[133.329523,35.390097],[133.329511,35.390238],[133.329492,35.390427],[133.329479,35.390635],[133.329719,35.390684],[133.329904,35.390786],[133.329929,35.390833],[133.329891,35.391187],[133.329843,35.391547],[133.329771,35.392082],[133.331267,35.392556],[133.33213,35.393268],[133.332469,35.39353],[133.333005,35.393978],[133.333961,35.394805],[133.336358,35.394655],[133.339427,35.394474],[133.339389,35.395739],[133.339387,35.396029],[133.339492,35.396267],[133.339686,35.396356],[133.339191,35.3963],[133.33882,35.396293],[133.338395,35.396311],[133.338158,35.396377],[133.337871,35.396536],[133.33764,35.396648],[133.337328,35.39675],[133.337152,35.396841],[133.336896,35.397004],[133.336777,35.397085],[133.33661,35.397163],[133.336456,35.397201],[133.336259,35.397217],[133.336052,35.39719],[133.335799,35.397106],[133.335668,35.39708],[133.335358,35.39707],[133.335178,35.397097],[133.334945,35.397163],[133.334379,35.397967],[133.333606,35.398022],[133.332818,35.398062],[133.331879,35.398165],[133.33175,35.398168],[133.331565,35.398123],[133.331382,35.398041],[133.331234,35.39797],[133.330921,35.39784],[133.330985,35.398623]]]},"properties":{"code":"312020810","name":"新山","kihon1":"0810"}},
{"type":"Feature","geometry":{"type":"Polygon","coordinates":[[[133.295813,35.452845],[133.295807,35.452883],[133.295552,35.453108],[133.29428,35.454078],[133.29428,35.454104],[133.293863,35.454395],[133.293536,35.454636],[133.293243,35.454851],[133.293035,35.455005],[133.292932,35.455088],[133.292785,35.45521],[133.292583,35.455354],[133.292348,35.455554],[133.292216,35.455666],[133.292116,35.455737],[133.292217,35.45583],[133.292139,35.455914],[133.291954,35.456119],[133.29144,35.456658],[133.291156,35.456977],[133.290646,35.457574],[133.290684,35.457657],[133.290802,35.457773],[133.290909,35.457901],[133.290668,35.458059],[133.290438,35.457829],[133.290287,35.457921],[133.290172,35.457996],[133.289783,35.458274],[133.289447,35.458564],[133.289364,35.458622],[133.289174,35.458644],[133.289081,35.458668],[133.288417,35.458927],[133.288302,35.458982],[133.288126,35.459049],[133.287938,35.459131],[133.287776,35.459222],[133.287704,35.459177],[133.286872,35.459857],[133.286012,35.460521],[133.284413,35.461589],[133.28409,35.461841],[133.283817,35.462078],[133.283473,35.462404],[133.283327,35.462536],[133.283235,35.462606],[133.282035,35.463516],[133.281678,35.463732],[133.281436,35.463899],[133.281146,35.46412],[133.280677,35.464449],[133.280217,35.464748],[133.279908,35.46492],[133.279566,35.465133],[133.279368,35.465261],[133.278769,35.465607],[133.278426,35.465812],[133.277862,35.466205],[133.277835,35.466223],[133.277653,35.4664],[133.277432,35.466629],[133.276983,35.46634],[133.27667,35.466124],[133.2764,35.465912],[133.276396,35.465841],[133.276407,35.465778],[133.27617,35.465616],[133.276078,35.465567],[133.275837,35.465415],[133.275461,35.465212],[133.275043,35.464981],[133.274781,35.464873],[133.274533,35.464773],[133.274409,35.464705],[133.272792,35.463976],[133.27238,35.463778],[133.272113,35.463706],[133.27153,35.463594],[133.271362,35.463569],[133.271066,35.463532],[133.27071,35.463482],[133.270212,35.463411],[133.269838,35.463356],[133.269527,35.463297],[133.269239,35.463202],[133.268963,35.463044],[133.26871,35.462851],[133.268428,35.462609],[133.268036,35.462199],[133.267719,35.461856],[133.267424,35.461554],[133.267206,35.461361],[133.26693,35.461225],[133.266626,35.461066],[133.266415,35.460983],[133.266346,35.460991],[133.266251,35.461049],[133.265704,35.461423],[133.26563,35.461368],[133.265383,35.461185],[133.265296,35.461118],[133.265176,35.461225],[133.265085,35.461306],[133.264987,35.461227],[133.263629,35.460216],[133.263352,35.460026],[133.263271,35.45999],[133.263804,35.459487],[133.263035,35.458906],[133.262901,35.458814],[133.262822,35.458744],[133.262412,35.45796],[133.261805,35.456637],[133.260985,35.455052],[133.260863,35.454764],[133.260815,35.454623],[133.260785,35.454506],[133.260792,35.454154],[133.260804,35.453949],[133.260865,35.453725],[133.261045,35.453364],[133.261391,35.452983],[133.261521,35.45288],[133.261768,35.45272],[133.262797,35.452083],[133.266943,35.449467],[133.268429,35.4485],[133.271097,35.4468],[133.272039,35.446223],[133.27238,35.446078],[133.272961,35.44588],[133.274359,35.445392],[133.277115,35.44443],[133.278304,35.444005],[133.28525,35.441585],[133.285951,35.441339],[133.289373,35.440129],[133.292321,35.43914],[133.29255,35.439085],[133.292738,35.439081],[133.293049,35.439121],[133.293262,35.439189],[133.293415,35.439274],[133.293591,35.439402],[133.293777,35.439601],[133.293903,35.439862],[133.293945,35.440069],[133.293921,35.44022],[133.293832,35.440453],[133.293709,35.440697],[133.2937,35.440807],[133.293702,35.440874],[133.293754,35.441064],[133.293837,35.441245],[133.294148,35.441124],[133.294451,35.441015],[133.295331,35.440702],[133.295389,35.440637],[133.295381,35.440579],[133.295259,35.440364],[133.295245,35.440305],[133.295291,35.440264],[133.295447,35.440135],[133.296149,35.439692],[133.296527,35.439486],[133.29692,35.439281],[133.297262,35.439183],[133.297608,35.439095],[133.297904,35.439027],[133.29825,35.43897],[133.29856,35.438903],[133.298633,35.438879],[133.299904,35.438438],[133.300129,35.438869],[133.300307,35.43922],[133.300435,35.439478],[133.30057,35.439801],[133.300577,35.439834],[133.300602,35.439949],[133.300665,35.440236],[133.300723,35.440479],[133.300779,35.440733],[133.30092,35.441189],[133.301008,35.441571],[133.301101,35.441953],[133.301187,35.442313],[133.301354,35.442246],[133.301512,35.442159],[133.301659,35.442067],[133.301878,35.442024],[133.302031,35.441996],[133.302116,35.441975],[133.302202,35.441901],[133.302278,35.441846],[133.302389,35.441767],[133.302458,35.441738],[133.302549,35.441728],[133.302663,35.441727],[133.302868,35.441718],[133.303097,35.441667],[133.303401,35.441592],[133.303651,35.441481],[133.303738,35.441446],[133.304048,35.441398],[133.304553,35.441333],[133.304602,35.441336],[133.304635,35.441352],[133.304657,35.441398],[133.304895,35.441831],[133.305037,35.442087],[133.305037,35.442108],[133.304801,35.442161],[133.304604,35.442209],[133.304681,35.442345],[133.304413,35.442499],[133.304144,35.442641],[133.303918,35.442769],[133.303612,35.442928],[133.303428,35.44302],[133.303328,35.443073],[133.303259,35.442954],[133.303134,35.442999],[133.303172,35.443095],[133.302874,35.443073],[133.302818,35.443084],[133.302706,35.443189],[133.302621,35.443204],[133.302429,35.443193],[133.302468,35.443367],[133.302316,35.443377],[133.302228,35.443045],[133.302092,35.443062],[133.302109,35.44317],[133.301842,35.443172],[133.301594,35.443187],[133.301522,35.44292],[133.301515,35.442897],[133.301321,35.442935],[133.301152,35.44297],[133.300945,35.443016],[133.30096,35.443126],[133.300975,35.443272],[133.300974,35.443355],[133.300907,35.443405],[133.300715,35.443464],[133.300003,35.443698],[133.300225,35.444244],[133.300277,35.444382],[133.300396,35.444627],[133.300553,35.444999],[133.300722,35.445371],[133.30087,35.445568],[133.301112,35.44584],[133.301465,35.446218],[133.302107,35.446921],[133.302201,35.447017],[133.302549,35.447354],[133.302714,35.447534],[133.302538,35.447806],[133.302408,35.448037],[133.301631,35.447659],[133.301602,35.447665],[133.301567,35.447672],[133.301462,35.447735],[133.300298,35.448701],[133.300144,35.448834],[133.300086,35.448884],[133.299991,35.448966],[133.299605,35.44923],[133.299646,35.449277],[133.299552,35.449376],[133.299482,35.449424],[133.299423,35.449408],[133.29934,35.449385],[133.299034,35.449613],[133.298228,35.450172],[133.298147,35.450229],[133.298046,35.450304],[133.297705,35.449947],[133.297505,35.450073],[133.297206,35.450267],[133.296887,35.450476],[133.296075,35.451034],[133.296025,35.451069],[133.296109,35.451262],[133.296104,35.451291],[133.295076,35.451918],[133.294911,35.452027],[133.294807,35.452092],[133.295051,35.452274],[133.295271,35.45242],[133.295387,35.452507],[133.295783,35.45278],[133.295813,35.452845]]]},"properties":{"code":"312020820","name":"彦名町","kihon1":"0820"}},
{"type":"Feature","geometry":{"type":"Polygon","coordinates":[[[133.268108,35.475895],[133.267224,35.476459],[133.266226,35.477113],[133.265743,35.477364],[133.26506,35.477662],[133.26438,35.477935],[133.263653,35.478168],[133.263551,35.478201],[133.263315,35.478267],[133.262427,35.478464],[133.261931,35.47859],[133.261717,35.478638],[133.261357,35.478749],[133.261109,35.478857],[133.260902,35.478972],[133.260694,35.479065],[133.260345,35.479117],[133.260001,35.479166],[133.259819,35.479229],[133.259672,35.479295],[133.259449,35.479434],[133.259333,35.47954],[133.259047,35.47982],[133.258984,35.479921],[133.258757,35.480181],[133.258652,35.480301],[133.257114,35.479106],[133.256537,35.478678],[133.256195,35.478426],[133.255773,35.478118],[133.25493,35.478812],[133.255485,35.477376],[133.256057,35.477538],[133.256165,35.477263],[133.255624,35.477047],[133.255701,35.476504],[133.254717,35.476152],[133.255202,35.475366],[133.254919,35.475293],[133.254054,35.474728],[133.253485,35.474413],[133.252776,35.474031],[133.252183,35.473731],[133.252081,35.473653],[133.251736,35.47339],[133.249026,35.471362],[133.250113,35.47033],[133.250375,35.470097],[133.250528,35.470018],[133.250759,35.469925],[133.25096,35.469878],[133.251126,35.469856],[133.251371,35.469842],[133.251484,35.469857],[133.251736,35.469889],[133.252194,35.470025],[133.253199,35.47032],[133.253728,35.469837],[133.255659,35.468095],[133.256293,35.467489],[133.256525,35.467295],[133.256793,35.467057],[133.256536,35.466866],[133.256777,35.466644],[133.256785,35.466654],[133.25656,35.466863],[133.256802,35.467043],[133.256889,35.466966],[133.256916,35.466986],[133.256754,35.467137],[133.256777,35.467155],[133.256821,35.467114],[133.256847,35.467133],[133.256856,35.467126],[133.256887,35.467147],[133.256866,35.467165],[133.25688,35.467176],[133.256922,35.467138],[133.256955,35.467163],[133.256938,35.467177],[133.256985,35.467211],[133.256975,35.46722],[133.257036,35.467267],[133.257061,35.467278],[133.257106,35.467294],[133.257114,35.467287],[133.25716,35.467244],[133.257129,35.46722],[133.257363,35.466999],[133.257369,35.466985],[133.257295,35.466929],[133.257355,35.466876],[133.257237,35.466786],[133.257184,35.466835],[133.257131,35.466795],[133.257023,35.466893],[133.256998,35.466875],[133.257263,35.466634],[133.257023,35.466233],[133.256967,35.466025],[133.256968,35.465921],[133.256995,35.465797],[133.25707,35.465662],[133.257224,35.465476],[133.25759,35.465143],[133.257713,35.465039],[133.257782,35.464981],[133.259353,35.463581],[133.259731,35.463197],[133.259949,35.462991],[133.260495,35.462502],[133.26297,35.460265],[133.263271,35.45999],[133.263352,35.460026],[133.263629,35.460216],[133.264987,35.461227],[133.265085,35.461306],[133.265176,35.461225],[133.265296,35.461118],[133.265383,35.461185],[133.26563,35.461368],[133.265704,35.461423],[133.266251,35.461049],[133.266346,35.460991],[133.266415,35.460983],[133.266626,35.461066],[133.26693,35.461225],[133.267206,35.461361],[133.267424,35.461554],[133.267719,35.461856],[133.268036,35.462199],[133.268428,35.462609],[133.26871,35.462851],[133.268963,35.463044],[133.269239,35.463202],[133.269527,35.463297],[133.269838,35.463356],[133.270212,35.463411],[133.27071,35.463482],[133.271066,35.463532],[133.271362,35.463569],[133.27153,35.463594],[133.272113,35.463706],[133.27238,35.463778],[133.272792,35.463976],[133.274409,35.464705],[133.274533,35.464773],[133.274781,35.464873],[133.275043,35.464981],[133.275461,35.465212],[133.275837,35.465415],[133.276078,35.465567],[133.275971,35.465664],[133.275625,35.465999],[133.275285,35.466339],[133.275015,35.466637],[133.274316,35.467303],[133.274113,35.467516],[133.273594,35.468032],[133.272731,35.468904],[133.272259,35.469448],[133.271729,35.470119],[133.271693,35.470168],[133.270653,35.471248],[133.270538,35.471385],[133.270414,35.471525],[133.269859,35.472178],[133.269456,35.472581],[133.269198,35.472821],[133.26898,35.473061],[133.268634,35.473409],[133.268086,35.473972],[133.268011,35.474084],[133.266984,35.475492],[133.268108,35.475895]]]},"properties":{"code":"312020830","name":"大崎","kihon1":"0830"}},
{"type":"Feature","geometry":{"type":"Polygon","coordinates":[[[133.257011,35.481914],[133.256153,35.481269],[133.255857,35.481059],[133.254605,35.482178],[133.25356,35.481365],[133.252867,35.481972],[133.251541,35.483139],[133.251422,35.483052],[133.250589,35.483794],[133.250199,35.484166],[133.249848,35.484462],[133.249502,35.484774],[133.249309,35.484955],[133.248713,35.484537],[133.247472,35.485731],[133.247657,35.485877],[133.246484,35.486987],[133.246405,35.487058],[133.245782,35.487615],[133.245277,35.487273],[133.244654,35.487847],[133.243619,35.487106],[133.243301,35.486749],[133.24309,35.486502],[133.242981,35.486416],[133.24254,35.48631],[133.242465,35.486409],[133.241657,35.486986],[133.241442,35.487109],[133.241165,35.487266],[133.240952,35.487169],[133.240431,35.48691],[133.240037,35.486682],[133.23955,35.486567],[133.239275,35.486503],[133.239172,35.486444],[133.238654,35.485955],[133.238526,35.485914],[133.238838,35.485548],[133.238921,35.485552],[133.239009,35.48556],[133.239105,35.485512],[133.239255,35.485357],[133.239438,35.485098],[133.239539,35.484994],[133.23964,35.484839],[133.239828,35.484513],[133.240186,35.484699],[133.240292,35.484764],[133.240473,35.484705],[133.240657,35.48454],[133.240791,35.484381],[133.240935,35.48425],[133.24096,35.484194],[133.240932,35.484096],[133.240943,35.484015],[133.241377,35.483628],[133.242237,35.482869],[133.242227,35.482829],[133.242247,35.482743],[133.242259,35.482651],[133.241672,35.482284],[133.240475,35.481535],[133.240303,35.481444],[133.240133,35.481355],[133.239963,35.481248],[133.239831,35.481152],[133.239684,35.480999],[133.239641,35.480891],[133.239651,35.480828],[133.239644,35.480709],[133.239658,35.4806],[133.239694,35.48051],[133.239794,35.480381],[133.239986,35.480176],[133.240625,35.479463],[133.240322,35.479267],[133.240232,35.4791],[133.2404,35.47893],[133.240413,35.478938],[133.240255,35.479099],[133.240351,35.479265],[133.240534,35.479379],[133.240597,35.479314],[133.240615,35.479325],[133.240573,35.47937],[133.240602,35.479402],[133.240693,35.479427],[133.240767,35.479479],[133.240786,35.479483],[133.240818,35.479481],[133.240924,35.479461],[133.241018,35.479346],[133.240998,35.479331],[133.241197,35.479118],[133.241224,35.479136],[133.241235,35.479126],[133.241215,35.479081],[133.241201,35.479067],[133.24118,35.479054],[133.241071,35.478986],[133.241062,35.478983],[133.241037,35.478977],[133.240958,35.478972],[133.240713,35.479228],[133.240674,35.479204],[133.241057,35.478795],[133.241178,35.478856],[133.241387,35.478631],[133.24365,35.4762],[133.24396,35.475839],[133.244293,35.47549],[133.244388,35.475436],[133.24451,35.475412],[133.244602,35.475403],[133.24469,35.475406],[133.244939,35.47543],[133.246748,35.473359],[133.246911,35.47317],[133.246924,35.473175],[133.246758,35.473372],[133.24861,35.474655],[133.248708,35.475292],[133.248724,35.475439],[133.248748,35.475594],[133.248139,35.476292],[133.248115,35.476321],[133.248033,35.476424],[133.247963,35.476509],[133.24799,35.476523],[133.247955,35.476568],[133.247779,35.476764],[133.247951,35.476885],[133.248063,35.476957],[133.247991,35.477053],[133.248091,35.477118],[133.248084,35.477097],[133.248102,35.477092],[133.248077,35.477031],[133.248123,35.47702],[133.248113,35.476986],[133.24829,35.476943],[133.248324,35.477037],[133.248402,35.476975],[133.248961,35.476326],[133.248993,35.476289],[133.249033,35.476308],[133.249425,35.475851],[133.24938,35.475821],[133.249713,35.475448],[133.249916,35.475233],[133.250153,35.474955],[133.250503,35.474555],[133.250545,35.474579],[133.250918,35.474144],[133.250939,35.474119],[133.250897,35.473886],[133.250411,35.474382],[133.249708,35.473866],[133.249324,35.474221],[133.248277,35.473451],[133.247897,35.473172],[133.247732,35.472999],[133.247697,35.472835],[133.247709,35.472719],[133.247787,35.472551],[133.247941,35.472372],[133.248569,35.471799],[133.248824,35.471559],[133.249026,35.471362],[133.251736,35.47339],[133.252081,35.473653],[133.252183,35.473731],[133.252776,35.474031],[133.253485,35.474413],[133.254054,35.474728],[133.254919,35.475293],[133.255202,35.475366],[133.254717,35.476152],[133.255701,35.476504],[133.255624,35.477047],[133.256165,35.477263],[133.256057,35.477538],[133.255485,35.477376],[133.25493,35.478812],[133.255773,35.478118],[133.256195,35.478426],[133.256537,35.478678],[133.257114,35.479106],[133.258652,35.480301],[133.258605,35.480367],[133.258507,35.480504],[133.257841,35.48119],[133.257397,35.481555],[133.257273,35.481664],[133.257011,35.481914]]]},"properties":{"code":"312020840","name":"葭津","kihon1":"0840"}},
{"type":"Feature","geometry":{"type":"Polygon","coordinates":[[[133.270034,35.49404],[133.269973,35.494078],[133.269378,35.49451],[133.268983,35.494835],[133.268717,35.495055],[133.268547,35.495156],[133.26833,35.495289],[133.268264,35.495349],[133.268172,35.495423],[133.26809,35.49553],[133.267915,35.495721],[133.267594,35.496033],[133.267148,35.496499],[133.266939,35.496677],[133.26676,35.496899],[133.266613,35.497055],[133.266151,35.497405],[133.266133,35.497421],[133.265882,35.497641],[133.265751,35.49774],[133.265631,35.497801],[133.265546,35.497872],[133.265456,35.497966],[133.265385,35.498107],[133.265346,35.498151],[133.264982,35.498588],[133.26408,35.499401],[133.263827,35.49967],[133.263348,35.500042],[133.263076,35.500309],[133.262924,35.500505],[133.262799,35.500713],[133.262714,35.500873],[133.262411,35.501165],[133.261252,35.50039],[133.261182,35.500369],[133.261123,35.500357],[133.260103,35.499757],[133.257483,35.498215],[133.256198,35.497486],[133.256017,35.497409],[133.255857,35.497679],[133.255699,35.497812],[133.255693,35.497817],[133.255395,35.498067],[133.255391,35.498071],[133.255387,35.498071],[133.25531,35.498107],[133.255134,35.49816],[133.255019,35.49818],[133.254915,35.498184],[133.254769,35.498138],[133.254665,35.498069],[133.254566,35.497993],[133.254456,35.497933],[133.254354,35.497897],[133.254264,35.497917],[133.254187,35.497955],[133.254096,35.497995],[133.254041,35.498001],[133.253963,35.497986],[133.253851,35.497966],[133.253784,35.497935],[133.253743,35.497865],[133.253753,35.497813],[133.253759,35.49778],[133.253766,35.497742],[133.253604,35.497719],[133.253496,35.497688],[133.253349,35.497699],[133.253299,35.497698],[133.253263,35.497711],[133.253201,35.497777],[133.253089,35.49772],[133.253043,35.497694],[133.253004,35.497655],[133.252967,35.497581],[133.252916,35.497466],[133.252876,35.497402],[133.252769,35.497377],[133.252552,35.497312],[133.252474,35.497286],[133.252008,35.496927],[133.251838,35.496919],[133.251669,35.496922],[133.251633,35.496887],[133.251589,35.496844],[133.251512,35.496818],[133.251323,35.496809],[133.251122,35.496814],[133.251005,35.496805],[133.250506,35.496624],[133.250381,35.496864],[133.250258,35.496819],[133.250105,35.496717],[133.250035,35.496671],[133.24949,35.496309],[133.249083,35.496066],[133.249032,35.496035],[133.248576,35.495762],[133.247856,35.495376],[133.247149,35.495135],[133.24631,35.494958],[133.245869,35.494776],[133.245372,35.494464],[133.24486,35.49411],[133.244448,35.493682],[133.244024,35.493108],[133.243527,35.492471],[133.243499,35.492435],[133.242986,35.491952],[133.242508,35.49162],[133.242047,35.491401],[133.241622,35.491102],[133.241264,35.49056],[133.240798,35.489741],[133.24032,35.488949],[133.239445,35.488289],[133.238418,35.487612],[133.237836,35.487147],[133.237493,35.486874],[133.236361,35.486025],[133.23835,35.486016],[133.238444,35.485978],[133.238526,35.485914],[133.238654,35.485955],[133.239172,35.486444],[133.239275,35.486503],[133.23955,35.486567],[133.240037,35.486682],[133.240431,35.48691],[133.240952,35.487169],[133.241165,35.487266],[133.241442,35.487109],[133.241657,35.486986],[133.242465,35.486409],[133.24254,35.48631],[133.242981,35.486416],[133.24309,35.486502],[133.243301,35.486749],[133.243619,35.487106],[133.244654,35.487847],[133.245277,35.487273],[133.245782,35.487615],[133.246405,35.487058],[133.246484,35.486987],[133.247657,35.485877],[133.247472,35.485731],[133.248713,35.484537],[133.249309,35.484955],[133.249502,35.484774],[133.249848,35.484462],[133.250199,35.484166],[133.250589,35.483794],[133.251422,35.483052],[133.251541,35.483139],[133.252867,35.481972],[133.25356,35.481365],[133.254605,35.482178],[133.255857,35.481059],[133.256153,35.481269],[133.257011,35.481914],[133.259286,35.483574],[133.258428,35.484326],[133.258825,35.484644],[133.259149,35.48488],[133.258749,35.485275],[133.258339,35.485659],[133.25843,35.485728],[133.258068,35.486076],[133.258129,35.486131],[133.258154,35.486195],[133.25815,35.486238],[133.258395,35.4864],[133.258415,35.486455],[133.258404,35.48651],[133.258058,35.486858],[133.259277,35.487637],[133.259764,35.48762],[133.260245,35.487616],[133.260693,35.487622],[133.260801,35.487644],[133.260641,35.488002],[133.260627,35.488064],[133.261056,35.488173],[133.261187,35.487825],[133.261315,35.487932],[133.261458,35.488065],[133.261561,35.488129],[133.261839,35.488271],[133.261879,35.488322],[133.261894,35.488373],[133.261835,35.488517],[133.261865,35.488623],[133.262096,35.488807],[133.262208,35.488892],[133.262244,35.48896],[133.262243,35.48907],[133.262569,35.489339],[133.263377,35.489981],[133.263176,35.490146],[133.263901,35.490495],[133.264244,35.490922],[133.264408,35.491147],[133.26454,35.491281],[133.264619,35.491355],[133.264708,35.491394],[133.264815,35.491395],[133.264868,35.491379],[133.264941,35.491304],[133.265521,35.491628],[133.266993,35.492422],[133.268138,35.493048],[133.268641,35.49334],[133.269062,35.493556],[133.270034,35.49404]]]},"properties":{"code":"312020850","name":"大篠津町","kihon1":"0850"}},
{"type":"Feature","geometry":{"type":"Polygon","coordinates":[[[133.281134,35.485506],[133.28106,35.485618],[133.280981,35.485701],[133.280817,35.485872],[133.28055,35.486056],[133.280127,35.486298],[133.27989,35.486472],[133.279695,35.486649],[133.279465,35.486837],[133.279233,35.487003],[133.278968,35.487187],[133.278835,35.487278],[133.27869,35.48738],[133.278526,35.487521],[133.27835,35.487656],[133.278179,35.487827],[133.277985,35.487977],[133.277603,35.488249],[133.277351,35.488374],[133.277123,35.488502],[133.276971,35.488589],[133.276877,35.488653],[133.276796,35.488714],[133.276608,35.488817],[133.276481,35.488884],[133.276258,35.488986],[133.27604,35.489101],[133.275837,35.489235],[133.275749,35.489312],[133.275688,35.489361],[133.275597,35.489453],[133.275469,35.489592],[133.275353,35.489734],[133.275139,35.489934],[133.275033,35.490017],[133.274917,35.490121],[133.274769,35.49024],[133.274337,35.490512],[133.274134,35.490658],[133.273922,35.490816],[133.273834,35.490896],[133.273712,35.491005],[133.273688,35.491024],[133.273479,35.491187],[133.273101,35.491477],[133.272881,35.491678],[133.272649,35.491904],[133.272467,35.492074],[133.272091,35.49239],[133.271926,35.492516],[133.271657,35.492755],[133.271629,35.492772],[133.271438,35.492925],[133.271186,35.493111],[133.270991,35.493252],[133.270661,35.493498],[133.270457,35.493669],[133.270328,35.49377],[133.270236,35.49384],[133.270164,35.493912],[133.270034,35.49404],[133.269062,35.493556],[133.268641,35.49334],[133.268138,35.493048],[133.266993,35.492422],[133.265521,35.491628],[133.264941,35.491304],[133.264868,35.491379],[133.264815,35.491395],[133.264708,35.491394],[133.264619,35.491355],[133.26454,35.491281],[133.264408,35.491147],[133.264244,35.490922],[133.263901,35.490495],[133.263176,35.490146],[133.263377,35.489981],[133.262569,35.489339],[133.262243,35.48907],[133.262244,35.48896],[133.262208,35.488892],[133.262096,35.488807],[133.261865,35.488623],[133.261835,35.488517],[133.261894,35.488373],[133.261879,35.488322],[133.261839,35.488271],[133.261561,35.488129],[133.261458,35.488065],[133.261315,35.487932],[133.261187,35.487825],[133.261056,35.488173],[133.260627,35.488064],[133.260641,35.488002],[133.260801,35.487644],[133.260693,35.487622],[133.260245,35.487616],[133.259764,35.48762],[133.259277,35.487637],[133.258058,35.486858],[133.258404,35.48651],[133.258415,35.486455],[133.258395,35.4864],[133.25815,35.486238],[133.258154,35.486195],[133.258129,35.486131],[133.258068,35.486076],[133.25843,35.485728],[133.258339,35.485659],[133.258749,35.485275],[133.259149,35.48488],[133.258825,35.484644],[133.258428,35.484326],[133.259286,35.483574],[133.257011,35.481914],[133.257273,35.481664],[133.257397,35.481555],[133.257841,35.48119],[133.258507,35.480504],[133.258605,35.480367],[133.258652,35.480301],[133.258757,35.480181],[133.258984,35.479921],[133.259047,35.47982],[133.259333,35.47954],[133.259449,35.479434],[133.259672,35.479295],[133.259819,35.479229],[133.260001,35.479166],[133.260345,35.479117],[133.260694,35.479065],[133.260902,35.478972],[133.261109,35.478857],[133.261357,35.478749],[133.261717,35.478638],[133.261931,35.47859],[133.262427,35.478464],[133.263315,35.478267],[133.263551,35.478201],[133.263653,35.478168],[133.26438,35.477935],[133.26506,35.477662],[133.265743,35.477364],[133.266226,35.477113],[133.267224,35.476459],[133.268108,35.475895],[133.270166,35.477178],[133.270733,35.477509],[133.270783,35.477538],[133.272257,35.47829],[133.273466,35.478985],[133.274788,35.479782],[133.275127,35.480074],[133.275209,35.48016],[133.275286,35.480259],[133.275264,35.480365],[133.275283,35.480477],[133.275469,35.480636],[133.27769,35.482656],[133.280137,35.484621],[133.28032,35.48477],[133.281134,35.485506]]]},"properties":{"code":"312020860","name":"和田町","kihon1":"0860"}},
{"type":"Feature","geometry":{"type":"Polygon","coordinates":[[[133.283473,35.462404],[133.284103,35.463218],[133.284894,35.46421],[133.285541,35.464977],[133.286106,35.465389],[133.288432,35.466936],[133.290659,35.468761],[133.290768,35.469035],[133.290948,35.469215],[133.291339,35.46961],[133.291727,35.470022],[133.292316,35.470759],[133.2928,35.4705],[133.293287,35.471086],[133.293901,35.471897],[133.294533,35.47275],[133.294636,35.472877],[133.294809,35.473094],[133.295356,35.473775],[133.296191,35.474805],[133.29717,35.476157],[133.296887,35.476321],[133.296568,35.476478],[133.296194,35.476685],[133.295888,35.476872],[133.29552,35.477063],[133.29529,35.477209],[133.295149,35.477299],[133.295007,35.477389],[133.294816,35.477508],[133.294629,35.477592],[133.294434,35.477648],[133.294073,35.477822],[133.293882,35.477867],[133.293505,35.478034],[133.293313,35.478157],[133.293065,35.478306],[133.292701,35.478509],[133.29261,35.478574],[133.29249,35.478659],[133.29236,35.478755],[133.292269,35.47882],[133.292147,35.478891],[133.291975,35.478967],[133.291885,35.479009],[133.291751,35.479089],[133.291588,35.479204],[133.2914,35.479346],[133.291304,35.479423],[133.291166,35.479476],[133.290994,35.479584],[133.290823,35.479712],[133.290617,35.479881],[133.290478,35.479985],[133.290329,35.480085],[133.290186,35.480165],[133.289999,35.480257],[133.289722,35.480402],[133.289531,35.480579],[133.289414,35.480671],[133.289261,35.480747],[133.288939,35.480898],[133.288786,35.480978],[133.288609,35.481066],[133.288389,35.481165],[133.288021,35.481329],[133.28773,35.481455],[133.287486,35.481565],[133.287266,35.481687],[133.287023,35.481916],[133.286903,35.482024],[133.286553,35.482281],[133.28638,35.482427],[133.286193,35.482577],[133.28613,35.482615],[133.286054,35.482665],[133.285882,35.482745],[133.2856,35.482871],[133.285346,35.483028],[133.285023,35.483262],[133.284914,35.483313],[133.284756,35.483383],[133.284634,35.483427],[133.284486,35.483495],[133.284158,35.483717],[133.283965,35.483847],[133.283683,35.484064],[133.283369,35.484327],[133.283069,35.484558],[133.282988,35.484612],[133.282882,35.484679],[133.282713,35.484769],[133.282573,35.484834],[133.282436,35.484892],[133.282204,35.484979],[133.281766,35.485155],[133.281622,35.485214],[133.281478,35.485298],[133.281134,35.485506],[133.28032,35.48477],[133.280137,35.484621],[133.27769,35.482656],[133.275469,35.480636],[133.275283,35.480477],[133.275264,35.480365],[133.275286,35.480259],[133.275209,35.48016],[133.275127,35.480074],[133.274788,35.479782],[133.273466,35.478985],[133.272257,35.47829],[133.270783,35.477538],[133.270733,35.477509],[133.270166,35.477178],[133.268108,35.475895],[133.266984,35.475492],[133.268011,35.474084],[133.268086,35.473972],[133.268634,35.473409],[133.26898,35.473061],[133.269198,35.472821],[133.269456,35.472581],[133.269859,35.472178],[133.270414,35.471525],[133.270538,35.471385],[133.270653,35.471248],[133.271693,35.470168],[133.271729,35.470119],[133.272259,35.469448],[133.272731,35.468904],[133.273594,35.468032],[133.274113,35.467516],[133.274316,35.467303],[133.275015,35.466637],[133.275285,35.466339],[133.275625,35.465999],[133.275971,35.465664],[133.276078,35.465567],[133.27617,35.465616],[133.276407,35.465778],[133.276396,35.465841],[133.2764,35.465912],[133.27667,35.466124],[133.276983,35.46634],[133.277432,35.466629],[133.277653,35.4664],[133.277835,35.466223],[133.277862,35.466205],[133.278426,35.465812],[133.278769,35.465607],[133.279368,35.465261],[133.279566,35.465133],[133.279908,35.46492],[133.280217,35.464748],[133.280677,35.464449],[133.281146,35.46412],[133.281436,35.463899],[133.281678,35.463732],[133.282035,35.463516],[133.283235,35.462606],[133.283327,35.462536],[133.283473,35.462404]]]},"properties":{"code":"312020870","name":"富益町","kihon1":"0870"}},
{"type":"Feature","geometry":{"type":"Polygon","coordinates":[[[133.311004,35.470837],[133.310946,35.470869],[133.310802,35.470628],[133.310757,35.470648],[133.310685,35.470515],[133.310513,35.470557],[133.310369,35.470644],[133.310304,35.470724],[133.310249,35.4708],[133.310041,35.470887],[133.309873,35.470978],[133.309736,35.471007],[133.309615,35.471006],[133.309475,35.470967],[133.309315,35.470924],[133.308591,35.471194],[133.308558,35.471257],[133.308411,35.471325],[133.308362,35.471375],[133.308147,35.471464],[133.307987,35.471462],[133.307869,35.471508],[133.307736,35.471508],[133.30712,35.471727],[133.307011,35.471779],[133.306927,35.471835],[133.306599,35.472026],[133.306169,35.472236],[133.306168,35.472237],[133.305841,35.472385],[133.305386,35.472595],[133.305058,35.472738],[133.304692,35.472892],[133.304468,35.472984],[133.30432,35.473045],[133.304089,35.473137],[133.303743,35.473285],[133.303351,35.473454],[133.30278,35.473689],[133.302308,35.473891],[133.301911,35.47405],[133.301609,35.474188],[133.301307,35.474316],[133.300637,35.474336],[133.300387,35.474428],[133.300117,35.47453],[133.299935,35.474599],[133.299697,35.474686],[133.299447,35.474772],[133.299351,35.474819],[133.299125,35.475005],[133.298797,35.475226],[133.29861,35.475324],[133.298443,35.475448],[133.298372,35.47551],[133.298269,35.47555],[133.297871,35.475745],[133.297472,35.475972],[133.29717,35.476157],[133.296191,35.474805],[133.295356,35.473775],[133.294809,35.473094],[133.294636,35.472877],[133.294533,35.47275],[133.293901,35.471897],[133.293287,35.471086],[133.2928,35.4705],[133.292316,35.470759],[133.291727,35.470022],[133.291339,35.46961],[133.290948,35.469215],[133.290768,35.469035],[133.290659,35.468761],[133.288432,35.466936],[133.286106,35.465389],[133.285541,35.464977],[133.284894,35.46421],[133.284103,35.463218],[133.283473,35.462404],[133.283817,35.462078],[133.28409,35.461841],[133.284413,35.461589],[133.286012,35.460521],[133.286872,35.459857],[133.287704,35.459177],[133.287776,35.459222],[133.287938,35.459131],[133.288126,35.459049],[133.288302,35.458982],[133.288417,35.458927],[133.289081,35.458668],[133.289174,35.458644],[133.289364,35.458622],[133.289447,35.458564],[133.289783,35.458274],[133.290172,35.457996],[133.290287,35.457921],[133.290438,35.457829],[133.290668,35.458059],[133.290909,35.457901],[133.290802,35.457773],[133.290684,35.457657],[133.290646,35.457574],[133.291156,35.456977],[133.29144,35.456658],[133.291954,35.456119],[133.292139,35.455914],[133.292217,35.45583],[133.292116,35.455737],[133.292216,35.455666],[133.292348,35.455554],[133.292583,35.455354],[133.292785,35.45521],[133.292932,35.455088],[133.293035,35.455005],[133.293243,35.454851],[133.293536,35.454636],[133.293863,35.454395],[133.29428,35.454104],[133.29428,35.454078],[133.295552,35.453108],[133.295807,35.452883],[133.295813,35.452845],[133.295961,35.452943],[133.296951,35.453767],[133.297137,35.454004],[133.297453,35.454719],[133.298616,35.45687],[133.298643,35.456921],[133.298873,35.457239],[133.299249,35.45767],[133.300858,35.459465],[133.302372,35.46118],[133.303225,35.462111],[133.303227,35.462114],[133.304089,35.46307],[133.304248,35.463089],[133.304284,35.463085],[133.304736,35.463102],[133.304956,35.46311],[133.305118,35.46316],[133.305418,35.463457],[133.306276,35.464059],[133.306697,35.464475],[133.30705,35.464844],[133.307175,35.464983],[133.307767,35.465656],[133.307966,35.465933],[133.308596,35.466894],[133.308949,35.46771],[133.309517,35.468666],[133.309691,35.468886],[133.309875,35.469113],[133.310309,35.469756],[133.310798,35.470527],[133.311004,35.470837]]]},"properties":{"code":"312020880","name":"夜見町","kihon1":"0880"}},
{"type":"Feature","geometry":{"type":"Polygon","coordinates":[[[133.388281,35.429027],[133.388192,35.42911],[133.388045,35.429336],[133.387567,35.429869],[133.387217,35.429673],[133.3867,35.430279],[133.386455,35.430139],[133.385908,35.430806],[133.385789,35.430797],[133.385648,35.430747],[133.385459,35.43063],[133.385435,35.430667],[133.385388,35.43074],[133.385321,35.430896],[133.385286,35.431074],[133.385333,35.431413],[133.38521,35.431568],[133.384999,35.431738],[133.384697,35.431801],[133.384276,35.431873],[133.384118,35.431914],[133.383959,35.431982],[133.383861,35.432138],[133.383799,35.432206],[133.383612,35.432248],[133.383449,35.432289],[133.383286,35.432347],[133.383234,35.43168],[133.383264,35.431517],[133.383269,35.431059],[133.383233,35.430536],[133.383231,35.430466],[133.383217,35.430219],[133.383141,35.430349],[133.38302,35.43046],[133.382882,35.430552],[133.382818,35.430645],[133.382811,35.43075],[133.382507,35.431111],[133.382272,35.431233],[133.382145,35.431342],[133.380999,35.431442],[133.380985,35.431391],[133.380969,35.431162],[133.380935,35.430788],[133.380925,35.430683],[133.380906,35.430473],[133.380895,35.430172],[133.380868,35.429828],[133.380855,35.42963],[133.380849,35.429544],[133.380844,35.429391],[133.38084,35.428765],[133.380807,35.428577],[133.380756,35.428382],[133.380735,35.428295],[133.380675,35.427796],[133.380619,35.426926],[133.3806,35.426641],[133.380606,35.426536],[133.380604,35.426473],[133.380584,35.426274],[133.380568,35.425765],[133.380547,35.425332],[133.380522,35.424851],[133.380515,35.42427],[133.380493,35.423927],[133.380491,35.423757],[133.380046,35.423794],[133.379576,35.423834],[133.379325,35.423851],[133.379308,35.423459],[133.379281,35.423062],[133.379339,35.422997],[133.379247,35.422397],[133.379229,35.422159],[133.379244,35.422094],[133.379301,35.422051],[133.379395,35.422008],[133.379509,35.422006],[133.379736,35.422101],[133.38003,35.422228],[133.380413,35.421781],[133.380434,35.422017],[133.380448,35.422409],[133.380476,35.422876],[133.380522,35.422886],[133.381197,35.422835],[133.382815,35.422695],[133.382949,35.423499],[133.382972,35.423519],[133.384067,35.42345],[133.384305,35.423436],[133.384588,35.423418],[133.385119,35.423382],[133.385467,35.423347],[133.385686,35.423318],[133.38569,35.423214],[133.385711,35.422986],[133.38575,35.422876],[133.385809,35.422784],[133.385944,35.42265],[133.386039,35.422592],[133.386075,35.422561],[133.38609,35.422471],[133.38614,35.422387],[133.386271,35.422284],[133.386278,35.422262],[133.386283,35.422231],[133.386285,35.422061],[133.38626,35.421527],[133.386264,35.421388],[133.386958,35.421335],[133.388008,35.421258],[133.388586,35.421166],[133.388645,35.421332],[133.388714,35.421524],[133.388762,35.421646],[133.38879,35.421679],[133.388971,35.421651],[133.389469,35.421571],[133.389858,35.421494],[133.390118,35.421443],[133.390324,35.421406],[133.390376,35.42185],[133.390413,35.422099],[133.389961,35.422136],[133.389641,35.422168],[133.389293,35.422198],[133.389335,35.422545],[133.389395,35.422951],[133.389534,35.423989],[133.389306,35.424011],[133.388601,35.424067],[133.388337,35.424093],[133.388233,35.424101],[133.388277,35.424448],[133.388355,35.424975],[133.388406,35.425339],[133.388466,35.425823],[133.388328,35.425846],[133.387893,35.425919],[133.387915,35.426139],[133.38798,35.42679],[133.387989,35.426862],[133.387945,35.426881],[133.387807,35.426946],[133.387848,35.427022],[133.387934,35.427247],[133.387997,35.427497],[133.388014,35.427665],[133.388014,35.428423],[133.3883,35.428474],[133.388495,35.428507],[133.388451,35.428666],[133.388389,35.428823],[133.388281,35.429027]]]},"properties":{"code":"312020890","name":"蚊屋","kihon1":"0890"}},
{"type":"Feature","geometry":{"type":"Polygon","coordinates":[[[133.397034,35.42495],[133.396361,35.425464],[133.396291,35.425518],[133.396168,35.425333],[133.395765,35.425148],[133.395442,35.425243],[133.395354,35.425263],[133.393841,35.428467],[133.39358,35.428601],[133.392883,35.428631],[133.392444,35.428651],[133.391713,35.428695],[133.391212,35.428724],[133.390535,35.428783],[133.390466,35.428856],[133.390392,35.428909],[133.390285,35.428984],[133.389951,35.429006],[133.389613,35.42904],[133.389271,35.429063],[133.388972,35.429096],[133.38886,35.42912],[133.388753,35.429232],[133.388629,35.429169],[133.388412,35.429081],[133.388281,35.429027],[133.388389,35.428823],[133.388451,35.428666],[133.388495,35.428507],[133.3883,35.428474],[133.388014,35.428423],[133.388014,35.427665],[133.387997,35.427497],[133.387934,35.427247],[133.387848,35.427022],[133.387807,35.426946],[133.387945,35.426881],[133.387989,35.426862],[133.38798,35.42679],[133.387915,35.426139],[133.387893,35.425919],[133.388328,35.425846],[133.388466,35.425823],[133.388406,35.425339],[133.388355,35.424975],[133.388277,35.424448],[133.388233,35.424101],[133.388337,35.424093],[133.388601,35.424067],[133.389306,35.424011],[133.389534,35.423989],[133.389395,35.422951],[133.389335,35.422545],[133.389293,35.422198],[133.389641,35.422168],[133.389961,35.422136],[133.390413,35.422099],[133.391626,35.42198],[133.392338,35.421911],[133.392949,35.421867],[133.393512,35.422054],[133.39401,35.422209],[133.394041,35.422145],[133.394179,35.421851],[133.394399,35.421432],[133.394607,35.421091],[133.394696,35.421116],[133.396045,35.42156],[133.39686,35.421832],[133.396227,35.423126],[133.396732,35.423175],[133.397208,35.423211],[133.397209,35.423326],[133.397212,35.423489],[133.39724,35.424118],[133.397024,35.424122],[133.397032,35.424674],[133.397025,35.424861],[133.397034,35.42495]]]},"properties":{"code":"312020900","name":"今在家","kihon1":"0900"}},
{"type":"Feature","geometry":{"type":"Polygon","coordinates":[[[133.394031,35.453504],[133.393947,35.4535],[133.393824,35.453505],[133.393702,35.453498],[133.39365,35.453499],[133.393641,35.453502],[133.393625,35.453503],[133.393562,35.453523],[133.393497,35.453553],[133.393466,35.453563],[133.393356,35.453628],[133.393283,35.453681],[133.393262,35.453693],[133.393211,35.453732],[133.393201,35.453747],[133.393156,35.453852],[133.39313,35.453975],[133.393115,35.454074],[133.393117,35.454114],[133.392946,35.454113],[133.392958,35.454044],[133.392962,35.453979],[133.392954,35.453884],[133.392934,35.453805],[133.392906,35.45375],[133.392876,35.453713],[133.392832,35.453678],[133.392702,35.453601],[133.392623,35.453562],[133.392526,35.45353],[133.392451,35.453511],[133.392302,35.453489],[133.392157,35.453501],[133.392063,35.453512],[133.392029,35.453513],[133.391962,35.453521],[133.391837,35.453544],[133.391744,35.45355],[133.391696,35.453558],[133.391682,35.453469],[133.391643,35.453242],[133.39156,35.452891],[133.391475,35.452503],[133.391425,35.452301],[133.391406,35.452206],[133.391324,35.451795],[133.391274,35.451542],[133.391256,35.451451],[133.391202,35.451209],[133.391058,35.450519],[133.391044,35.450472],[133.391029,35.450381],[133.391278,35.450298],[133.391413,35.450234],[133.391456,35.450159],[133.391526,35.449906],[133.391474,35.449678],[133.391403,35.449549],[133.391348,35.449363],[133.391218,35.448914],[133.39108,35.448554],[133.390995,35.448318],[133.390984,35.448264],[133.390966,35.448104],[133.390991,35.447642],[133.391041,35.447178],[133.391048,35.446863],[133.390992,35.446713],[133.390891,35.44642],[133.390776,35.446115],[133.390662,35.44607],[133.390462,35.445652],[133.390399,35.445505],[133.390313,35.44535],[133.389835,35.444822],[133.389748,35.444727],[133.389498,35.444633],[133.389354,35.444575],[133.389025,35.444437],[133.388863,35.444375],[133.388692,35.444121],[133.388503,35.443859],[133.388348,35.443786],[133.388172,35.443694],[133.387959,35.443597],[133.387895,35.443531],[133.387879,35.443492],[133.387827,35.443363],[133.3878,35.443109],[133.387795,35.442984],[133.387786,35.442871],[133.387735,35.44246],[133.387705,35.442407],[133.387366,35.442178],[133.387272,35.442122],[133.38703,35.441889],[133.38692,35.441786],[133.386837,35.441692],[133.386736,35.441591],[133.386647,35.44143],[133.386652,35.441323],[133.386656,35.44124],[133.386654,35.441077],[133.386652,35.440991],[133.3865,35.440694],[133.386544,35.440108],[133.386684,35.439812],[133.386787,35.439432],[133.386844,35.439137],[133.386856,35.439108],[133.386868,35.439007],[133.386562,35.438971],[133.386453,35.438952],[133.386445,35.438879],[133.386431,35.438822],[133.386398,35.438751],[133.386361,35.438705],[133.386236,35.438704],[133.385939,35.438724],[133.38569,35.438732],[133.385625,35.43876],[133.385575,35.438808],[133.385558,35.438915],[133.385439,35.438928],[133.385351,35.43899],[133.38533,35.439032],[133.385124,35.438991],[133.384706,35.438788],[133.384521,35.438717],[133.384352,35.438697],[133.384201,35.438629],[133.384009,35.438611],[133.38405,35.438534],[133.384204,35.438391],[133.384536,35.438303],[133.38474,35.438221],[133.385099,35.437993],[133.385342,35.437683],[133.385374,35.437564],[133.385216,35.437527],[133.385165,35.437502],[133.385139,35.437449],[133.385183,35.437331],[133.385203,35.437212],[133.385261,35.437113],[133.385304,35.43704],[133.385374,35.436833],[133.385477,35.436699],[133.385591,35.436509],[133.385629,35.436476],[133.385644,35.436369],[133.385648,35.436266],[133.385692,35.436132],[133.385567,35.435822],[133.385565,35.43567],[133.385569,35.435639],[133.385543,35.435589],[133.385443,35.435414],[133.385505,35.43536],[133.385468,35.435308],[133.385405,35.435205],[133.385294,35.435056],[133.385282,35.435054],[133.385247,35.435043],[133.385231,35.435037],[133.385182,35.434992],[133.385157,35.434945],[133.385164,35.434909],[133.385192,35.434851],[133.38521,35.434789],[133.385206,35.434749],[133.385182,35.434702],[133.385179,35.4347],[133.385149,35.434672],[133.385104,35.434619],[133.385057,35.434545],[133.385031,35.434478],[133.385026,35.434431],[133.384996,35.43439],[133.384925,35.434295],[133.384882,35.434205],[133.38487,35.434179],[133.384855,35.434159],[133.384856,35.434148],[133.384859,35.434102],[133.384888,35.434044],[133.384935,35.433973],[133.384955,35.433883],[133.384943,35.433811],[133.384921,35.433736],[133.384861,35.433639],[133.384732,35.433458],[133.384665,35.433419],[133.384601,35.433366],[133.384568,35.433313],[133.384539,35.433247],[133.384506,35.433108],[133.384479,35.433064],[133.384234,35.432945],[133.384211,35.432758],[133.384123,35.432372],[133.384121,35.432257],[133.384249,35.432158],[133.384477,35.432037],[133.384736,35.431895],[133.384999,35.431738],[133.38521,35.431568],[133.385333,35.431413],[133.385286,35.431074],[133.385321,35.430896],[133.385388,35.43074],[133.385435,35.430667],[133.385459,35.43063],[133.385648,35.430747],[133.385789,35.430797],[133.385908,35.430806],[133.386455,35.430139],[133.3867,35.430279],[133.387217,35.429673],[133.387567,35.429869],[133.388045,35.429336],[133.388192,35.42911],[133.388281,35.429027],[133.388412,35.429081],[133.388629,35.429169],[133.388753,35.429232],[133.38886,35.42912],[133.388972,35.429096],[133.389271,35.429063],[133.389613,35.42904],[133.389951,35.429006],[133.390285,35.428984],[133.390392,35.428909],[133.390466,35.428856],[133.390535,35.428783],[133.391212,35.428724],[133.391713,35.428695],[133.392444,35.428651],[133.392883,35.428631],[133.39358,35.428601],[133.393841,35.428467],[133.393291,35.429583],[133.393002,35.430084],[133.3927,35.430442],[133.392702,35.430565],[133.39271,35.430688],[133.392737,35.431743],[133.393069,35.431352],[133.396041,35.432999],[133.395856,35.433094],[133.395476,35.433201],[133.395143,35.433286],[133.394789,35.433381],[133.394344,35.433466],[133.394102,35.433494],[133.393558,35.433487],[133.393075,35.433462],[133.393016,35.433496],[133.393017,35.434183],[133.393006,35.434748],[133.392953,35.434825],[133.392925,35.434865],[133.392819,35.434971],[133.392786,35.434979],[133.392747,35.434973],[133.392616,35.434903],[133.392658,35.435469],[133.392691,35.435844],[133.3927,35.435992],[133.392735,35.436356],[133.392549,35.436363],[133.39224,35.436382],[133.391542,35.436421],[133.391572,35.43663],[133.391765,35.438333],[133.39151,35.438344],[133.390617,35.438404],[133.390622,35.438477],[133.390642,35.438766],[133.390694,35.439409],[133.390726,35.439759],[133.391032,35.439748],[133.391059,35.439916],[133.3913,35.439877],[133.391344,35.439992],[133.391474,35.440304],[133.391572,35.440519],[133.391695,35.440885],[133.391766,35.441128],[133.391752,35.441575],[133.391746,35.441938],[133.39165,35.442291],[133.391558,35.442637],[133.391488,35.442889],[133.391429,35.443085],[133.391455,35.443482],[133.391094,35.443495],[133.391129,35.443824],[133.391179,35.444043],[133.39123,35.444222],[133.391347,35.444468],[133.391415,35.444615],[133.391523,35.444773],[133.391626,35.444924],[133.391776,35.44519],[133.391826,35.445286],[133.3919,35.445427],[133.391955,35.445531],[133.392129,35.445976],[133.392246,35.446289],[133.39236,35.446605],[133.392449,35.44687],[133.392568,35.447161],[133.392684,35.447539],[133.392786,35.447779],[133.392927,35.448048],[133.393039,35.44838],[133.393129,35.448606],[133.393149,35.448656],[133.393195,35.448878],[133.393231,35.449172],[133.393274,35.449562],[133.39329,35.44968],[133.393324,35.450025],[133.393326,35.450035],[133.393373,35.450265],[133.393444,35.450612],[133.393467,35.450725],[133.393526,35.45101],[133.393587,35.451322],[133.393603,35.451402],[133.393648,35.45166],[133.393656,35.451697],[133.393826,35.452476],[133.393855,35.452616],[133.394008,35.453368],[133.394031,35.453504]]]},"properties":{"code":"312020910","name":"二本木","kihon1":"0910"}},
{"type":"Feature","geometry":{"type":"Polygon","coordinates":[[[133.378521,35.430361],[133.378496,35.430042],[133.378434,35.429815],[133.378353,35.42976],[133.378203,35.429745],[133.377624,35.429815],[133.37671,35.429933],[133.375208,35.430108],[133.374964,35.430142],[133.374838,35.430127],[133.374521,35.430025],[133.374302,35.429949],[133.37402,35.430218],[133.37389,35.430291],[133.373373,35.430369],[133.373239,35.430384],[133.373047,35.430417],[133.373153,35.430016],[133.373222,35.429568],[133.37323,35.429516],[133.373283,35.429284],[133.373334,35.429086],[133.373531,35.428128],[133.373602,35.427779],[133.373673,35.42741],[133.373706,35.427246],[133.373734,35.427117],[133.373748,35.427066],[133.373834,35.427063],[133.374013,35.427048],[133.373975,35.427272],[133.373957,35.427337],[133.374071,35.427363],[133.374173,35.427131],[133.37435,35.427097],[133.375202,35.427071],[133.37586,35.427069],[133.376318,35.427093],[133.376495,35.427103],[133.37716,35.42718],[133.378006,35.427306],[133.378603,35.427399],[133.37919,35.427575],[133.379564,35.427697],[133.380016,35.427885],[133.380511,35.428163],[133.380735,35.428295],[133.380756,35.428382],[133.380807,35.428577],[133.38084,35.428765],[133.380844,35.429391],[133.380849,35.429544],[133.380855,35.42963],[133.380608,35.429597],[133.380331,35.42957],[133.380248,35.429683],[133.379879,35.430204],[133.378913,35.430302],[133.37863,35.430339],[133.378521,35.430361]]]},"properties":{"code":"312020920","name":"熊党","kihon1":"0920"}},
{"type":"Feature","geometry":{"type":"Polygon","coordinates":[[[133.380413,35.421781],[133.38003,35.422228],[133.379736,35.422101],[133.379509,35.422006],[133.379395,35.422008],[133.379301,35.422051],[133.379244,35.422094],[133.379229,35.422159],[133.379247,35.422397],[133.379339,35.422997],[133.379281,35.423062],[133.379308,35.423459],[133.379325,35.423851],[133.379576,35.423834],[133.380046,35.423794],[133.380491,35.423757],[133.380493,35.423927],[133.380515,35.42427],[133.380522,35.424851],[133.380547,35.425332],[133.380568,35.425765],[133.380584,35.426274],[133.380604,35.426473],[133.380606,35.426536],[133.3806,35.426641],[133.380619,35.426926],[133.380675,35.427796],[133.380735,35.428295],[133.380511,35.428163],[133.380016,35.427885],[133.379564,35.427697],[133.37919,35.427575],[133.378603,35.427399],[133.378006,35.427306],[133.37716,35.42718],[133.376495,35.427103],[133.376318,35.427093],[133.37586,35.427069],[133.375202,35.427071],[133.37435,35.427097],[133.374173,35.427131],[133.374071,35.427363],[133.373957,35.427337],[133.373975,35.427272],[133.374013,35.427048],[133.374032,35.42693],[133.374152,35.425905],[133.374235,35.424575],[133.374231,35.424349],[133.373665,35.424339],[133.373195,35.424334],[133.373069,35.424336],[133.373194,35.424095],[133.37329,35.423837],[133.373366,35.423506],[133.373389,35.423393],[133.373426,35.423015],[133.373447,35.422697],[133.373476,35.422417],[133.373487,35.422339],[133.373887,35.422488],[133.374419,35.422696],[133.374454,35.422567],[133.374493,35.422431],[133.374533,35.422322],[133.374736,35.421986],[133.37486,35.421797],[133.375278,35.421116],[133.375446,35.42085],[133.375623,35.420585],[133.376024,35.419975],[133.376583,35.41909],[133.377021,35.418426],[133.377195,35.418224],[133.377462,35.418271],[133.377669,35.418264],[133.378448,35.418223],[133.379113,35.418169],[133.37932,35.419636],[133.379362,35.420109],[133.37948,35.42102],[133.379748,35.420997],[133.380184,35.420956],[133.380491,35.420937],[133.381196,35.420873],[133.380413,35.421781]]]},"properties":{"code":"312020930","name":"浦津","kihon1":"0930"}},
{"type":"Feature","geometry":{"type":"Polygon","coordinates":[[[133.378521,35.430361],[133.3785,35.430365],[133.378468,35.430375],[133.378074,35.430494],[133.377368,35.43068],[133.376838,35.430805],[133.376883,35.431111],[133.376916,35.431331],[133.376933,35.431499],[133.377041,35.431672],[133.376958,35.431793],[133.376919,35.431875],[133.376766,35.432725],[133.376722,35.432942],[133.376659,35.433316],[133.376464,35.433803],[133.376398,35.433747],[133.376152,35.433397],[133.376003,35.433182],[133.375944,35.433047],[133.375896,35.432947],[133.375823,35.43268],[133.375673,35.432228],[133.375611,35.432071],[133.375091,35.432099],[133.375133,35.432647],[133.374977,35.432668],[133.374437,35.432717],[133.374084,35.432692],[133.373855,35.432668],[133.373075,35.432605],[133.371886,35.432753],[133.371335,35.432841],[133.370163,35.433105],[133.3703,35.433528],[133.369923,35.433624],[133.369356,35.433769],[133.368224,35.43415],[133.367316,35.434421],[133.367297,35.434324],[133.367231,35.433986],[133.367077,35.433199],[133.366931,35.432542],[133.36678,35.431747],[133.366671,35.431266],[133.366652,35.431183],[133.366588,35.430893],[133.36658,35.430854],[133.366568,35.430799],[133.366486,35.43016],[133.366401,35.42985],[133.366396,35.429822],[133.366317,35.429366],[133.366233,35.428945],[133.36618,35.428699],[133.366136,35.428419],[133.366129,35.428378],[133.366071,35.428014],[133.366053,35.427685],[133.366069,35.427239],[133.366075,35.42681],[133.366139,35.425598],[133.366191,35.425024],[133.366206,35.424742],[133.366574,35.42473],[133.367124,35.424713],[133.367929,35.424681],[133.368506,35.424658],[133.369,35.42464],[133.368995,35.424853],[133.369005,35.425084],[133.369031,35.425413],[133.369051,35.425501],[133.369095,35.42571],[133.369134,35.425844],[133.369167,35.426037],[133.369185,35.426172],[133.369253,35.42615],[133.369319,35.42612],[133.369375,35.426083],[133.369473,35.425997],[133.369584,35.425887],[133.369789,35.425696],[133.370168,35.42525],[133.370356,35.424901],[133.370487,35.424667],[133.370608,35.424709],[133.370925,35.424841],[133.371044,35.424888],[133.371381,35.425026],[133.371929,35.425255],[133.372151,35.425362],[133.372225,35.425288],[133.372273,35.425248],[133.372366,35.425162],[133.37264,35.424892],[133.372802,35.424719],[133.373009,35.424441],[133.373069,35.424336],[133.373195,35.424334],[133.373665,35.424339],[133.374231,35.424349],[133.374235,35.424575],[133.374152,35.425905],[133.374032,35.42693],[133.374013,35.427048],[133.373834,35.427063],[133.373748,35.427066],[133.373734,35.427117],[133.373706,35.427246],[133.373673,35.42741],[133.373602,35.427779],[133.373531,35.428128],[133.373334,35.429086],[133.373283,35.429284],[133.37323,35.429516],[133.373222,35.429568],[133.373153,35.430016],[133.373047,35.430417],[133.373239,35.430384],[133.373373,35.430369],[133.37389,35.430291],[133.37402,35.430218],[133.374302,35.429949],[133.374521,35.430025],[133.374838,35.430127],[133.374964,35.430142],[133.375208,35.430108],[133.37671,35.429933],[133.377624,35.429815],[133.378203,35.429745],[133.378353,35.42976],[133.378434,35.429815],[133.378496,35.430042],[133.378521,35.430361]]]},"properties":{"code":"312020940","name":"吉岡","kihon1":"0940"}},
{"type":"Feature","geometry":{"type":"Polygon","coordinates":[[[133.397114,35.411068],[133.396064,35.411043],[133.395658,35.411527],[133.395304,35.411891],[133.39477,35.412109],[133.393883,35.412348],[133.393836,35.412149],[133.393736,35.411628],[133.393598,35.410506],[133.393588,35.409029],[133.393395,35.407312],[133.393391,35.407236],[133.393111,35.407256],[133.39114,35.407442],[133.390175,35.407554],[133.389275,35.407644],[133.387635,35.407794],[133.387576,35.407439],[133.387502,35.406626],[133.387469,35.405795],[133.387573,35.405792],[133.38775,35.405812],[133.387962,35.405761],[133.388691,35.405686],[133.390121,35.405606],[133.391012,35.405534],[133.391009,35.405457],[133.391842,35.405425],[133.391929,35.405401],[133.392147,35.40539],[133.392821,35.405368],[133.393272,35.405344],[133.393645,35.405294],[133.394496,35.405233],[133.3946,35.405015],[133.396657,35.404953],[133.39806,35.404902],[133.398138,35.404873],[133.398221,35.404785],[133.3984,35.404602],[133.398744,35.404155],[133.39883,35.404174],[133.398902,35.404193],[133.399475,35.404712],[133.400064,35.40524],[133.400061,35.405451],[133.400021,35.405569],[133.399961,35.405646],[133.399878,35.405732],[133.399833,35.405768],[133.399156,35.406142],[133.398891,35.406287],[133.398423,35.406522],[133.397773,35.406841],[133.397366,35.407051],[133.397368,35.407132],[133.397366,35.407235],[133.397357,35.407336],[133.397277,35.408634],[133.397236,35.409231],[133.397231,35.409389],[133.397205,35.409653],[133.397114,35.411068]]]},"properties":{"code":"312020950","name":"一部","kihon1":"0950"}},
{"type":"Feature","geometry":{"type":"Polygon","coordinates":[[[133.391679,35.414152],[133.389956,35.414316],[133.388117,35.414506],[133.3875,35.414536],[133.383509,35.414907],[133.383328,35.413526],[133.383121,35.412048],[133.385225,35.411866],[133.385182,35.411574],[133.384949,35.409915],[133.385671,35.40985],[133.386169,35.409799],[133.387647,35.409663],[133.387546,35.408934],[133.387521,35.408711],[133.387747,35.408681],[133.387729,35.408588],[133.387635,35.407794],[133.389275,35.407644],[133.390175,35.407554],[133.39114,35.407442],[133.393111,35.407256],[133.393391,35.407236],[133.393395,35.407312],[133.393588,35.409029],[133.393598,35.410506],[133.393736,35.411628],[133.393836,35.412149],[133.393883,35.412348],[133.393316,35.412536],[133.392299,35.412778],[133.391525,35.412891],[133.391604,35.413541],[133.391679,35.414152]]]},"properties":{"code":"312020960","name":"上新印","kihon1":"0960"}},
{"type":"Feature","geometry":{"type":"Polygon","coordinates":[[[133.400874,35.425756],[133.400749,35.425765],[133.400693,35.425819],[133.400651,35.425992],[133.400443,35.425986],[133.399913,35.425991],[133.398927,35.425996],[133.398211,35.42599],[133.398177,35.425353],[133.397615,35.425181],[133.397034,35.42495],[133.397025,35.424861],[133.397032,35.424674],[133.397024,35.424122],[133.39724,35.424118],[133.397212,35.423489],[133.397209,35.423326],[133.397208,35.423211],[133.396732,35.423175],[133.396227,35.423126],[133.39686,35.421832],[133.396045,35.42156],[133.394696,35.421116],[133.394607,35.421091],[133.394399,35.421432],[133.394179,35.421851],[133.394041,35.422145],[133.39401,35.422209],[133.393512,35.422054],[133.392949,35.421867],[133.392338,35.421911],[133.391626,35.42198],[133.390413,35.422099],[133.390376,35.42185],[133.390324,35.421406],[133.390118,35.421443],[133.389858,35.421494],[133.389469,35.421571],[133.388971,35.421651],[133.38879,35.421679],[133.388762,35.421646],[133.388714,35.421524],[133.388645,35.421332],[133.388586,35.421166],[133.389167,35.421111],[133.390259,35.421016],[133.390104,35.419759],[133.390049,35.419327],[133.389974,35.4188],[133.38995,35.418597],[133.389917,35.418325],[133.392218,35.418107],[133.392188,35.417859],[133.392016,35.416585],[133.391949,35.416065],[133.391873,35.415515],[133.391679,35.414152],[133.391604,35.413541],[133.391525,35.412891],[133.392299,35.412778],[133.393316,35.412536],[133.393883,35.412348],[133.39477,35.412109],[133.395304,35.411891],[133.395658,35.411527],[133.396064,35.411043],[133.397114,35.411068],[133.397076,35.411656],[133.396975,35.412928],[133.396934,35.413544],[133.396924,35.413774],[133.396928,35.413777],[133.397421,35.413799],[133.398027,35.413836],[133.397989,35.414302],[133.397948,35.414894],[133.398286,35.414678],[133.398849,35.414337],[133.399198,35.414109],[133.399953,35.413585],[133.400491,35.413247],[133.400439,35.413665],[133.400068,35.41766],[133.400936,35.417714],[133.401017,35.417715],[133.401009,35.417122],[133.400995,35.416835],[133.400965,35.415774],[133.400926,35.415088],[133.401262,35.415087],[133.401319,35.415531],[133.401399,35.416238],[133.401516,35.417271],[133.401552,35.417277],[133.402332,35.417365],[133.402277,35.417482],[133.402086,35.418018],[133.402408,35.41819],[133.402441,35.418245],[133.402447,35.41829],[133.402435,35.418715],[133.402413,35.418825],[133.402338,35.418971],[133.40227,35.419034],[133.402106,35.419164],[133.401922,35.419345],[133.401873,35.419414],[133.401821,35.419503],[133.401793,35.419526],[133.401276,35.419522],[133.401281,35.419603],[133.401284,35.419937],[133.401267,35.420322],[133.401229,35.420742],[133.401222,35.420928],[133.401221,35.42095],[133.40122,35.420974],[133.401219,35.421002],[133.401129,35.421973],[133.401079,35.422661],[133.40106,35.422881],[133.401034,35.423196],[133.401007,35.423648],[133.400995,35.423746],[133.400995,35.423749],[133.400984,35.423844],[133.400961,35.424204],[133.40093,35.424618],[133.400924,35.424906],[133.400913,35.425321],[133.400874,35.425756]]]},"properties":{"code":"312020970","name":"赤井手","kihon1":"0970"}},
{"type":"Feature","geometry":{"type":"Polygon","coordinates":[[[133.388586,35.421166],[133.388008,35.421258],[133.386958,35.421335],[133.386264,35.421388],[133.38626,35.421527],[133.386285,35.422061],[133.386283,35.422231],[133.386278,35.422262],[133.386271,35.422284],[133.38614,35.422387],[133.38609,35.422471],[133.386075,35.422561],[133.386039,35.422592],[133.385944,35.42265],[133.385809,35.422784],[133.38575,35.422876],[133.385711,35.422986],[133.38569,35.423214],[133.385686,35.423318],[133.385467,35.423347],[133.385119,35.423382],[133.384588,35.423418],[133.384305,35.423436],[133.384067,35.42345],[133.382972,35.423519],[133.382949,35.423499],[133.382815,35.422695],[133.381197,35.422835],[133.380522,35.422886],[133.380476,35.422876],[133.380448,35.422409],[133.380434,35.422017],[133.380413,35.421781],[133.381196,35.420873],[133.380491,35.420937],[133.380184,35.420956],[133.379748,35.420997],[133.37948,35.42102],[133.379362,35.420109],[133.37932,35.419636],[133.379113,35.418169],[133.378448,35.418223],[133.377669,35.418264],[133.377462,35.418271],[133.377195,35.418224],[133.379161,35.416421],[133.379621,35.415863],[133.380058,35.415239],[133.381659,35.415075],[133.383509,35.414907],[133.3875,35.414536],[133.388117,35.414506],[133.389956,35.414316],[133.391679,35.414152],[133.391873,35.415515],[133.391949,35.416065],[133.392016,35.416585],[133.392188,35.417859],[133.392218,35.418107],[133.389917,35.418325],[133.38995,35.418597],[133.389974,35.4188],[133.390049,35.419327],[133.390104,35.419759],[133.390259,35.421016],[133.389167,35.421111],[133.388586,35.421166]]]},"properties":{"code":"312020980","name":"下新印","kihon1":"0980"}},
{"type":"Feature","geometry":{"type":"Polygon","coordinates":[[[133.373069,35.424336],[133.373009,35.424441],[133.372802,35.424719],[133.37264,35.424892],[133.372366,35.425162],[133.372273,35.425248],[133.372225,35.425288],[133.372151,35.425362],[133.371929,35.425255],[133.371381,35.425026],[133.371044,35.424888],[133.370925,35.424841],[133.370608,35.424709],[133.370487,35.424667],[133.370356,35.424901],[133.370168,35.42525],[133.369789,35.425696],[133.369584,35.425887],[133.369473,35.425997],[133.369375,35.426083],[133.369319,35.42612],[133.369253,35.42615],[133.369185,35.426172],[133.369167,35.426037],[133.369134,35.425844],[133.369095,35.42571],[133.369051,35.425501],[133.369031,35.425413],[133.369005,35.425084],[133.368995,35.424853],[133.369,35.42464],[133.368506,35.424658],[133.367929,35.424681],[133.367124,35.424713],[133.366574,35.42473],[133.366206,35.424742],[133.366317,35.423105],[133.366327,35.422951],[133.366363,35.421769],[133.366379,35.421405],[133.366427,35.420602],[133.366539,35.419701],[133.366644,35.419112],[133.36686,35.418589],[133.366904,35.418442],[133.366921,35.41838],[133.367143,35.417531],[133.367235,35.417301],[133.367602,35.41638],[133.367943,35.415726],[133.368266,35.415178],[133.368297,35.41513],[133.368322,35.415083],[133.368619,35.414651],[133.368866,35.414507],[133.369174,35.414101],[133.369993,35.41337],[133.370159,35.413222],[133.371646,35.411915],[133.372977,35.410743],[133.373649,35.41015],[133.374628,35.409254],[133.37533,35.408665],[133.375932,35.408123],[133.376276,35.407875],[133.376719,35.407554],[133.377365,35.407189],[133.37767,35.406991],[133.37857,35.406525],[133.378819,35.406362],[133.379596,35.405994],[133.379649,35.405969],[133.379665,35.405959],[133.380391,35.405547],[133.380653,35.405421],[133.380891,35.405869],[133.381308,35.406548],[133.381297,35.406645],[133.381261,35.406762],[133.381087,35.406965],[133.380122,35.407753],[133.379697,35.408283],[133.37929,35.409012],[133.379201,35.409154],[133.379291,35.409318],[133.37925,35.409581],[133.379198,35.410346],[133.379212,35.411029],[133.379123,35.411613],[133.379196,35.41238],[133.379419,35.412165],[133.37975,35.41195],[133.380068,35.411728],[133.380154,35.411699],[133.380229,35.411762],[133.380424,35.412222],[133.380485,35.41244],[133.380541,35.412855],[133.38054,35.413082],[133.380491,35.41345],[133.380531,35.413505],[133.380664,35.413643],[133.380594,35.413863],[133.380242,35.414879],[133.380058,35.415239],[133.379621,35.415863],[133.379161,35.416421],[133.377195,35.418224],[133.377021,35.418426],[133.376583,35.41909],[133.376024,35.419975],[133.375623,35.420585],[133.375446,35.42085],[133.375278,35.421116],[133.37486,35.421797],[133.374736,35.421986],[133.374533,35.422322],[133.374493,35.422431],[133.374454,35.422567],[133.374419,35.422696],[133.373887,35.422488],[133.373487,35.422339],[133.373476,35.422417],[133.373447,35.422697],[133.373426,35.423015],[133.373389,35.423393],[133.373366,35.423506],[133.37329,35.423837],[133.373194,35.424095],[133.373069,35.424336]]]},"properties":{"code":"312020990","name":"古豊千","kihon1":"0990"}},
{"type":"Feature","geometry":{"type":"Polygon","coordinates":[[[133.383509,35.414907],[133.381659,35.415075],[133.380058,35.415239],[133.380242,35.414879],[133.380594,35.413863],[133.380664,35.413643],[133.380531,35.413505],[133.380491,35.41345],[133.38054,35.413082],[133.380541,35.412855],[133.380485,35.41244],[133.380424,35.412222],[133.380229,35.411762],[133.380154,35.411699],[133.380068,35.411728],[133.37975,35.41195],[133.379419,35.412165],[133.379196,35.41238],[133.379123,35.411613],[133.379212,35.411029],[133.379198,35.410346],[133.37925,35.409581],[133.379291,35.409318],[133.379201,35.409154],[133.37929,35.409012],[133.379697,35.408283],[133.380122,35.407753],[133.381087,35.406965],[133.381261,35.406762],[133.381297,35.406645],[133.381308,35.406548],[133.380891,35.405869],[133.380653,35.405421],[133.38099,35.405248],[133.381647,35.404918],[133.382267,35.404685],[133.382558,35.405192],[133.382832,35.405622],[133.382994,35.405854],[133.383275,35.405983],[133.383522,35.406083],[133.383694,35.406155],[133.383809,35.406292],[133.383968,35.406253],[133.384367,35.40616],[133.384812,35.40605],[133.385031,35.406025],[133.385162,35.406065],[133.385268,35.406054],[133.385352,35.406036],[133.386103,35.405892],[133.386795,35.405833],[133.387469,35.405795],[133.387502,35.406626],[133.387576,35.407439],[133.387635,35.407794],[133.387729,35.408588],[133.387747,35.408681],[133.387521,35.408711],[133.387546,35.408934],[133.387647,35.409663],[133.386169,35.409799],[133.385671,35.40985],[133.384949,35.409915],[133.385182,35.411574],[133.385225,35.411866],[133.383121,35.412048],[133.383328,35.413526],[133.383509,35.414907]]]},"properties":{"code":"312021000","name":"高島","kihon1":"1000"}},
{"type":"Feature","geometry":{"type":"Polygon","coordinates":[[[133.387469,35.405795],[133.386795,35.405833],[133.386103,35.405892],[133.385352,35.406036],[133.385268,35.406054],[133.385162,35.406065],[133.385031,35.406025],[133.384812,35.40605],[133.384367,35.40616],[133.383968,35.406253],[133.383809,35.406292],[133.383694,35.406155],[133.383522,35.406083],[133.383275,35.405983],[133.382994,35.405854],[133.382832,35.405622],[133.382558,35.405192],[133.382267,35.404685],[133.382956,35.404426],[133.384403,35.403869],[133.385065,35.403622],[133.385315,35.403521],[133.386138,35.403262],[133.38714,35.402914],[133.38803,35.402666],[133.388659,35.402502],[133.389316,35.402299],[133.390376,35.401972],[133.391513,35.401655],[133.392167,35.401391],[133.392638,35.401192],[133.393173,35.400906],[133.393782,35.400406],[133.394002,35.400995],[133.394143,35.401359],[133.394254,35.401672],[133.394419,35.402214],[133.394435,35.402244],[133.394585,35.402245],[133.394621,35.402275],[133.394675,35.402374],[133.394684,35.402476],[133.39458,35.402715],[133.394596,35.402747],[133.39469,35.402772],[133.394745,35.402853],[133.39473,35.402957],[133.394655,35.403028],[133.394481,35.40307],[133.394389,35.403104],[133.394315,35.403166],[133.394249,35.403261],[133.393294,35.403374],[133.393192,35.403438],[133.393132,35.403547],[133.393196,35.403729],[133.393213,35.403878],[133.39317,35.404077],[133.393242,35.404939],[133.393272,35.405344],[133.392821,35.405368],[133.392147,35.40539],[133.391929,35.405401],[133.391842,35.405425],[133.391009,35.405457],[133.391012,35.405534],[133.390121,35.405606],[133.388691,35.405686],[133.387962,35.405761],[133.38775,35.405812],[133.387573,35.405792],[133.387469,35.405795]]]},"properties":{"code":"312021010","name":"東八幡","kihon1":"1010"}},
{"type":"Feature","geometry":{"type":"Polygon","coordinates":[[[133.400064,35.40524],[133.399475,35.404712],[133.398902,35.404193],[133.39883,35.404174],[133.398744,35.404155],[133.3984,35.404602],[133.398221,35.404785],[133.398138,35.404873],[133.39806,35.404902],[133.396657,35.404953],[133.3946,35.405015],[133.394496,35.405233],[133.393645,35.405294],[133.393272,35.405344],[133.393242,35.404939],[133.39317,35.404077],[133.393213,35.403878],[133.393196,35.403729],[133.393132,35.403547],[133.393192,35.403438],[133.393294,35.403374],[133.394249,35.403261],[133.394315,35.403166],[133.394389,35.403104],[133.394481,35.40307],[133.394655,35.403028],[133.39473,35.402957],[133.394745,35.402853],[133.39469,35.402772],[133.394596,35.402747],[133.39458,35.402715],[133.394684,35.402476],[133.394675,35.402374],[133.394621,35.402275],[133.394585,35.402245],[133.394435,35.402244],[133.394419,35.402214],[133.394254,35.401672],[133.394143,35.401359],[133.394002,35.400995],[133.393782,35.400406],[133.394004,35.400225],[133.394999,35.399432],[133.39504,35.3994],[133.395632,35.398864],[133.395942,35.398635],[133.396027,35.398776],[133.396187,35.398917],[133.396253,35.39897],[133.396597,35.399244],[133.397615,35.399861],[133.39772,35.399924],[133.397725,35.399927],[133.397843,35.399992],[133.397951,35.40005],[133.397996,35.400083],[133.39801,35.400092],[133.398003,35.400147],[133.397913,35.400592],[133.397908,35.400619],[133.397633,35.402138],[133.399958,35.402069],[133.399994,35.402084],[133.400011,35.402142],[133.399963,35.40268],[133.399945,35.403213],[133.400022,35.403875],[133.400023,35.404097],[133.400041,35.404342],[133.400043,35.40453],[133.400043,35.404554],[133.400042,35.404609],[133.40004,35.404767],[133.400042,35.404893],[133.400064,35.40524]]]},"properties":{"code":"312021020","name":"水浜","kihon1":"1020"}},
{"type":"Feature","geometry":{"type":"Polygon","coordinates":[[[133.408005,35.431507],[133.408009,35.431252],[133.407976,35.431215],[133.40791,35.431285],[133.407783,35.431451],[133.407774,35.431465],[133.407571,35.431771],[133.407487,35.431932],[133.407349,35.43221],[133.407133,35.43257],[133.406798,35.433049],[133.406457,35.433547],[133.406254,35.433819],[133.40608,35.434054],[133.406127,35.433597],[133.406172,35.433203],[133.404918,35.433125],[133.405025,35.431906],[133.405036,35.431722],[133.40491,35.431718],[133.404949,35.431342],[133.405041,35.430282],[133.405089,35.429666],[133.405132,35.429114],[133.405182,35.428561],[133.405199,35.428382],[133.405231,35.427926],[133.405362,35.427888],[133.405402,35.427852],[133.405494,35.427037],[133.40547,35.426981],[133.40534,35.42688],[133.405361,35.426749],[133.404483,35.426697],[133.404121,35.426672],[133.404213,35.425482],[133.40422,35.425299],[133.403296,35.425253],[133.403048,35.425243],[133.403025,35.425493],[133.402116,35.425438],[133.402098,35.425733],[133.401806,35.425719],[133.401641,35.425717],[133.401599,35.425534],[133.401701,35.425149],[133.40171,35.424802],[133.401703,35.42456],[133.401658,35.424295],[133.40164,35.424133],[133.401569,35.423894],[133.401513,35.423758],[133.401456,35.423705],[133.401175,35.423733],[133.400995,35.423746],[133.401007,35.423648],[133.401034,35.423196],[133.40106,35.422881],[133.401079,35.422661],[133.401129,35.421973],[133.401219,35.421002],[133.40122,35.420974],[133.401221,35.42095],[133.401222,35.420928],[133.401229,35.420742],[133.401267,35.420322],[133.401284,35.419937],[133.401281,35.419603],[133.401276,35.419522],[133.401793,35.419526],[133.401821,35.419503],[133.401873,35.419414],[133.401922,35.419345],[133.402106,35.419164],[133.40227,35.419034],[133.402338,35.418971],[133.402413,35.418825],[133.402435,35.418715],[133.402447,35.41829],[133.402441,35.418245],[133.402408,35.41819],[133.402086,35.418018],[133.402277,35.417482],[133.402332,35.417365],[133.401552,35.417277],[133.401516,35.417271],[133.401399,35.416238],[133.401577,35.416235],[133.40169,35.416234],[133.401654,35.415494],[133.401576,35.414538],[133.401834,35.414524],[133.401867,35.414679],[133.401892,35.414711],[133.402068,35.414719],[133.402055,35.414511],[133.402064,35.414202],[133.402062,35.413934],[133.402084,35.413755],[133.402115,35.413642],[133.402156,35.413565],[133.402322,35.413729],[133.402397,35.41379],[133.402452,35.413854],[133.402529,35.413938],[133.402768,35.414354],[133.402853,35.414688],[133.402941,35.414843],[133.402995,35.414905],[133.403069,35.414954],[133.403229,35.414989],[133.403395,35.415045],[133.40342,35.415053],[133.403434,35.415064],[133.403461,35.415077],[133.403616,35.415184],[133.403686,35.415308],[133.403728,35.415536],[133.403997,35.415429],[133.404272,35.41535],[133.404269,35.41531],[133.404248,35.415235],[133.404251,35.415176],[133.404302,35.41512],[133.404478,35.415075],[133.404516,35.415061],[133.404482,35.414929],[133.404457,35.414732],[133.404399,35.414391],[133.404328,35.413855],[133.404242,35.413035],[133.404195,35.41269],[133.404138,35.412463],[133.403997,35.412043],[133.40383,35.411683],[133.403608,35.411426],[133.403577,35.41139],[133.403676,35.411318],[133.404121,35.411002],[133.404742,35.410579],[133.404845,35.410499],[133.405135,35.41029],[133.405756,35.409861],[133.40605,35.409655],[133.406321,35.409434],[133.406583,35.409677],[133.407051,35.409648],[133.40767,35.409598],[133.408175,35.409551],[133.408772,35.409489],[133.409382,35.409426],[133.410023,35.409368],[133.41059,35.409309],[133.411208,35.409255],[133.411908,35.409185],[133.411971,35.409624],[133.412016,35.409907],[133.412033,35.410031],[133.412053,35.410166],[133.412193,35.410146],[133.412584,35.410104],[133.413798,35.409994],[133.415012,35.409878],[133.416206,35.409764],[133.417363,35.409659],[133.417706,35.409625],[133.417826,35.409615],[133.417896,35.40961],[133.417948,35.41012],[133.418009,35.410581],[133.418094,35.410565],[133.418303,35.410545],[133.419876,35.410409],[133.419926,35.410397],[133.419949,35.410332],[133.419994,35.410252],[133.420046,35.410211],[133.420114,35.410217],[133.420242,35.41025],[133.420516,35.410376],[133.420562,35.410418],[133.420589,35.410462],[133.420645,35.410487],[133.420681,35.410491],[133.420732,35.41046],[133.420853,35.410375],[133.420986,35.410253],[133.421071,35.410228],[133.421406,35.410269],[133.421494,35.410295],[133.421675,35.410349],[133.421929,35.410385],[133.422099,35.410375],[133.422235,35.410355],[133.422522,35.410381],[133.422722,35.410418],[133.422832,35.410452],[133.422837,35.410452],[133.42289,35.410469],[133.422934,35.410482],[133.423168,35.410537],[133.423199,35.410543],[133.423315,35.410568],[133.423379,35.410583],[133.423568,35.410588],[133.423643,35.410591],[133.424036,35.410549],[133.424405,35.410473],[133.424764,35.410406],[133.425046,35.410341],[133.425276,35.410342],[133.425496,35.410352],[133.425522,35.410355],[133.425693,35.410376],[133.425807,35.410389],[133.426005,35.410405],[133.426269,35.410422],[133.426589,35.410446],[133.426773,35.410439],[133.426863,35.410436],[133.427268,35.410356],[133.427284,35.410352],[133.427536,35.410294],[133.427917,35.410244],[133.428232,35.410188],[133.428547,35.410113],[133.428946,35.41],[133.429295,35.409951],[133.429536,35.409951],[133.429802,35.409977],[133.430019,35.410011],[133.430286,35.410001],[133.430505,35.409954],[133.430636,35.409909],[133.430845,35.409881],[133.430963,35.409925],[133.431039,35.409946],[133.431224,35.409981],[133.431511,35.409993],[133.431872,35.409937],[133.432871,35.409902],[133.433056,35.4099],[133.433297,35.409891],[133.433498,35.409895],[133.433722,35.409889],[133.433883,35.409845],[133.434053,35.409763],[133.434371,35.409611],[133.434652,35.409564],[133.434878,35.409518],[133.435072,35.409471],[133.435191,35.409392],[133.435262,35.409283],[133.435387,35.40913],[133.435512,35.409021],[133.435706,35.408948],[133.435851,35.408932],[133.436083,35.40888],[133.436352,35.408812],[133.436638,35.408701],[133.43689,35.408573],[133.437096,35.408444],[133.4372,35.408342],[133.437385,35.408188],[133.437576,35.408073],[133.437843,35.407946],[133.438145,35.407854],[133.438533,35.407723],[133.438825,35.40765],[133.438998,35.407598],[133.43925,35.407598],[133.439605,35.407648],[133.439989,35.407642],[133.440382,35.40761],[133.440802,35.407469],[133.441133,35.407304],[133.441451,35.407112],[133.44181,35.406865],[133.442084,35.406667],[133.442351,35.406531],[133.442581,35.406413],[133.442675,35.406368],[133.442655,35.40651],[133.442663,35.406626],[133.442812,35.407267],[133.442856,35.407514],[133.442863,35.407787],[133.442816,35.408112],[133.442703,35.408422],[133.442485,35.408675],[133.442365,35.408855],[133.442288,35.409067],[133.442124,35.409405],[133.442039,35.409657],[133.442016,35.409961],[133.441995,35.410154],[133.442021,35.410366],[133.442081,35.410478],[133.442151,35.410567],[133.442475,35.410685],[133.442691,35.41076],[133.442883,35.410842],[133.443021,35.410938],[133.443072,35.411003],[133.443042,35.411115],[133.442873,35.411289],[133.442663,35.411527],[133.442442,35.411788],[133.442325,35.411914],[133.442201,35.412063],[133.442029,35.412227],[133.441881,35.412388],[133.441738,35.412564],[133.441753,35.412751],[133.441745,35.41304],[133.441741,35.413383],[133.441736,35.413792],[133.441725,35.413954],[133.441893,35.414136],[133.442081,35.414353],[133.442159,35.414446],[133.442294,35.41459],[133.442397,35.4147],[133.442398,35.414701],[133.441994,35.414743],[133.441045,35.414859],[133.440357,35.41492],[133.439767,35.414978],[133.439254,35.415024],[133.439197,35.415026],[133.438827,35.41504],[133.43841,35.415055],[133.437993,35.415062],[133.43761,35.415076],[133.43681,35.415106],[133.43636,35.415122],[133.435989,35.415154],[133.435716,35.415182],[133.435402,35.415265],[133.435111,35.415357],[133.434689,35.415471],[133.43431,35.415557],[133.433953,35.41566],[133.433673,35.415742],[133.432837,35.415908],[133.431814,35.416069],[133.431466,35.416138],[133.431172,35.416188],[133.43072,35.416269],[133.430573,35.416295],[133.430148,35.416361],[133.429137,35.416503],[133.428678,35.416538],[133.42803,35.416544],[133.426318,35.416571],[133.425704,35.416585],[133.425255,35.416601],[133.425022,35.416606],[133.424432,35.416614],[133.424037,35.41662],[133.422962,35.416641],[133.422278,35.416595],[133.418655,35.416235],[133.417584,35.416139],[133.417543,35.416271],[133.417453,35.416564],[133.417411,35.416611],[133.417295,35.416648],[133.417092,35.416689],[133.416936,35.416699],[133.416952,35.416816],[133.417001,35.417068],[133.416573,35.416956],[133.41651,35.416969],[133.416187,35.417241],[133.415969,35.417447],[133.415734,35.417629],[133.415948,35.418496],[133.416215,35.41946],[133.416465,35.420348],[133.41652,35.420408],[133.416986,35.420658],[133.417038,35.42072],[133.417054,35.420772],[133.417348,35.421733],[133.417381,35.421891],[133.41742,35.422005],[133.417506,35.422091],[133.417592,35.422115],[133.417859,35.422103],[133.417868,35.422378],[133.417881,35.422715],[133.417909,35.423298],[133.417495,35.423326],[133.417098,35.423344],[133.416721,35.423322],[133.416519,35.423302],[133.416306,35.423271],[133.416028,35.423219],[133.41581,35.423245],[133.415639,35.423323],[133.415467,35.423401],[133.415397,35.42343],[133.415038,35.423639],[133.414969,35.423704],[133.414887,35.423808],[133.41486,35.423825],[133.414807,35.423859],[133.414739,35.423883],[133.414677,35.423893],[133.414488,35.423888],[133.413893,35.423899],[133.413612,35.42399],[133.413367,35.424107],[133.413181,35.424263],[133.413179,35.424478],[133.413128,35.424628],[133.413034,35.424777],[133.412936,35.424876],[133.4128,35.424975],[133.412634,35.425069],[133.41248,35.425123],[133.412265,35.425187],[133.412118,35.42521],[133.411843,35.425223],[133.411715,35.425455],[133.411796,35.425831],[133.411768,35.425868],[133.411627,35.425897],[133.411701,35.42618],[133.411459,35.426216],[133.410824,35.426309],[133.410546,35.426344],[133.410647,35.42665],[133.410761,35.426991],[133.410857,35.427311],[133.410982,35.427728],[133.411105,35.428105],[133.411195,35.428416],[133.411283,35.428767],[133.411345,35.429039],[133.411376,35.429379],[133.411425,35.429718],[133.411265,35.429742],[133.411051,35.429771],[133.410867,35.429799],[133.410715,35.429778],[133.410483,35.429716],[133.41041,35.429765],[133.410136,35.429964],[133.409767,35.430238],[133.409384,35.430458],[133.409032,35.430673],[133.409122,35.430804],[133.408864,35.430922],[133.408747,35.430991],[133.408654,35.431106],[133.40845,35.431234],[133.408272,35.431328],[133.408056,35.431501],[133.408005,35.431507]]]},"properties":{"code":"312021030","name":"尾高","kihon1":"1030"}},
{"type":"Feature","geometry":{"type":"Polygon","coordinates":[[[133.449388,35.417472],[133.449141,35.417395],[133.44898,35.417355],[133.44858,35.417254],[133.448206,35.417161],[133.447918,35.417109],[133.447703,35.417071],[133.447302,35.417027],[133.446827,35.417025],[133.446381,35.417057],[133.445954,35.417105],[133.445371,35.417176],[133.444878,35.417253],[133.444447,35.417322],[133.443957,35.417405],[133.443546,35.417481],[133.443177,35.417574],[133.441549,35.418106],[133.441062,35.418285],[133.440539,35.418463],[133.440267,35.418586],[133.440058,35.418707],[133.439911,35.418834],[133.439599,35.419117],[133.439496,35.41923],[133.439257,35.419443],[133.438984,35.419662],[133.438698,35.419833],[133.438416,35.419959],[133.437962,35.420069],[133.437635,35.420128],[133.43735,35.42017],[133.43693,35.420233],[133.436652,35.420288],[133.436028,35.420431],[133.43537,35.420596],[133.434646,35.420784],[133.432168,35.421367],[133.432049,35.421395],[133.431508,35.421489],[133.431267,35.421532],[133.431046,35.42155],[133.430181,35.421738],[133.429982,35.421781],[133.428954,35.422012],[133.427828,35.422236],[133.425148,35.42272],[133.420777,35.423108],[133.420439,35.423009],[133.420155,35.422977],[133.4198,35.422927],[133.41948,35.422894],[133.419278,35.422884],[133.419087,35.422926],[133.41884,35.423025],[133.41856,35.423125],[133.418192,35.423229],[133.417909,35.423298],[133.417881,35.422715],[133.417868,35.422378],[133.417859,35.422103],[133.417592,35.422115],[133.417506,35.422091],[133.41742,35.422005],[133.417381,35.421891],[133.417348,35.421733],[133.417054,35.420772],[133.417038,35.42072],[133.416986,35.420658],[133.41652,35.420408],[133.416465,35.420348],[133.416215,35.41946],[133.415948,35.418496],[133.415734,35.417629],[133.415969,35.417447],[133.416187,35.417241],[133.41651,35.416969],[133.416573,35.416956],[133.417001,35.417068],[133.416952,35.416816],[133.416936,35.416699],[133.417092,35.416689],[133.417295,35.416648],[133.417411,35.416611],[133.417453,35.416564],[133.417543,35.416271],[133.417584,35.416139],[133.418655,35.416235],[133.422278,35.416595],[133.422962,35.416641],[133.424037,35.41662],[133.424432,35.416614],[133.425022,35.416606],[133.425255,35.416601],[133.425704,35.416585],[133.426318,35.416571],[133.42803,35.416544],[133.428678,35.416538],[133.429137,35.416503],[133.430148,35.416361],[133.430573,35.416295],[133.43072,35.416269],[133.431172,35.416188],[133.431466,35.416138],[133.431814,35.416069],[133.432837,35.415908],[133.433673,35.415742],[133.433953,35.41566],[133.43431,35.415557],[133.434689,35.415471],[133.435111,35.415357],[133.435402,35.415265],[133.435716,35.415182],[133.435989,35.415154],[133.43636,35.415122],[133.43681,35.415106],[133.43761,35.415076],[133.437993,35.415062],[133.43841,35.415055],[133.438827,35.41504],[133.439197,35.415026],[133.439254,35.415024],[133.439767,35.414978],[133.440357,35.41492],[133.441045,35.414859],[133.441994,35.414743],[133.442398,35.414701],[133.442469,35.41469],[133.442478,35.414688],[133.442541,35.414678],[133.443106,35.414604],[133.443979,35.414568],[133.444408,35.414583],[133.445405,35.414689],[133.446368,35.414847],[133.447306,35.414994],[133.448138,35.415136],[133.448872,35.41531],[133.449352,35.415518],[133.449659,35.41566],[133.449911,35.415814],[133.450094,35.416015],[133.450253,35.416124],[133.450467,35.416192],[133.450878,35.416293],[133.451633,35.41637],[133.451978,35.416434],[133.45215,35.416441],[133.45225,35.41672],[133.452102,35.416791],[133.452001,35.416841],[133.45197,35.416878],[133.452029,35.417003],[133.45199,35.41704],[133.451894,35.417083],[133.451821,35.417157],[133.451789,35.417263],[133.451695,35.417454],[133.451507,35.417743],[133.451369,35.417653],[133.451046,35.417498],[133.450738,35.417408],[133.450461,35.417365],[133.450173,35.417322],[133.449865,35.417324],[133.449602,35.417385],[133.449388,35.417472]]]},"properties":{"code":"312021040","name":"岡成","kihon1":"1040"}},
{"type":"Feature","geometry":{"type":"Polygon","coordinates":[[[133.423607,35.432621],[133.423555,35.432591],[133.423346,35.432459],[133.422998,35.432192],[133.422504,35.431816],[133.422228,35.431591],[133.421946,35.431329],[133.421548,35.430837],[133.421414,35.430385],[133.42132,35.430102],[133.421249,35.429915],[133.421153,35.429759],[133.420842,35.42949],[133.42052,35.429193],[133.420129,35.428871],[133.419899,35.428671],[133.419619,35.428433],[133.419358,35.428203],[133.419103,35.427977],[133.418989,35.42786],[133.418744,35.427693],[133.418663,35.42764],[133.41862,35.427609],[133.418591,35.427586],[133.418564,35.427558],[133.41853,35.427524],[133.418479,35.427469],[133.418425,35.427412],[133.418391,35.427382],[133.418338,35.427337],[133.418233,35.42726],[133.418222,35.427249],[133.418215,35.427235],[133.418212,35.427225],[133.418211,35.427212],[133.418218,35.427197],[133.418231,35.427181],[133.418273,35.427146],[133.418292,35.427127],[133.418327,35.42709],[133.418342,35.42707],[133.418347,35.427059],[133.418347,35.427049],[133.418344,35.42704],[133.418335,35.427032],[133.418322,35.427026],[133.418246,35.427018],[133.418104,35.426997],[133.418053,35.426986],[133.418017,35.426976],[133.417856,35.426886],[133.417727,35.426825],[133.417671,35.426805],[133.417645,35.426803],[133.417608,35.426801],[133.417439,35.426844],[133.417337,35.426878],[133.417265,35.42691],[133.417215,35.426942],[133.417163,35.426998],[133.417022,35.427205],[133.416905,35.427303],[133.416721,35.427419],[133.416438,35.427636],[133.41633,35.427839],[133.41614,35.428575],[133.416045,35.428753],[133.41587,35.428952],[133.415752,35.42916],[133.415689,35.429281],[133.415517,35.429452],[133.415336,35.429568],[133.415125,35.42964],[133.414999,35.429708],[133.414859,35.429825],[133.414724,35.429882],[133.414589,35.429892],[133.414404,35.429802],[133.414403,35.429942],[133.414368,35.430108],[133.414373,35.430188],[133.414412,35.430285],[133.414509,35.430426],[133.41456,35.43055],[133.414532,35.430657],[133.414319,35.430924],[133.414502,35.431022],[133.414547,35.431141],[133.414563,35.431697],[133.414619,35.432015],[133.414702,35.43223],[133.414752,35.432381],[133.414777,35.432532],[133.414749,35.432687],[133.41472,35.432897],[133.414789,35.433507],[133.414728,35.433684],[133.414617,35.43389],[133.414402,35.434307],[133.414414,35.434404],[133.414502,35.434499],[133.414481,35.434585],[133.41447,35.434668],[133.414489,35.43477],[133.414664,35.434965],[133.414706,35.435059],[133.414724,35.435172],[133.4147,35.435546],[133.414714,35.435625],[133.414757,35.435697],[133.414906,35.435823],[133.415153,35.435996],[133.415254,35.436107],[133.415263,35.43618],[133.415162,35.436215],[133.415024,35.436209],[133.414789,35.436143],[133.414596,35.436178],[133.414478,35.436163],[133.414406,35.436125],[133.41429,35.436042],[133.414097,35.435892],[133.414001,35.435894],[133.413931,35.436022],[133.41378,35.436279],[133.413646,35.436522],[133.413777,35.436583],[133.413858,35.436625],[133.413896,35.436675],[133.4139,35.436748],[133.413902,35.436864],[133.413907,35.43693],[133.413938,35.43698],[133.414029,35.437013],[133.41423,35.437048],[133.414353,35.437077],[133.414405,35.437119],[133.414391,35.437154],[133.414358,35.437192],[133.414234,35.437233],[133.41408,35.437252],[133.412947,35.437107],[133.412855,35.437078],[133.412767,35.437035],[133.412698,35.43697],[133.412616,35.436957],[133.412097,35.436864],[133.411766,35.436783],[133.411445,35.436692],[133.411319,35.437067],[133.411245,35.437215],[133.411178,35.437356],[133.411108,35.437469],[133.410774,35.437386],[133.410522,35.437308],[133.410512,35.437287],[133.410681,35.436788],[133.411043,35.435593],[133.411282,35.434682],[133.411349,35.434361],[133.411348,35.434265],[133.411325,35.434237],[133.411063,35.43423],[133.41074,35.434233],[133.410184,35.434237],[133.410037,35.434275],[133.409952,35.434216],[133.409959,35.434147],[133.409967,35.434073],[133.409977,35.433809],[133.409997,35.43354],[133.410025,35.433371],[133.410084,35.433252],[133.41021,35.433158],[133.410426,35.433087],[133.410752,35.433042],[133.410761,35.43301],[133.410735,35.432773],[133.410705,35.432536],[133.410676,35.432353],[133.41065,35.43221],[133.410609,35.432102],[133.41059,35.432079],[133.4079,35.432106],[133.408005,35.431507],[133.408056,35.431501],[133.408272,35.431328],[133.40845,35.431234],[133.408654,35.431106],[133.408747,35.430991],[133.408864,35.430922],[133.409122,35.430804],[133.409032,35.430673],[133.409384,35.430458],[133.409767,35.430238],[133.410136,35.429964],[133.41041,35.429765],[133.410483,35.429716],[133.410715,35.429778],[133.410867,35.429799],[133.411051,35.429771],[133.411265,35.429742],[133.411425,35.429718],[133.411376,35.429379],[133.411345,35.429039],[133.411283,35.428767],[133.411195,35.428416],[133.411105,35.428105],[133.410982,35.427728],[133.410857,35.427311],[133.410761,35.426991],[133.410647,35.42665],[133.410546,35.426344],[133.410824,35.426309],[133.411459,35.426216],[133.411701,35.42618],[133.411627,35.425897],[133.411768,35.425868],[133.411796,35.425831],[133.411715,35.425455],[133.411843,35.425223],[133.412118,35.42521],[133.412265,35.425187],[133.41248,35.425123],[133.412634,35.425069],[133.4128,35.424975],[133.412936,35.424876],[133.413034,35.424777],[133.413128,35.424628],[133.413179,35.424478],[133.413181,35.424263],[133.413367,35.424107],[133.413612,35.42399],[133.413893,35.423899],[133.414488,35.423888],[133.414677,35.423893],[133.414739,35.423883],[133.414807,35.423859],[133.41486,35.423825],[133.414887,35.423808],[133.414969,35.423704],[133.415038,35.423639],[133.415397,35.42343],[133.415467,35.423401],[133.415639,35.423323],[133.41581,35.423245],[133.416028,35.423219],[133.416306,35.423271],[133.416519,35.423302],[133.416721,35.423322],[133.417098,35.423344],[133.417495,35.423326],[133.417909,35.423298],[133.418192,35.423229],[133.41856,35.423125],[133.41884,35.423025],[133.419087,35.422926],[133.419278,35.422884],[133.41948,35.422894],[133.4198,35.422927],[133.420155,35.422977],[133.420439,35.423009],[133.420777,35.423108],[133.425148,35.42272],[133.427828,35.422236],[133.428954,35.422012],[133.429982,35.421781],[133.430181,35.421738],[133.431046,35.42155],[133.431267,35.421532],[133.431508,35.421489],[133.432049,35.421395],[133.432168,35.421367],[133.434646,35.420784],[133.43537,35.420596],[133.436028,35.420431],[133.436652,35.420288],[133.43693,35.420233],[133.43735,35.42017],[133.437635,35.420128],[133.437962,35.420069],[133.438416,35.419959],[133.438698,35.419833],[133.438984,35.419662],[133.439257,35.419443],[133.439496,35.41923],[133.439599,35.419117],[133.439911,35.418834],[133.440058,35.418707],[133.440267,35.418586],[133.440539,35.418463],[133.441062,35.418285],[133.441549,35.418106],[133.443177,35.417574],[133.443546,35.417481],[133.443957,35.417405],[133.444447,35.417322],[133.444878,35.417253],[133.445371,35.417176],[133.445954,35.417105],[133.446381,35.417057],[133.446827,35.417025],[133.447302,35.417027],[133.447703,35.417071],[133.447918,35.417109],[133.448206,35.417161],[133.44858,35.417254],[133.44898,35.417355],[133.449141,35.417395],[133.449388,35.417472],[133.449025,35.417627],[133.44851,35.417823],[133.448005,35.418004],[133.447509,35.418166],[133.447013,35.41833],[133.446641,35.418478],[133.446345,35.418734],[133.446105,35.418998],[133.44589,35.419229],[133.445607,35.419418],[133.445343,35.419562],[133.444999,35.419712],[133.44442,35.419908],[133.444338,35.419933],[133.443608,35.419981],[133.443173,35.42001],[133.442724,35.420064],[133.442206,35.420205],[133.441768,35.420318],[133.44149,35.420382],[133.441285,35.420428],[133.440904,35.420535],[133.44039,35.420709],[133.440049,35.420835],[133.439532,35.421091],[133.439218,35.421293],[133.438839,35.421615],[133.438504,35.422002],[133.438264,35.422305],[133.438167,35.422465],[133.438049,35.422557],[133.437954,35.422598],[133.437921,35.422604],[133.43768,35.422644],[133.437442,35.422693],[133.437142,35.422798],[133.436879,35.422906],[133.436554,35.423028],[133.43629,35.423119],[133.436051,35.423215],[133.435748,35.423329],[133.435491,35.423527],[133.435255,35.423708],[133.434994,35.423864],[133.434778,35.424006],[133.434558,35.424091],[133.434292,35.424153],[133.434179,35.424185],[133.433807,35.424489],[133.433633,35.4247],[133.433463,35.42499],[133.433176,35.425351],[133.432994,35.425609],[133.43292,35.425657],[133.432879,35.4256],[133.432884,35.425534],[133.432857,35.4253],[133.432832,35.425207],[133.432771,35.42509],[133.4327,35.425028],[133.432637,35.424993],[133.432454,35.424914],[133.432057,35.424875],[133.431501,35.424874],[133.431425,35.424876],[133.431188,35.42488],[133.431033,35.424894],[133.430927,35.424916],[133.430823,35.424987],[133.430607,35.425252],[133.430366,35.425549],[133.430285,35.425644],[133.429937,35.426053],[133.429915,35.426071],[133.429798,35.426185],[133.429613,35.42621],[133.429418,35.426148],[133.429261,35.42607],[133.429154,35.426001],[133.429129,35.425925],[133.42911,35.425743],[133.429074,35.425718],[133.428997,35.425709],[133.428898,35.425746],[133.428737,35.425846],[133.42832,35.426211],[133.428163,35.426408],[133.428078,35.426593],[133.428051,35.426682],[133.428065,35.426775],[133.428081,35.426822],[133.428121,35.426873],[133.428202,35.427017],[133.428061,35.427489],[133.427935,35.427767],[133.427896,35.427854],[133.427741,35.428287],[133.427606,35.428572],[133.42749,35.428807],[133.42735,35.429053],[133.427147,35.429336],[133.426701,35.42999],[133.426277,35.430437],[133.425906,35.430758],[133.425765,35.43078],[133.425662,35.430765],[133.425296,35.430524],[133.424987,35.430341],[133.424874,35.430307],[133.424834,35.430323],[133.424823,35.430376],[133.424855,35.430442],[133.425003,35.430627],[133.42544,35.431018],[133.425493,35.431098],[133.42544,35.43117],[133.425371,35.431225],[133.425277,35.431278],[133.425157,35.4313],[133.425027,35.431279],[133.42489,35.431236],[133.42477,35.431176],[133.424745,35.431249],[133.424766,35.431337],[133.424898,35.431621],[133.424876,35.431658],[133.424823,35.431694],[133.424654,35.43174],[133.42454,35.431762],[133.424526,35.431801],[133.424522,35.43186],[133.424547,35.432046],[133.424576,35.432257],[133.424607,35.432539],[133.424561,35.432592],[133.424493,35.432611],[133.424448,35.432608],[133.424067,35.432535],[133.423998,35.432545],[133.423943,35.432576],[133.423883,35.432677],[133.423814,35.432701],[133.423734,35.432695],[133.423607,35.432621]]]},"properties":{"code":"312021050","name":"泉","kihon1":"1050"}},
{"type":"Feature","geometry":{"type":"Polygon","coordinates":[[[133.399071,35.436515],[133.39903,35.436513],[133.39899,35.4363],[133.398874,35.435828],[133.398784,35.43541],[133.398765,35.434632],[133.398756,35.434403],[133.398744,35.434056],[133.39874,35.433285],[133.39874,35.43279],[133.398753,35.432745],[133.398752,35.432635],[133.398749,35.432366],[133.398811,35.430958],[133.398952,35.430332],[133.399068,35.429986],[133.39915,35.429768],[133.399165,35.429729],[133.399343,35.429402],[133.399521,35.428999],[133.399683,35.428629],[133.39984,35.428363],[133.400152,35.428028],[133.400441,35.427492],[133.400512,35.427323],[133.400524,35.4273],[133.40053,35.427282],[133.400562,35.427206],[133.400699,35.426704],[133.4007,35.426689],[133.400716,35.426629],[133.400851,35.425973],[133.400874,35.425756],[133.400913,35.425321],[133.400924,35.424906],[133.40093,35.424618],[133.400961,35.424204],[133.400984,35.423844],[133.400995,35.423749],[133.400995,35.423746],[133.401175,35.423733],[133.401456,35.423705],[133.401513,35.423758],[133.401569,35.423894],[133.40164,35.424133],[133.401658,35.424295],[133.401703,35.42456],[133.40171,35.424802],[133.401701,35.425149],[133.401599,35.425534],[133.401641,35.425717],[133.401806,35.425719],[133.402098,35.425733],[133.402116,35.425438],[133.403025,35.425493],[133.403048,35.425243],[133.403296,35.425253],[133.40422,35.425299],[133.404213,35.425482],[133.404121,35.426672],[133.404483,35.426697],[133.405361,35.426749],[133.40534,35.42688],[133.40547,35.426981],[133.405494,35.427037],[133.405402,35.427852],[133.405362,35.427888],[133.405231,35.427926],[133.405199,35.428382],[133.405182,35.428561],[133.405132,35.429114],[133.405089,35.429666],[133.405041,35.430282],[133.404949,35.431342],[133.40491,35.431718],[133.404657,35.431706],[133.403816,35.431661],[133.403339,35.436736],[133.399071,35.436515]]]},"properties":{"code":"312021060","name":"下郷","kihon1":"1060"}},
{"type":"Feature","geometry":{"type":"Polygon","coordinates":[[[133.442675,35.406368],[133.442581,35.406413],[133.442351,35.406531],[133.442084,35.406667],[133.44181,35.406865],[133.441451,35.407112],[133.441133,35.407304],[133.440802,35.407469],[133.440382,35.40761],[133.439989,35.407642],[133.439605,35.407648],[133.43925,35.407598],[133.438998,35.407598],[133.438825,35.40765],[133.438533,35.407723],[133.438145,35.407854],[133.437843,35.407946],[133.437576,35.408073],[133.437385,35.408188],[133.4372,35.408342],[133.437096,35.408444],[133.43689,35.408573],[133.436638,35.408701],[133.436352,35.408812],[133.436083,35.40888],[133.435851,35.408932],[133.435706,35.408948],[133.435512,35.409021],[133.435387,35.40913],[133.435262,35.409283],[133.435191,35.409392],[133.435072,35.409471],[133.434878,35.409518],[133.434652,35.409564],[133.434371,35.409611],[133.434053,35.409763],[133.433883,35.409845],[133.433722,35.409889],[133.433498,35.409895],[133.433297,35.409891],[133.433056,35.4099],[133.432871,35.409902],[133.431872,35.409937],[133.431511,35.409993],[133.431224,35.409981],[133.431039,35.409946],[133.430963,35.409925],[133.430845,35.409881],[133.430636,35.409909],[133.430505,35.409954],[133.430286,35.410001],[133.430019,35.410011],[133.429802,35.409977],[133.429536,35.409951],[133.429295,35.409951],[133.428946,35.41],[133.428547,35.410113],[133.428232,35.410188],[133.427917,35.410244],[133.427536,35.410294],[133.427284,35.410352],[133.427268,35.410356],[133.426863,35.410436],[133.426773,35.410439],[133.426589,35.410446],[133.426269,35.410422],[133.426005,35.410405],[133.425807,35.410389],[133.425693,35.410376],[133.425522,35.410355],[133.425496,35.410352],[133.425276,35.410342],[133.425046,35.410341],[133.424764,35.410406],[133.424405,35.410473],[133.424036,35.410549],[133.423643,35.410591],[133.423568,35.410588],[133.423379,35.410583],[133.423315,35.410568],[133.423199,35.410543],[133.423168,35.410537],[133.422934,35.410482],[133.42289,35.410469],[133.422837,35.410452],[133.422832,35.410452],[133.422722,35.410418],[133.422522,35.410381],[133.422235,35.410355],[133.422099,35.410375],[133.421929,35.410385],[133.421675,35.410349],[133.421494,35.410295],[133.421406,35.410269],[133.421071,35.410228],[133.420986,35.410253],[133.420853,35.410375],[133.420732,35.41046],[133.420681,35.410491],[133.420645,35.410487],[133.420589,35.410462],[133.420562,35.410418],[133.420516,35.410376],[133.420242,35.41025],[133.420114,35.410217],[133.420046,35.410211],[133.419994,35.410252],[133.419949,35.410332],[133.419926,35.410397],[133.419876,35.410409],[133.418303,35.410545],[133.418094,35.410565],[133.418009,35.410581],[133.417948,35.41012],[133.417896,35.40961],[133.417826,35.409615],[133.417706,35.409625],[133.417363,35.409659],[133.416206,35.409764],[133.415012,35.409878],[133.413798,35.409994],[133.412584,35.410104],[133.412193,35.410146],[133.412053,35.410166],[133.412033,35.410031],[133.412016,35.409907],[133.411971,35.409624],[133.411908,35.409185],[133.411208,35.409255],[133.41059,35.409309],[133.410023,35.409368],[133.409382,35.409426],[133.408772,35.409489],[133.408175,35.409551],[133.40767,35.409598],[133.407051,35.409648],[133.406583,35.409677],[133.406321,35.409434],[133.406739,35.409127],[133.40721,35.408708],[133.407816,35.408052],[133.408081,35.407745],[133.408316,35.407481],[133.40857,35.407113],[133.408767,35.406822],[133.408986,35.406458],[133.409223,35.40608],[133.409404,35.405723],[133.409557,35.405323],[133.409615,35.405137],[133.409657,35.404988],[133.409777,35.404724],[133.409839,35.404571],[133.409962,35.404366],[133.410139,35.404078],[133.410398,35.40379],[133.41065,35.403578],[133.410884,35.403409],[133.411106,35.403278],[133.41153,35.403036],[133.411816,35.402882],[133.412144,35.402729],[133.412598,35.402484],[133.412794,35.402394],[133.413179,35.402182],[133.414183,35.401677],[133.415301,35.401165],[133.41568,35.401011],[133.416029,35.400871],[133.416408,35.400722],[133.416647,35.400629],[133.416863,35.400536],[133.41712,35.400431],[133.418085,35.400149],[133.418435,35.400058],[133.41872,35.399985],[133.418995,35.399948],[133.419588,35.399946],[133.419951,35.399962],[133.420325,35.399961],[133.420632,35.399924],[133.420969,35.39984],[133.421313,35.399657],[133.421791,35.399318],[133.421943,35.399192],[133.422044,35.399317],[133.422267,35.399465],[133.422556,35.399562],[133.423049,35.399661],[133.42335,35.399701],[133.423727,35.399747],[133.424115,35.399757],[133.424465,35.399723],[133.424737,35.399665],[133.425013,35.399615],[133.425095,35.399601],[133.425336,35.399595],[133.425617,35.399609],[133.425945,35.399585],[133.429159,35.399128],[133.429529,35.399066],[133.430023,35.398933],[133.430348,35.398799],[133.430637,35.398639],[133.43086,35.398492],[133.431084,35.398316],[133.43122,35.398167],[133.431362,35.398023],[133.431558,35.397897],[133.431873,35.397806],[133.432223,35.397736],[133.43245,35.397673],[133.432808,35.397462],[133.432852,35.397434],[133.433015,35.397403],[133.433158,35.397428],[133.433351,35.397496],[133.433779,35.397621],[133.434112,35.397736],[133.434466,35.397827],[133.434648,35.397845],[133.434904,35.397814],[133.435186,35.397776],[133.43547,35.397764],[133.435946,35.397824],[133.436114,35.397801],[133.436377,35.39763],[133.43662,35.397454],[133.436839,35.397319],[133.437087,35.397123],[133.437181,35.397015],[133.437253,35.396887],[133.437314,35.396783],[133.437339,35.396743],[133.437396,35.396687],[133.437466,35.396679],[133.437539,35.39669],[133.43762,35.396741],[133.437776,35.396894],[133.43784,35.396949],[133.437932,35.396987],[133.438165,35.397035],[133.438342,35.397086],[133.438561,35.397145],[133.438802,35.397205],[133.438993,35.397274],[133.439184,35.397336],[133.439466,35.397489],[133.439769,35.397648],[133.440059,35.397767],[133.440363,35.397868],[133.440682,35.397963],[133.441042,35.398111],[133.441197,35.398217],[133.441494,35.398347],[133.441691,35.398505],[133.441944,35.398716],[133.442149,35.398851],[133.442318,35.398899],[133.442517,35.398906],[133.442709,35.398919],[133.442914,35.398944],[133.443184,35.398981],[133.443382,35.398994],[133.443518,35.398967],[133.443638,35.398895],[133.443681,35.398787],[133.443713,35.398653],[133.443827,35.398573],[133.443998,35.398528],[133.444623,35.398509],[133.444921,35.398488],[133.444939,35.398477],[133.444885,35.398621],[133.444882,35.398896],[133.444994,35.399138],[133.445121,35.399478],[133.445087,35.399598],[133.445016,35.399725],[133.444802,35.400076],[133.444586,35.400475],[133.444513,35.400681],[133.444454,35.400937],[133.444411,35.401251],[133.444434,35.401416],[133.444467,35.40166],[133.444486,35.401993],[133.444548,35.402337],[133.444476,35.402473],[133.444444,35.402567],[133.444462,35.402762],[133.444475,35.402956],[133.444494,35.403322],[133.444477,35.403467],[133.444446,35.403578],[133.44441,35.403615],[133.444273,35.403701],[133.444088,35.403997],[133.443924,35.404178],[133.443786,35.404309],[133.443658,35.404461],[133.443541,35.404739],[133.443448,35.404957],[133.443396,35.405093],[133.44334,35.40518],[133.443206,35.405423],[133.443059,35.405701],[133.442853,35.406038],[133.44278,35.406186],[133.442675,35.406368]]]},"properties":{"code":"312021070","name":"日下","kihon1":"1070"}},
{"type":"Feature","geometry":{"type":"Polygon","coordinates":[[[133.430464,35.391617],[133.43006,35.391794],[133.429779,35.391951],[133.429505,35.392103],[133.429285,35.392247],[133.429069,35.392399],[133.428844,35.39258],[133.428571,35.39281],[133.428364,35.393009],[133.428192,35.39319],[133.428104,35.393264],[133.427987,35.393333],[133.427795,35.393412],[133.427593,35.393487],[133.427347,35.393547],[133.427047,35.393596],[133.426703,35.393681],[133.426313,35.393792],[133.425977,35.393917],[133.425711,35.394038],[133.425351,35.3942],[133.425001,35.394372],[133.424699,35.394567],[133.424495,35.394755],[133.42432,35.394848],[133.424017,35.39487],[133.423754,35.394924],[133.423447,35.395006],[133.423399,35.395028],[133.423184,35.395124],[133.422878,35.395278],[133.422531,35.39552],[133.422274,35.395676],[133.421959,35.395831],[133.421557,35.396037],[133.421175,35.396208],[133.420783,35.396378],[133.420444,35.396522],[133.420038,35.396696],[133.419653,35.396869],[133.419248,35.397032],[133.418903,35.39715],[133.418637,35.397239],[133.418279,35.397359],[133.417827,35.397519],[133.417243,35.397707],[133.416764,35.397822],[133.416504,35.397895],[133.416094,35.397927],[133.415872,35.397929],[133.415742,35.398015],[133.415435,35.398098],[133.415241,35.398167],[133.415058,35.398174],[133.414802,35.398207],[133.414551,35.398272],[133.414334,35.398322],[133.414119,35.398345],[133.41388,35.398421],[133.413697,35.398467],[133.413591,35.39847],[133.413509,35.39845],[133.413328,35.398375],[133.413178,35.398293],[133.413111,35.398265],[133.413034,35.398272],[133.412995,35.398304],[133.412999,35.398367],[133.413091,35.398578],[133.413156,35.398776],[133.413242,35.399043],[133.413326,35.399271],[133.413427,35.399442],[133.413538,35.399558],[133.413682,35.399665],[133.413901,35.399802],[133.414011,35.399847],[133.413566,35.400042],[133.41292,35.400349],[133.412217,35.40067],[133.412141,35.400556],[133.412033,35.400377],[133.41189,35.400179],[133.411703,35.400127],[133.411573,35.400118],[133.411337,35.400108],[133.411251,35.400115],[133.411125,35.400138],[133.41083,35.400196],[133.410392,35.400282],[133.410168,35.400098],[133.409988,35.400069],[133.409654,35.399988],[133.409422,35.399872],[133.409322,35.399776],[133.409244,35.399677],[133.409195,35.399523],[133.409145,35.399288],[133.409076,35.399155],[133.408942,35.399018],[133.408696,35.39881],[133.408297,35.39847],[133.408129,35.398379],[133.407929,35.398295],[133.407755,35.398265],[133.407445,35.398209],[133.40688,35.398128],[133.405956,35.398148],[133.405297,35.398133],[133.40491,35.398108],[133.404633,35.398017],[133.404466,35.397872],[133.404303,35.397612],[133.404167,35.397358],[133.404175,35.397269],[133.404286,35.397265],[133.404431,35.397264],[133.404577,35.397243],[133.404716,35.397204],[133.404865,35.397166],[133.405026,35.397113],[133.405224,35.397024],[133.405406,35.396869],[133.405606,35.396612],[133.405751,35.396346],[133.405907,35.396059],[133.406026,35.395802],[133.406257,35.395084],[133.40634,35.394909],[133.406396,35.394767],[133.406436,35.394687],[133.406475,35.394609],[133.406674,35.394734],[133.40682,35.394828],[133.406946,35.394915],[133.407088,35.394772],[133.407649,35.39513],[133.40781,35.395235],[133.408033,35.395377],[133.408421,35.39496],[133.408824,35.394532],[133.409307,35.394015],[133.409646,35.393661],[133.409708,35.393581],[133.409837,35.393663],[133.410037,35.393781],[133.410344,35.393432],[133.411373,35.392321],[133.411528,35.392162],[133.411499,35.391742],[133.411472,35.39172],[133.411283,35.391666],[133.411253,35.391654],[133.411264,35.391597],[133.41139,35.391636],[133.411519,35.391659],[133.411713,35.391685],[133.411788,35.391685],[133.411795,35.391685],[133.411854,35.391687],[133.411925,35.39169],[133.412085,35.391681],[133.41228,35.391633],[133.412427,35.391584],[133.412589,35.391451],[133.412737,35.391304],[133.412812,35.391159],[133.412788,35.391049],[133.41281,35.391011],[133.412844,35.391],[133.412996,35.390994],[133.413259,35.390993],[133.41335,35.390976],[133.413428,35.390924],[133.413506,35.390763],[133.413573,35.39058],[133.41363,35.390453],[133.413756,35.390394],[133.41386,35.390359],[133.414159,35.390319],[133.414332,35.390271],[133.414506,35.390209],[133.41464,35.390142],[133.414714,35.390086],[133.414754,35.390009],[133.414798,35.389921],[133.414835,35.389821],[133.41485,35.389782],[133.414948,35.389703],[133.415046,35.389642],[133.415232,35.389578],[133.415431,35.389531],[133.415673,35.389523],[133.415885,35.389538],[133.416006,35.389546],[133.416101,35.389537],[133.416157,35.389505],[133.416335,35.389422],[133.416609,35.389289],[133.416796,35.389224],[133.417043,35.389151],[133.417139,35.389131],[133.41722,35.389114],[133.417372,35.389087],[133.417484,35.389094],[133.417541,35.389115],[133.417682,35.389167],[133.417858,35.389196],[133.418075,35.38916],[133.418345,35.38903],[133.418633,35.38887],[133.418882,35.388731],[133.418997,35.388643],[133.419068,35.388583],[133.419208,35.388495],[133.419283,35.388477],[133.419356,35.388499],[133.419619,35.388708],[133.419884,35.388878],[133.420028,35.388947],[133.420176,35.388981],[133.420188,35.388987],[133.420303,35.389011],[133.420547,35.389073],[133.420823,35.389168],[133.421,35.389221],[133.421058,35.389281],[133.421078,35.389362],[133.420993,35.389389],[133.420789,35.389421],[133.420634,35.389446],[133.420579,35.389486],[133.420662,35.389664],[133.420892,35.39009],[133.420975,35.390064],[133.42107,35.390057],[133.421243,35.39007],[133.42142,35.390101],[133.421546,35.390154],[133.421673,35.390192],[133.421846,35.390212],[133.422119,35.390184],[133.422273,35.390177],[133.422383,35.390174],[133.422628,35.390166],[133.422897,35.390134],[133.423042,35.390147],[133.423273,35.390241],[133.423569,35.390383],[133.423841,35.390497],[133.424113,35.3906],[133.424498,35.390707],[133.424815,35.390761],[133.425156,35.390805],[133.425503,35.390839],[133.425835,35.39089],[133.426252,35.390971],[133.426643,35.39103],[133.427033,35.391051],[133.427415,35.391089],[133.427932,35.391132],[133.428472,35.391183],[133.428902,35.391261],[133.429228,35.391352],[133.429487,35.391447],[133.429777,35.391531],[133.429963,35.391559],[133.430126,35.391579],[133.430265,35.391578],[133.430464,35.391617]]]},"properties":{"code":"312021080","name":"石州府","kihon1":"1080"}},
{"type":"Feature","geometry":{"type":"Polygon","coordinates":[[[133.411106,35.403278],[133.410435,35.402551],[133.410372,35.402531],[133.410308,35.402533],[133.409066,35.403072],[133.408889,35.403145],[133.408263,35.40334],[133.407944,35.403424],[133.407458,35.403528],[133.407266,35.403734],[133.406921,35.4039],[133.406632,35.404045],[133.406381,35.404212],[133.406273,35.404239],[133.406113,35.404271],[133.40594,35.40429],[133.405807,35.404313],[133.405734,35.404324],[133.405359,35.404381],[133.404897,35.404516],[133.404569,35.404624],[133.404314,35.404768],[133.40397,35.404863],[133.403514,35.404959],[133.403299,35.404962],[133.403297,35.404919],[133.403273,35.404679],[133.403268,35.404575],[133.402641,35.404592],[133.402325,35.40473],[133.401416,35.405192],[133.40175,35.404606],[133.401807,35.404505],[133.4019,35.40445],[133.402083,35.404199],[133.402046,35.404064],[133.401992,35.403929],[133.401921,35.403801],[133.402018,35.403558],[133.402168,35.403262],[133.40225,35.403054],[133.402293,35.402955],[133.402271,35.402844],[133.402167,35.4026],[133.402139,35.402457],[133.402198,35.402164],[133.402237,35.401936],[133.402274,35.401711],[133.402198,35.40145],[133.402216,35.401288],[133.402276,35.400872],[133.40237,35.400442],[133.402401,35.400169],[133.402463,35.399974],[133.402579,35.399785],[133.402759,35.399601],[133.402829,35.399423],[133.402907,35.399222],[133.402976,35.399118],[133.403045,35.398985],[133.403026,35.398884],[133.402931,35.398838],[133.402769,35.398785],[133.402698,35.398735],[133.402688,35.398554],[133.402803,35.398314],[133.402946,35.398067],[133.403096,35.397873],[133.403387,35.397599],[133.4036,35.39744],[133.403776,35.397355],[133.403976,35.397294],[133.404092,35.397271],[133.404175,35.397269],[133.404167,35.397358],[133.404303,35.397612],[133.404466,35.397872],[133.404633,35.398017],[133.40491,35.398108],[133.405297,35.398133],[133.405956,35.398148],[133.40688,35.398128],[133.407445,35.398209],[133.407755,35.398265],[133.407929,35.398295],[133.408129,35.398379],[133.408297,35.39847],[133.408696,35.39881],[133.408942,35.399018],[133.409076,35.399155],[133.409145,35.399288],[133.409195,35.399523],[133.409244,35.399677],[133.409322,35.399776],[133.409422,35.399872],[133.409654,35.399988],[133.409988,35.400069],[133.410168,35.400098],[133.410392,35.400282],[133.41083,35.400196],[133.411125,35.400138],[133.411251,35.400115],[133.411337,35.400108],[133.411573,35.400118],[133.411703,35.400127],[133.41189,35.400179],[133.412033,35.400377],[133.412141,35.400556],[133.412217,35.40067],[133.41292,35.400349],[133.413566,35.400042],[133.414011,35.399847],[133.413901,35.399802],[133.413682,35.399665],[133.413538,35.399558],[133.413427,35.399442],[133.413326,35.399271],[133.413242,35.399043],[133.413156,35.398776],[133.413091,35.398578],[133.412999,35.398367],[133.412995,35.398304],[133.413034,35.398272],[133.413111,35.398265],[133.413178,35.398293],[133.413328,35.398375],[133.413509,35.39845],[133.413591,35.39847],[133.413697,35.398467],[133.41388,35.398421],[133.414119,35.398345],[133.414334,35.398322],[133.414551,35.398272],[133.414802,35.398207],[133.415058,35.398174],[133.415241,35.398167],[133.415435,35.398098],[133.415742,35.398015],[133.415872,35.397929],[133.416094,35.397927],[133.416504,35.397895],[133.416764,35.397822],[133.417243,35.397707],[133.417827,35.397519],[133.418279,35.397359],[133.418637,35.397239],[133.418903,35.39715],[133.419248,35.397032],[133.419653,35.396869],[133.420038,35.396696],[133.420444,35.396522],[133.420783,35.396378],[133.421175,35.396208],[133.421557,35.396037],[133.421959,35.395831],[133.422274,35.395676],[133.422531,35.39552],[133.422878,35.395278],[133.423184,35.395124],[133.423399,35.395028],[133.423447,35.395006],[133.423754,35.394924],[133.424017,35.39487],[133.42432,35.394848],[133.424495,35.394755],[133.424699,35.394567],[133.425001,35.394372],[133.425351,35.3942],[133.425711,35.394038],[133.425977,35.393917],[133.426313,35.393792],[133.426703,35.393681],[133.427047,35.393596],[133.427347,35.393547],[133.427593,35.393487],[133.427795,35.393412],[133.427987,35.393333],[133.428104,35.393264],[133.428192,35.39319],[133.428364,35.393009],[133.428571,35.39281],[133.428844,35.39258],[133.429069,35.392399],[133.429285,35.392247],[133.429505,35.392103],[133.429779,35.391951],[133.43006,35.391794],[133.430464,35.391617],[133.430601,35.39158],[133.430761,35.391548],[133.431007,35.391509],[133.431316,35.391489],[133.431652,35.391525],[133.432074,35.391595],[133.432539,35.391671],[133.433017,35.391656],[133.433618,35.391594],[133.434019,35.391548],[133.434476,35.39149],[133.434704,35.391459],[133.434728,35.391456],[133.434918,35.391423],[133.435365,35.391314],[133.435726,35.391234],[133.436121,35.391169],[133.436538,35.391087],[133.437097,35.390995],[133.437745,35.390884],[133.438353,35.390793],[133.438763,35.390733],[133.438941,35.390705],[133.439409,35.39066],[133.439865,35.390604],[133.440311,35.390518],[133.440535,35.39043],[133.440571,35.390479],[133.440801,35.390614],[133.441239,35.39078],[133.441299,35.390796],[133.44158,35.390868],[133.441933,35.390965],[133.442197,35.391067],[133.442541,35.391277],[133.442847,35.391474],[133.443166,35.391789],[133.443423,35.392014],[133.44359,35.392105],[133.443785,35.392196],[133.443885,35.392222],[133.444029,35.392265],[133.444136,35.392289],[133.444228,35.392294],[133.444409,35.392299],[133.444795,35.392257],[133.444957,35.39226],[133.445107,35.392289],[133.445331,35.392402],[133.445571,35.392594],[133.44572,35.392746],[133.445924,35.392976],[133.446082,35.393192],[133.44615,35.393306],[133.446242,35.393441],[133.446312,35.393543],[133.446409,35.393707],[133.446472,35.39387],[133.446596,35.39413],[133.446654,35.394264],[133.446841,35.394498],[133.446988,35.394694],[133.447066,35.394845],[133.446957,35.395017],[133.446784,35.395196],[133.446633,35.395316],[133.446495,35.395393],[133.44616,35.395543],[133.446095,35.395638],[133.446097,35.395839],[133.446118,35.396132],[133.446138,35.396301],[133.446143,35.39643],[133.446151,35.396562],[133.446141,35.396655],[133.446126,35.396737],[133.446079,35.396786],[133.445759,35.396994],[133.445609,35.397077],[133.445556,35.39712],[133.445519,35.397198],[133.445504,35.397329],[133.44537,35.397742],[133.445268,35.397974],[133.44508,35.398268],[133.444939,35.398477],[133.444921,35.398488],[133.444623,35.398509],[133.443998,35.398528],[133.443827,35.398573],[133.443713,35.398653],[133.443681,35.398787],[133.443638,35.398895],[133.443518,35.398967],[133.443382,35.398994],[133.443184,35.398981],[133.442914,35.398944],[133.442709,35.398919],[133.442517,35.398906],[133.442318,35.398899],[133.442149,35.398851],[133.441944,35.398716],[133.441691,35.398505],[133.441494,35.398347],[133.441197,35.398217],[133.441042,35.398111],[133.440682,35.397963],[133.440363,35.397868],[133.440059,35.397767],[133.439769,35.397648],[133.439466,35.397489],[133.439184,35.397336],[133.438993,35.397274],[133.438802,35.397205],[133.438561,35.397145],[133.438342,35.397086],[133.438165,35.397035],[133.437932,35.396987],[133.43784,35.396949],[133.437776,35.396894],[133.43762,35.396741],[133.437539,35.39669],[133.437466,35.396679],[133.437396,35.396687],[133.437339,35.396743],[133.437314,35.396783],[133.437253,35.396887],[133.437181,35.397015],[133.437087,35.397123],[133.436839,35.397319],[133.43662,35.397454],[133.436377,35.39763],[133.436114,35.397801],[133.435946,35.397824],[133.43547,35.397764],[133.435186,35.397776],[133.434904,35.397814],[133.434648,35.397845],[133.434466,35.397827],[133.434112,35.397736],[133.433779,35.397621],[133.433351,35.397496],[133.433158,35.397428],[133.433015,35.397403],[133.432852,35.397434],[133.432808,35.397462],[133.43245,35.397673],[133.432223,35.397736],[133.431873,35.397806],[133.431558,35.397897],[133.431362,35.398023],[133.43122,35.398167],[133.431084,35.398316],[133.43086,35.398492],[133.430637,35.398639],[133.430348,35.398799],[133.430023,35.398933],[133.429529,35.399066],[133.429159,35.399128],[133.425945,35.399585],[133.425617,35.399609],[133.425336,35.399595],[133.425095,35.399601],[133.425013,35.399615],[133.424737,35.399665],[133.424465,35.399723],[133.424115,35.399757],[133.423727,35.399747],[133.42335,35.399701],[133.423049,35.399661],[133.422556,35.399562],[133.422267,35.399465],[133.422044,35.399317],[133.421943,35.399192],[133.421791,35.399318],[133.421313,35.399657],[133.420969,35.39984],[133.420632,35.399924],[133.420325,35.399961],[133.419951,35.399962],[133.419588,35.399946],[133.418995,35.399948],[133.41872,35.399985],[133.418435,35.400058],[133.418085,35.400149],[133.41712,35.400431],[133.416863,35.400536],[133.416647,35.400629],[133.416408,35.400722],[133.416029,35.400871],[133.41568,35.401011],[133.415301,35.401165],[133.414183,35.401677],[133.413179,35.402182],[133.412794,35.402394],[133.412598,35.402484],[133.412144,35.402729],[133.411816,35.402882],[133.41153,35.403036],[133.411106,35.403278]]]},"properties":{"code":"312021090","name":"福万","kihon1":"1090"}},
{"type":"Feature","geometry":{"type":"Polygon","coordinates":[[[133.401399,35.416238],[133.401319,35.415531],[133.401262,35.415087],[133.400926,35.415088],[133.400965,35.415774],[133.400995,35.416835],[133.401009,35.417122],[133.401017,35.417715],[133.400936,35.417714],[133.400068,35.41766],[133.400439,35.413665],[133.400491,35.413247],[133.399953,35.413585],[133.399198,35.414109],[133.398849,35.414337],[133.398286,35.414678],[133.397948,35.414894],[133.397989,35.414302],[133.398027,35.413836],[133.397421,35.413799],[133.396928,35.413777],[133.396924,35.413774],[133.396934,35.413544],[133.396975,35.412928],[133.397076,35.411656],[133.397114,35.411068],[133.397205,35.409653],[133.397231,35.409389],[133.397236,35.409231],[133.397277,35.408634],[133.397357,35.407336],[133.397366,35.407235],[133.397368,35.407132],[133.397366,35.407051],[133.397773,35.406841],[133.398423,35.406522],[133.398891,35.406287],[133.399156,35.406142],[133.399833,35.405768],[133.399878,35.405732],[133.399961,35.405646],[133.400021,35.405569],[133.400061,35.405451],[133.400064,35.40524],[133.400042,35.404893],[133.40004,35.404767],[133.400042,35.404609],[133.40014,35.404608],[133.400475,35.404604],[133.401029,35.404597],[133.401279,35.404594],[133.40159,35.404575],[133.401714,35.404545],[133.401766,35.404529],[133.401807,35.404505],[133.40175,35.404606],[133.401416,35.405192],[133.402325,35.40473],[133.402641,35.404592],[133.403268,35.404575],[133.403273,35.404679],[133.403297,35.404919],[133.403299,35.404962],[133.403514,35.404959],[133.40397,35.404863],[133.404314,35.404768],[133.404569,35.404624],[133.404897,35.404516],[133.405359,35.404381],[133.405734,35.404324],[133.405807,35.404313],[133.40594,35.40429],[133.406113,35.404271],[133.406273,35.404239],[133.406381,35.404212],[133.406632,35.404045],[133.406921,35.4039],[133.407266,35.403734],[133.407458,35.403528],[133.407944,35.403424],[133.408263,35.40334],[133.408889,35.403145],[133.409066,35.403072],[133.410308,35.402533],[133.410372,35.402531],[133.410435,35.402551],[133.411106,35.403278],[133.410884,35.403409],[133.41065,35.403578],[133.410398,35.40379],[133.410139,35.404078],[133.409962,35.404366],[133.409839,35.404571],[133.409777,35.404724],[133.409657,35.404988],[133.409615,35.405137],[133.409557,35.405323],[133.409404,35.405723],[133.409223,35.40608],[133.408986,35.406458],[133.408767,35.406822],[133.40857,35.407113],[133.408316,35.407481],[133.408081,35.407745],[133.407816,35.408052],[133.40721,35.408708],[133.406739,35.409127],[133.406321,35.409434],[133.40605,35.409655],[133.405756,35.409861],[133.405135,35.41029],[133.404845,35.410499],[133.404742,35.410579],[133.404121,35.411002],[133.403676,35.411318],[133.403577,35.41139],[133.403608,35.411426],[133.40383,35.411683],[133.403997,35.412043],[133.404138,35.412463],[133.404195,35.41269],[133.404242,35.413035],[133.404328,35.413855],[133.404399,35.414391],[133.404457,35.414732],[133.404482,35.414929],[133.404516,35.415061],[133.404478,35.415075],[133.404302,35.41512],[133.404251,35.415176],[133.404248,35.415235],[133.404269,35.41531],[133.404272,35.41535],[133.403997,35.415429],[133.403728,35.415536],[133.403686,35.415308],[133.403616,35.415184],[133.403461,35.415077],[133.403434,35.415064],[133.40342,35.415053],[133.403395,35.415045],[133.403229,35.414989],[133.403069,35.414954],[133.402995,35.414905],[133.402941,35.414843],[133.402853,35.414688],[133.402768,35.414354],[133.402529,35.413938],[133.402452,35.413854],[133.402397,35.41379],[133.402322,35.413729],[133.402156,35.413565],[133.402115,35.413642],[133.402084,35.413755],[133.402062,35.413934],[133.402064,35.414202],[133.402055,35.414511],[133.402068,35.414719],[133.401892,35.414711],[133.401867,35.414679],[133.401834,35.414524],[133.401576,35.414538],[133.401654,35.415494],[133.40169,35.416234],[133.401577,35.416235],[133.401399,35.416238]]]},"properties":{"code":"312021100","name":"河岡","kihon1":"1100"}},
{"type":"Feature","geometry":{"type":"Polygon","coordinates":[[[133.238526,35.485914],[133.238444,35.485978],[133.23835,35.486016],[133.236361,35.486025],[133.234696,35.484325],[133.227005,35.477211],[133.247373,35.462603],[133.248323,35.462001],[133.256463,35.456244],[133.258472,35.454779],[133.259035,35.454364],[133.260579,35.453341],[133.260884,35.453154],[133.262264,35.452317],[133.263994,35.451227],[133.266121,35.449891],[133.268408,35.448434],[133.270763,35.446919],[133.271775,35.446312],[133.272148,35.446118],[133.272643,35.445933],[133.273804,35.445532],[133.276841,35.444485],[133.277948,35.444097],[133.279594,35.443511],[133.282332,35.442562],[133.283594,35.442105],[133.285183,35.441551],[133.287224,35.440827],[133.28909,35.440165],[133.291925,35.43917],[133.292333,35.439048],[133.292471,35.439045],[133.299174,35.436841],[133.300557,35.436331],[133.302961,35.434805],[133.309745,35.430472],[133.319157,35.412478],[133.319818,35.41296],[133.31986,35.412991],[133.31996,35.412961],[133.320472,35.412808],[133.320816,35.412708],[133.320961,35.412665],[133.321048,35.412638],[133.321424,35.413362],[133.321138,35.413381],[133.320866,35.413514],[133.320832,35.413465],[133.320777,35.413404],[133.320243,35.413712],[133.319913,35.413903],[133.319816,35.41396],[133.319427,35.414192],[133.31936,35.414233],[133.31921,35.414326],[133.319139,35.414379],[133.318564,35.415039],[133.318477,35.415138],[133.318309,35.415332],[133.318283,35.415362],[133.317927,35.415779],[133.317785,35.415944],[133.317691,35.416079],[133.317548,35.41635],[133.31752,35.416415],[133.317502,35.416481],[133.317489,35.416549],[133.317488,35.416623],[133.317492,35.416688],[133.317544,35.416809],[133.317606,35.416951],[133.317637,35.416994],[133.317747,35.417135],[133.317999,35.417452],[133.318154,35.417639],[133.318823,35.418447],[133.319065,35.418739],[133.319316,35.419042],[133.319358,35.419095],[133.319638,35.419438],[133.319833,35.41968],[133.319937,35.41981],[133.32025,35.4202],[133.320426,35.420416],[133.320589,35.420616],[133.320639,35.420671],[133.32066,35.42069],[133.320736,35.420756],[133.320804,35.420801],[133.320895,35.420846],[133.321003,35.420887],[133.321116,35.420924],[133.321225,35.420952],[133.321331,35.420974],[133.321523,35.421007],[133.321699,35.421033],[133.321777,35.421024],[133.321813,35.421016],[133.321842,35.421004],[133.32187,35.420989],[133.321919,35.420954],[133.32196,35.420916],[133.321974,35.420894],[133.321995,35.420849],[133.322018,35.420858],[133.322121,35.420585],[133.322255,35.420233],[133.32238,35.419904],[133.322427,35.419782],[133.322561,35.419434],[133.322709,35.419053],[133.322869,35.419048],[133.322868,35.419354],[133.322751,35.41948],[133.322717,35.419563],[133.322767,35.419618],[133.322709,35.419859],[133.32266,35.420065],[133.322621,35.42013],[133.322587,35.420131],[133.322572,35.420136],[133.322558,35.420146],[133.322547,35.420162],[133.322514,35.42024],[133.322495,35.420283],[133.322428,35.420381],[133.322396,35.420427],[133.322368,35.420476],[133.322347,35.420519],[133.322336,35.420555],[133.322333,35.420588],[133.322336,35.420726],[133.322338,35.420775],[133.322353,35.420815],[133.322383,35.420861],[133.322425,35.420918],[133.322473,35.420971],[133.322523,35.421011],[133.322577,35.421046],[133.322607,35.42107],[133.322635,35.4211],[133.322693,35.421169],[133.322749,35.421228],[133.322807,35.421282],[133.322853,35.421321],[133.322868,35.421325],[133.322882,35.421328],[133.322893,35.421329],[133.322919,35.42136],[133.32294,35.421375],[133.322966,35.421387],[133.323023,35.421408],[133.323418,35.421526],[133.323537,35.421479],[133.324172,35.421635],[133.32417,35.421667],[133.324534,35.42176],[133.324796,35.421866],[133.325175,35.422019],[133.325179,35.422051],[133.325261,35.422102],[133.325289,35.422296],[133.32533,35.422572],[133.325187,35.422539],[133.32502,35.422538],[133.324868,35.422545],[133.324623,35.422586],[133.323664,35.422767],[133.323005,35.422886],[133.322949,35.422896],[133.32295,35.422902],[133.322963,35.422973],[133.322988,35.422984],[133.322505,35.423084],[133.322324,35.423123],[133.322273,35.423138],[133.322236,35.423151],[133.32221,35.423166],[133.322156,35.423206],[133.322103,35.423248],[133.322082,35.423258],[133.322059,35.423266],[133.321966,35.423289],[133.321893,35.423312],[133.321813,35.423345],[133.321732,35.423388],[133.32166,35.423434],[133.321562,35.423507],[133.321535,35.423534],[133.321523,35.423557],[133.321482,35.423545],[133.321474,35.423547],[133.321459,35.423571],[133.321457,35.423595],[133.3215,35.423611],[133.321491,35.423648],[133.321485,35.423695],[133.321486,35.423738],[133.321493,35.423779],[133.321507,35.423817],[133.321525,35.423852],[133.321551,35.423889],[133.321625,35.42397],[133.321714,35.42407],[133.32175,35.424125],[133.321782,35.424184],[133.321805,35.424247],[133.32182,35.424313],[133.32183,35.424382],[133.321839,35.424528],[133.321845,35.424681],[133.321819,35.424691],[133.321819,35.424723],[133.321806,35.424728],[133.321792,35.424788],[133.321758,35.424835],[133.321771,35.424851],[133.321751,35.424894],[133.321731,35.424894],[133.32169,35.424932],[133.321685,35.424936],[133.321619,35.424979],[133.321625,35.42499],[133.321599,35.425006],[133.321592,35.424995],[133.321454,35.425037],[133.321375,35.425057],[133.321315,35.4251],[133.321328,35.425127],[133.321301,35.425158],[133.321275,35.425191],[133.321262,35.425234],[133.321281,35.425245],[133.321274,35.425266],[133.321203,35.425313],[133.32117,35.425287],[133.32113,35.425324],[133.321149,35.425345],[133.321136,35.425367],[133.321104,35.425367],[133.321084,35.425388],[133.321084,35.425415],[133.321122,35.425416],[133.321116,35.425448],[133.32109,35.425442],[133.320984,35.425501],[133.320985,35.425479],[133.320952,35.425474],[133.320959,35.425441],[133.320972,35.425436],[133.320987,35.425334],[133.320927,35.425334],[133.320912,35.425468],[133.320748,35.425456],[133.320741,35.425499],[133.320873,35.425511],[133.320873,35.425495],[133.320912,35.425495],[133.32089,35.425645],[133.320589,35.425686],[133.320556,35.42567],[133.320532,35.425557],[133.320565,35.425508],[133.320651,35.425494],[133.320623,35.425343],[133.320573,35.425351],[133.320595,35.425462],[133.320489,35.425476],[133.320469,35.425366],[133.320419,35.425374],[133.320441,35.425481],[133.320325,35.425496],[133.320323,35.42548],[133.320334,35.425477],[133.320313,35.425392],[133.320266,35.425398],[133.320289,35.425506],[133.319995,35.425553],[133.320006,35.425602],[133.320099,35.425586],[133.320138,35.425618],[133.320163,35.425732],[133.320143,35.425753],[133.320044,35.425774],[133.320025,35.425807],[133.320179,35.426484],[133.320284,35.426999],[133.320261,35.427003],[133.320276,35.427059],[133.320296,35.427055],[133.320708,35.428758],[133.320863,35.429401],[133.320838,35.429406],[133.32085,35.42946],[133.320875,35.429455],[133.321155,35.430617],[133.321181,35.430638],[133.32122,35.430665],[133.322409,35.430817],[133.3224,35.430867],[133.322376,35.431009],[133.322301,35.431371],[133.32217,35.431351],[133.321969,35.432223],[133.321778,35.432276],[133.321789,35.432301],[133.32198,35.432252],[133.321992,35.432257],[133.32214,35.432218],[133.322153,35.432218],[133.322286,35.432257],[133.322271,35.432341],[133.322302,35.432356],[133.32227,35.432445],[133.322241,35.432445],[133.322262,35.432459],[133.322398,35.43251],[133.322409,35.432516],[133.322488,35.432573],[133.322428,35.432701],[133.322416,35.432728],[133.321989,35.43263],[133.321746,35.432581],[133.321612,35.432559],[133.321382,35.43254],[133.321032,35.432526],[133.320091,35.432501],[133.319843,35.432766],[133.319409,35.433218],[133.319431,35.433233],[133.319815,35.432839],[133.320097,35.432546],[133.320107,35.432541],[133.320626,35.432558],[133.320554,35.433126],[133.3206,35.433128],[133.320683,35.432561],[133.321347,35.432575],[133.321279,35.433096],[133.321268,35.433177],[133.321498,35.433205],[133.32143,35.433303],[133.321418,35.433319],[133.321268,35.433457],[133.321098,35.433614],[133.320992,35.433626],[133.320314,35.433704],[133.320225,35.433717],[133.32022,35.433752],[133.319756,35.433806],[133.319737,35.433712],[133.319465,35.433748],[133.319479,35.433844],[133.319228,35.43387],[133.319214,35.433805],[133.318995,35.433827],[133.319006,35.433899],[133.318653,35.433941],[133.31826,35.43341],[133.318104,35.433346],[133.31804,35.433259],[133.317824,35.432968],[133.317608,35.432667],[133.317656,35.432639],[133.317326,35.432172],[133.317213,35.432218],[133.316643,35.431375],[133.316608,35.431389],[133.315205,35.432047],[133.315113,35.43209],[133.314872,35.432207],[133.314627,35.432327],[133.313677,35.432771],[133.313639,35.432718],[133.31346,35.432801],[133.313499,35.432856],[133.312833,35.433161],[133.311462,35.433548],[133.311408,35.433562],[133.311484,35.433744],[133.310023,35.43416],[133.307482,35.434872],[133.307513,35.434929],[133.3075,35.434983],[133.307677,35.43539],[133.307745,35.435549],[133.308199,35.436622],[133.308202,35.436631],[133.308218,35.436662],[133.308368,35.436743],[133.309365,35.436716],[133.311271,35.436597],[133.311702,35.436555],[133.312659,35.436446],[133.312666,35.436493],[133.312837,35.436454],[133.313045,35.43644],[133.313057,35.43649],[133.313073,35.436559],[133.312866,35.436584],[133.312845,35.436589],[133.312782,35.436623],[133.312606,35.436639],[133.312606,35.436656],[133.312593,35.436658],[133.312578,35.436643],[133.311801,35.43673],[133.311796,35.436747],[133.311785,35.436749],[133.311771,35.436732],[133.311463,35.436767],[133.311458,35.436785],[133.311439,35.436787],[133.311436,35.436787],[133.31143,35.43677],[133.311264,35.436784],[133.311265,35.436806],[133.311244,35.436807],[133.311237,35.436786],[133.309492,35.436892],[133.309359,35.436899],[133.309366,35.436913],[133.309371,35.436929],[133.309355,35.436938],[133.309327,35.436912],[133.309069,35.437031],[133.309039,35.437042],[133.308949,35.437062],[133.308535,35.437128],[133.308265,35.437156],[133.308179,35.437164],[133.308183,35.437196],[133.308146,35.4372],[133.308135,35.437169],[133.308022,35.437183],[133.307675,35.437299],[133.307584,35.437331],[133.307009,35.437537],[133.307008,35.437555],[133.306984,35.437563],[133.306968,35.43755],[133.306966,35.43755],[133.30646,35.437729],[133.306437,35.437738],[133.306282,35.437812],[133.306108,35.437901],[133.305967,35.437973],[133.305798,35.438062],[133.305765,35.43808],[133.305543,35.438197],[133.3053,35.438327],[133.305258,35.43827],[133.305248,35.438257],[133.305265,35.438194],[133.305428,35.4381],[133.305559,35.438025],[133.305775,35.4379],[133.305953,35.437798],[133.306161,35.437677],[133.306251,35.437626],[133.306295,35.437599],[133.306304,35.437596],[133.306411,35.437559],[133.306569,35.437502],[133.306687,35.437459],[133.307232,35.437265],[133.307896,35.437032],[133.307985,35.436838],[133.307255,35.435086],[133.307236,35.435042],[133.307224,35.435026],[133.30721,35.435007],[133.307204,35.43499],[133.307191,35.434955],[133.303573,35.435979],[133.303559,35.436011],[133.303451,35.436136],[133.30337,35.436242],[133.30311,35.436575],[133.302895,35.436899],[133.302712,35.437014],[133.302434,35.437361],[133.302077,35.437739],[133.301848,35.43788],[133.301713,35.437926],[133.301561,35.437969],[133.301531,35.437993],[133.301061,35.438287],[133.301052,35.438315],[133.300773,35.438614],[133.300747,35.438597],[133.300791,35.438542],[133.300431,35.438514],[133.300293,35.438315],[133.299904,35.438438],[133.298633,35.438879],[133.29856,35.438903],[133.29825,35.43897],[133.297904,35.439027],[133.297608,35.439095],[133.297262,35.439183],[133.29692,35.439281],[133.296527,35.439486],[133.296149,35.439692],[133.295447,35.440135],[133.295291,35.440264],[133.295245,35.440305],[133.295259,35.440364],[133.295381,35.440579],[133.295389,35.440637],[133.295331,35.440702],[133.294451,35.441015],[133.294148,35.441124],[133.293837,35.441245],[133.293754,35.441064],[133.293702,35.440874],[133.2937,35.440807],[133.293709,35.440697],[133.293832,35.440453],[133.293921,35.44022],[133.293945,35.440069],[133.293903,35.439862],[133.293777,35.439601],[133.293591,35.439402],[133.293415,35.439274],[133.293262,35.439189],[133.293049,35.439121],[133.292738,35.439081],[133.29255,35.439085],[133.292321,35.43914],[133.289373,35.440129],[133.285951,35.441339],[133.28525,35.441585],[133.278304,35.444005],[133.277115,35.44443],[133.274359,35.445392],[133.272961,35.44588],[133.27238,35.446078],[133.272039,35.446223],[133.271097,35.4468],[133.268429,35.4485],[133.266943,35.449467],[133.262797,35.452083],[133.261768,35.45272],[133.261521,35.45288],[133.261391,35.452983],[133.261045,35.453364],[133.260865,35.453725],[133.260804,35.453949],[133.260792,35.454154],[133.260785,35.454506],[133.260815,35.454623],[133.260863,35.454764],[133.260985,35.455052],[133.261805,35.456637],[133.262412,35.45796],[133.262822,35.458744],[133.262901,35.458814],[133.263035,35.458906],[133.263804,35.459487],[133.263271,35.45999],[133.26297,35.460265],[133.260495,35.462502],[133.259949,35.462991],[133.259731,35.463197],[133.259353,35.463581],[133.257782,35.464981],[133.257713,35.465039],[133.25759,35.465143],[133.257224,35.465476],[133.25707,35.465662],[133.256995,35.465797],[133.256968,35.465921],[133.256967,35.466025],[133.257023,35.466233],[133.257263,35.466634],[133.256998,35.466875],[133.257023,35.466893],[133.257131,35.466795],[133.257184,35.466835],[133.257237,35.466786],[133.257355,35.466876],[133.257295,35.466929],[133.257369,35.466985],[133.257363,35.466999],[133.257129,35.46722],[133.25716,35.467244],[133.257114,35.467287],[133.257106,35.467294],[133.257061,35.467278],[133.257036,35.467267],[133.256975,35.46722],[133.256985,35.467211],[133.256938,35.467177],[133.256955,35.467163],[133.256922,35.467138],[133.25688,35.467176],[133.256866,35.467165],[133.256887,35.467147],[133.256856,35.467126],[133.256847,35.467133],[133.256821,35.467114],[133.256777,35.467155],[133.256754,35.467137],[133.256916,35.466986],[133.256889,35.466966],[133.256802,35.467043],[133.25656,35.466863],[133.256785,35.466654],[133.256777,35.466644],[133.256536,35.466866],[133.256793,35.467057],[133.256525,35.467295],[133.256293,35.467489],[133.255659,35.468095],[133.253728,35.469837],[133.253199,35.47032],[133.252194,35.470025],[133.251736,35.469889],[133.251484,35.469857],[133.251371,35.469842],[133.251126,35.469856],[133.25096,35.469878],[133.250759,35.469925],[133.250528,35.470018],[133.250375,35.470097],[133.250113,35.47033],[133.249026,35.471362],[133.248824,35.471559],[133.248569,35.471799],[133.247941,35.472372],[133.247787,35.472551],[133.247709,35.472719],[133.247697,35.472835],[133.247732,35.472999],[133.247897,35.473172],[133.248277,35.473451],[133.249324,35.474221],[133.249708,35.473866],[133.250411,35.474382],[133.250897,35.473886],[133.250939,35.474119],[133.250918,35.474144],[133.250545,35.474579],[133.250503,35.474555],[133.250153,35.474955],[133.249916,35.475233],[133.249713,35.475448],[133.24938,35.475821],[133.249425,35.475851],[133.249033,35.476308],[133.248993,35.476289],[133.248961,35.476326],[133.248402,35.476975],[133.248324,35.477037],[133.24829,35.476943],[133.248113,35.476986],[133.248123,35.47702],[133.248077,35.477031],[133.248102,35.477092],[133.248084,35.477097],[133.248091,35.477118],[133.247991,35.477053],[133.248063,35.476957],[133.247951,35.476885],[133.247779,35.476764],[133.247955,35.476568],[133.24799,35.476523],[133.247963,35.476509],[133.248033,35.476424],[133.248115,35.476321],[133.248139,35.476292],[133.248748,35.475594],[133.248724,35.475439],[133.248708,35.475292],[133.24861,35.474655],[133.246758,35.473372],[133.246924,35.473175],[133.246911,35.47317],[133.246748,35.473359],[133.244939,35.47543],[133.24469,35.475406],[133.244602,35.475403],[133.24451,35.475412],[133.244388,35.475436],[133.244293,35.47549],[133.24396,35.475839],[133.24365,35.4762],[133.241387,35.478631],[133.241178,35.478856],[133.241057,35.478795],[133.240674,35.479204],[133.240713,35.479228],[133.240958,35.478972],[133.241037,35.478977],[133.241062,35.478983],[133.241071,35.478986],[133.24118,35.479054],[133.241201,35.479067],[133.241215,35.479081],[133.241235,35.479126],[133.241224,35.479136],[133.241197,35.479118],[133.240998,35.479331],[133.241018,35.479346],[133.240924,35.479461],[133.240818,35.479481],[133.240786,35.479483],[133.240767,35.479479],[133.240693,35.479427],[133.240602,35.479402],[133.240573,35.47937],[133.240615,35.479325],[133.240597,35.479314],[133.240534,35.479379],[133.240351,35.479265],[133.240255,35.479099],[133.240413,35.478938],[133.2404,35.47893],[133.240232,35.4791],[133.240322,35.479267],[133.240625,35.479463],[133.239986,35.480176],[133.239794,35.480381],[133.239694,35.48051],[133.239658,35.4806],[133.239644,35.480709],[133.239651,35.480828],[133.239641,35.480891],[133.239684,35.480999],[133.239831,35.481152],[133.239963,35.481248],[133.240133,35.481355],[133.240303,35.481444],[133.240475,35.481535],[133.241672,35.482284],[133.242259,35.482651],[133.242247,35.482743],[133.242227,35.482829],[133.242237,35.482869],[133.241377,35.483628],[133.240943,35.484015],[133.240932,35.484096],[133.24096,35.484194],[133.240935,35.48425],[133.240791,35.484381],[133.240657,35.48454],[133.240473,35.484705],[133.240292,35.484764],[133.240186,35.484699],[133.239828,35.484513],[133.23964,35.484839],[133.239539,35.484994],[133.239438,35.485098],[133.239255,35.485357],[133.239105,35.485512],[133.239009,35.48556],[133.238921,35.485552],[133.238838,35.485548],[133.238526,35.485914]]]},"properties":{"code":"312021110","name":"中海","kihon1":"1110"}},
{"type":"Feature","geometry":{"type":"Polygon","coordinates":[[[133.360383,35.453496],[133.360544,35.453642],[133.360736,35.453845],[133.360838,35.453975],[133.360949,35.454144],[133.361001,35.454233],[133.361047,35.454334],[133.361096,35.45444],[133.361196,35.454704],[133.36128,35.45498],[133.361321,35.455268],[133.361364,35.455539],[133.361382,35.455724],[133.36141,35.455929],[133.361426,35.456141],[133.36072,35.456202],[133.360469,35.456225],[133.360001,35.456273],[133.359705,35.456306],[133.359538,35.456319],[133.359334,35.456341],[133.359138,35.456365],[133.35896,35.456393],[133.358654,35.456465],[133.358619,35.456473],[133.358211,35.45656],[133.358047,35.4566],[133.357722,35.45667],[133.357468,35.456732],[133.35719,35.456794],[133.35672,35.456902],[133.356548,35.456939],[133.35638,35.456967],[133.356339,35.456974],[133.356006,35.456023],[133.355493,35.454609],[133.355466,35.454543],[133.355768,35.454488],[133.356467,35.454364],[133.356629,35.454334],[133.356929,35.454274],[133.357149,35.454224],[133.357455,35.454166],[133.357884,35.45406],[133.35943,35.453693],[133.359742,35.453612],[133.360022,35.45355],[133.360383,35.453496]]]},"properties":{"code":"31202112001","name":"皆生温泉一丁目","kihon1":"1120"}},
{"type":"Feature","geometry":{"type":"Polygon","coordinates":[[[133.365739,35.452324],[133.365758,35.452462],[133.365778,35.452541],[133.36582,35.452808],[133.365913,35.453304],[133.365965,35.453556],[133.366267,35.455152],[133.366352,35.455639],[133.364835,35.45579],[133.3639,35.455879],[133.363248,35.455942],[133.362806,35.45599],[133.362079,35.456063],[133.361426,35.456141],[133.36141,35.455929],[133.361382,35.455724],[133.361364,35.455539],[133.361321,35.455268],[133.36128,35.45498],[133.361196,35.454704],[133.361096,35.45444],[133.361047,35.454334],[133.361001,35.454233],[133.360949,35.454144],[133.360838,35.453975],[133.360736,35.453845],[133.360544,35.453642],[133.360383,35.453496],[133.360533,35.453421],[133.360706,35.453372],[133.361049,35.453299],[133.361256,35.453299],[133.361636,35.453242],[133.361972,35.453188],[133.362262,35.453142],[133.362404,35.453118],[133.362361,35.452991],[133.362339,35.452902],[133.362714,35.452836],[133.363814,35.452652],[133.364789,35.452482],[133.36515,35.452423],[133.365461,35.452376],[133.365739,35.452324]]]},"properties":{"code":"31202112002","name":"皆生温泉二丁目","kihon1":"1120"}},
{"type":"Feature","geometry":{"type":"Polygon","coordinates":[[[133.370296,35.457573],[133.369967,35.457632],[133.369883,35.457673],[133.369512,35.457779],[133.369355,35.45786],[133.369266,35.457884],[133.36906,35.457897],[133.368856,35.457911],[133.368611,35.457979],[133.368529,35.458034],[133.368399,35.458069],[133.368337,35.458135],[133.36837,35.458388],[133.368345,35.458395],[133.36831,35.458144],[133.368298,35.458128],[133.368267,35.458088],[133.368225,35.45805],[133.368046,35.458044],[133.367896,35.458082],[133.367783,35.458122],[133.367693,35.458171],[133.367564,35.458276],[133.367483,35.458375],[133.36737,35.458513],[133.367326,35.458571],[133.367292,35.458644],[133.367225,35.458821],[133.367178,35.458922],[133.367139,35.459012],[133.367101,35.459094],[133.367066,35.459111],[133.367026,35.459093],[133.367005,35.459033],[133.36699,35.45898],[133.366884,35.458798],[133.366764,35.458696],[133.36657,35.458611],[133.366395,35.458569],[133.366262,35.458557],[133.366065,35.458568],[133.365872,35.458608],[133.365699,35.458693],[133.365645,35.458736],[133.365537,35.458846],[133.365441,35.459009],[133.36534,35.459183],[133.365268,35.459309],[133.365229,35.459319],[133.364977,35.459338],[133.364914,35.459334],[133.364848,35.459306],[133.364778,35.459235],[133.36465,35.459092],[133.364532,35.459001],[133.364437,35.458947],[133.364348,35.4589],[133.364237,35.458864],[133.364176,35.458856],[133.364176,35.458886],[133.363895,35.458902],[133.363777,35.458911],[133.363576,35.458923],[133.363411,35.458938],[133.363319,35.45894],[133.36325,35.458951],[133.363184,35.45895],[133.363151,35.458975],[133.363118,35.459031],[133.363083,35.459102],[133.363076,35.459173],[133.363073,35.459266],[133.363081,35.459401],[133.363076,35.459472],[133.363059,35.4595],[133.36298,35.459517],[133.362848,35.459522],[133.36273,35.459546],[133.362669,35.459544],[133.362619,35.459522],[133.362533,35.459367],[133.362462,35.459269],[133.362377,35.459181],[133.362329,35.459149],[133.362155,35.459058],[133.362031,35.459009],[133.361873,35.458986],[133.361784,35.458993],[133.361705,35.458386],[133.361625,35.457833],[133.361544,35.457257],[133.36148,35.456692],[133.361426,35.456141],[133.362079,35.456063],[133.362806,35.45599],[133.363248,35.455942],[133.3639,35.455879],[133.364835,35.45579],[133.366352,35.455639],[133.367335,35.455551],[133.367911,35.455495],[133.369671,35.455315],[133.369755,35.455527],[133.369818,35.455699],[133.369865,35.455815],[133.369918,35.455988],[133.370022,35.456324],[133.370102,35.456628],[133.370187,35.456996],[133.370259,35.457297],[133.370278,35.457387],[133.370296,35.457573]]]},"properties":{"code":"31202112003","name":"皆生温泉三丁目","kihon1":"1120"}},
{"type":"Feature","geometry":{"type":"Polygon","coordinates":[[[133.361784,35.458993],[133.36158,35.459018],[133.361408,35.459065],[133.361327,35.459094],[133.361272,35.459131],[133.361167,35.459225],[133.361097,35.459343],[133.361079,35.459437],[133.361046,35.459505],[133.361019,35.459607],[133.361024,35.459678],[133.36101,35.45972],[133.360979,35.459715],[133.360942,35.45967],[133.360871,35.459667],[133.360788,35.459639],[133.360696,35.459634],[133.360566,35.459652],[133.360457,35.459645],[133.360396,35.459619],[133.360202,35.459393],[133.360104,35.459315],[133.359951,35.459242],[133.359763,35.459195],[133.359637,35.459177],[133.35953,35.459164],[133.359402,35.459188],[133.359268,35.459224],[133.359189,35.459265],[133.359089,35.459321],[133.35896,35.459431],[133.358857,35.459543],[133.358781,35.459655],[133.358634,35.459886],[133.358555,35.46],[133.358524,35.460038],[133.358446,35.460063],[133.358372,35.46004],[133.358219,35.459832],[133.358136,35.459748],[133.358033,35.459662],[133.35792,35.459616],[133.357642,35.459523],[133.357533,35.459505],[133.357335,35.459508],[133.357174,35.459526],[133.357056,35.459568],[133.356946,35.459619],[133.356765,35.459728],[133.356705,35.459781],[133.356625,35.459944],[133.356597,35.460038],[133.356532,35.460215],[133.356499,35.460307],[133.35646,35.460353],[133.356341,35.460371],[133.356238,35.460356],[133.356168,35.46034],[133.356109,35.460304],[133.356004,35.4602],[133.355782,35.460015],[133.355689,35.459959],[133.355525,35.459883],[133.355329,35.459846],[133.355205,35.45984],[133.355069,35.459857],[133.354932,35.459904],[133.354866,35.459939],[133.354744,35.460034],[133.354652,35.460109],[133.354503,35.460301],[133.354392,35.460517],[133.354356,35.460582],[133.354293,35.460627],[133.354225,35.460637],[133.354193,35.460635],[133.354172,35.460512],[133.354152,35.460443],[133.354036,35.459956],[133.353854,35.459257],[133.353655,35.458538],[133.353463,35.457963],[133.353297,35.457434],[133.353729,35.457365],[133.354213,35.457291],[133.354683,35.457225],[133.354689,35.457224],[133.354785,35.457208],[133.355019,35.45717],[133.355137,35.457153],[133.355187,35.457142],[133.355438,35.457108],[133.355571,35.457089],[133.355742,35.457063],[133.356056,35.457019],[133.356339,35.456974],[133.35638,35.456967],[133.356548,35.456939],[133.35672,35.456902],[133.35719,35.456794],[133.357468,35.456732],[133.357722,35.45667],[133.358047,35.4566],[133.358211,35.45656],[133.358619,35.456473],[133.358654,35.456465],[133.35896,35.456393],[133.359138,35.456365],[133.359334,35.456341],[133.359538,35.456319],[133.359705,35.456306],[133.360001,35.456273],[133.360469,35.456225],[133.36072,35.456202],[133.361426,35.456141],[133.36148,35.456692],[133.361544,35.457257],[133.361625,35.457833],[133.361705,35.458386],[133.361784,35.458993]]]},"properties":{"code":"31202112004","name":"皆生温泉四丁目","kihon1":"1120"}},
{"type":"Feature","geometry":{"type":"Polygon","coordinates":[[[133.35205,35.452528],[133.352091,35.45281],[133.352587,35.454706],[133.35268,35.455117],[133.352193,35.455203],[133.352303,35.455621],[133.352418,35.456053],[133.35243,35.456098],[133.352511,35.456405],[133.352804,35.457515],[133.352788,35.457516],[133.35277,35.45752],[133.351567,35.457752],[133.351201,35.456674],[133.351098,35.456371],[133.350794,35.455476],[133.350771,35.455413],[133.350412,35.45436],[133.350388,35.454289],[133.349947,35.452998],[133.350661,35.45283],[133.351299,35.452677],[133.351967,35.452515],[133.352071,35.452484],[133.35205,35.452528]]]},"properties":{"code":"31202113001","name":"新開一丁目","kihon1":"1130"}},
{"type":"Feature","geometry":{"type":"Polygon","coordinates":[[[133.349947,35.452998],[133.350388,35.454289],[133.350412,35.45436],[133.350771,35.455413],[133.350794,35.455476],[133.351098,35.456371],[133.351201,35.456674],[133.351567,35.457752],[133.351541,35.457757],[133.351517,35.457763],[133.350918,35.457906],[133.350566,35.457995],[133.350264,35.458064],[133.349766,35.458171],[133.349174,35.458304],[133.34864,35.458365],[133.348211,35.458425],[133.347895,35.458466],[133.347651,35.458476],[133.347328,35.457503],[133.34716,35.456938],[133.346933,35.456173],[133.346863,35.455938],[133.346793,35.455691],[133.346723,35.455459],[133.34663,35.455116],[133.346569,35.454869],[133.346486,35.454495],[133.346368,35.453923],[133.346353,35.453879],[133.346777,35.453781],[133.347068,35.453708],[133.347425,35.453626],[133.347456,35.453618],[133.347956,35.453496],[133.348327,35.453411],[133.348439,35.453383],[133.348992,35.453249],[133.349017,35.453242],[133.349226,35.453184],[133.349897,35.453009],[133.349947,35.452998]]]},"properties":{"code":"31202113002","name":"新開二丁目","kihon1":"1130"}},
{"type":"Feature","geometry":{"type":"Polygon","coordinates":[[[133.354193,35.460635],[133.354139,35.460637],[133.354077,35.4606],[133.354026,35.460535],[133.353849,35.460325],[133.353737,35.460216],[133.353593,35.460127],[133.353528,35.460102],[133.353454,35.460074],[133.353142,35.460017],[133.352948,35.460021],[133.352689,35.460086],[133.352517,35.460174],[133.352392,35.46031],[133.352374,35.46033],[133.352286,35.460528],[133.352201,35.460733],[133.352092,35.460727],[133.352024,35.460712],[133.351858,35.460737],[133.351804,35.460698],[133.351706,35.460643],[133.351626,35.460577],[133.35154,35.460522],[133.351466,35.460447],[133.351346,35.460377],[133.351127,35.460294],[133.351037,35.460286],[133.350817,35.460273],[133.350619,35.460293],[133.35049,35.460338],[133.350416,35.46037],[133.350296,35.460463],[133.3502,35.460583],[133.350076,35.460741],[133.350021,35.460879],[133.350016,35.460974],[133.349993,35.461026],[133.34994,35.461082],[133.349825,35.461094],[133.34967,35.461139],[133.349586,35.461124],[133.349456,35.460987],[133.349326,35.46088],[133.349238,35.460808],[133.349092,35.460749],[133.348913,35.460686],[133.348806,35.460669],[133.348546,35.460698],[133.348378,35.460739],[133.348162,35.460079],[133.347938,35.459357],[133.347919,35.459294],[133.347651,35.458476],[133.347895,35.458466],[133.348211,35.458425],[133.34864,35.458365],[133.349174,35.458304],[133.349766,35.458171],[133.350264,35.458064],[133.350566,35.457995],[133.350918,35.457906],[133.351517,35.457763],[133.351541,35.457757],[133.351567,35.457752],[133.35277,35.45752],[133.352788,35.457516],[133.352804,35.457515],[133.353297,35.457434],[133.353463,35.457963],[133.353655,35.458538],[133.353854,35.459257],[133.354036,35.459956],[133.354152,35.460443],[133.354172,35.460512],[133.354193,35.460635]]]},"properties":{"code":"31202113003","name":"新開三丁目","kihon1":"1130"}},
{"type":"Feature","geometry":{"type":"Polygon","coordinates":[[[133.348378,35.460739],[133.348268,35.460801],[133.348153,35.460897],[133.348044,35.460973],[133.34795,35.461109],[133.347895,35.461338],[133.347752,35.461475],[133.347752,35.461478],[133.347735,35.461504],[133.347707,35.461525],[133.347667,35.461543],[133.347622,35.461552],[133.347536,35.461554],[133.347482,35.46156],[133.347404,35.461593],[133.347376,35.461594],[133.347311,35.461538],[133.347267,35.461489],[133.347254,35.461475],[133.347114,35.46132],[133.34697,35.461228],[133.346901,35.461209],[133.346737,35.461164],[133.346605,35.461156],[133.346456,35.461165],[133.346285,35.461207],[133.346309,35.461281],[133.346299,35.461303],[133.346274,35.461311],[133.346234,35.461298],[133.346201,35.461232],[133.346142,35.461249],[133.346026,35.461334],[133.345906,35.461475],[133.345883,35.461518],[133.345842,35.461613],[133.345828,35.461665],[133.34582,35.461717],[133.345815,35.461793],[133.345816,35.461884],[133.345823,35.461979],[133.345812,35.461985],[133.345764,35.461941],[133.345739,35.461934],[133.34568,35.461942],[133.345608,35.461952],[133.345486,35.461976],[133.345351,35.462014],[133.345305,35.462017],[133.345261,35.46201],[133.3452,35.461988],[133.345155,35.461963],[133.344978,35.461838],[133.344869,35.461786],[133.34477,35.461745],[133.344696,35.461724],[133.344622,35.461711],[133.344568,35.461706],[133.344411,35.461706],[133.344346,35.461711],[133.344254,35.461726],[133.344172,35.46175],[133.34413,35.461769],[133.343941,35.461907],[133.343899,35.461948],[133.343865,35.461995],[133.343808,35.462094],[133.343753,35.462252],[133.343746,35.462415],[133.34373,35.462418],[133.343545,35.462407],[133.34348,35.462409],[133.343292,35.462448],[133.343233,35.462467],[133.343157,35.462498],[133.343131,35.462504],[133.343098,35.462502],[133.343053,35.462474],[133.342995,35.462423],[133.342909,35.462348],[133.342846,35.462299],[133.342756,35.462242],[133.342666,35.462194],[133.342598,35.462167],[133.342562,35.462156],[133.342518,35.462147],[133.342399,35.462143],[133.342354,35.462145],[133.342325,35.462161],[133.34234,35.462276],[133.342326,35.462288],[133.342308,35.462293],[133.342285,35.462293],[133.342266,35.462283],[133.342249,35.462258],[133.342215,35.462142],[133.342207,35.462136],[133.342127,35.462142],[133.342105,35.462161],[133.342082,35.462223],[133.342049,35.462244],[133.341852,35.462334],[133.341734,35.462398],[133.341709,35.462425],[133.341701,35.462451],[133.341697,35.462505],[133.341717,35.462628],[133.341736,35.462718],[133.341732,35.462747],[133.341719,35.462795],[133.341672,35.462863],[133.341636,35.462914],[133.341613,35.462937],[133.341583,35.462956],[133.341514,35.462985],[133.341475,35.462998],[133.341383,35.463021],[133.341265,35.463035],[133.341171,35.463046],[133.341141,35.463055],[133.341119,35.463068],[133.341098,35.463085],[133.341046,35.463136],[133.341007,35.463167],[133.340927,35.463232],[133.340871,35.463286],[133.340847,35.463307],[133.340819,35.46332],[133.340762,35.463343],[133.340736,35.463359],[133.340716,35.463379],[133.340701,35.463402],[133.340691,35.463426],[133.340682,35.463466],[133.340675,35.463477],[133.340666,35.463485],[133.34064,35.463503],[133.340595,35.46353],[133.340532,35.463561],[133.340503,35.463572],[133.34048,35.463573],[133.340451,35.463573],[133.340421,35.463566],[133.340397,35.46356],[133.340359,35.463539],[133.340344,35.463526],[133.340333,35.463512],[133.340326,35.463496],[133.340321,35.463463],[133.340387,35.463412],[133.340513,35.463315],[133.340552,35.463347],[133.340876,35.463098],[133.340853,35.463039],[133.340857,35.463001],[133.340877,35.462969],[133.340937,35.462931],[133.340991,35.462926],[133.34105,35.462929],[133.341082,35.462944],[133.341483,35.462867],[133.34151,35.462818],[133.341481,35.462715],[133.341412,35.462485],[133.34139,35.46241],[133.341253,35.462275],[133.341207,35.462186],[133.34116,35.462067],[133.34114,35.462035],[133.340491,35.461337],[133.340365,35.461216],[133.340104,35.46096],[133.340034,35.46093],[133.339762,35.460812],[133.339073,35.460563],[133.338592,35.460316],[133.338514,35.460261],[133.338703,35.460217],[133.33971,35.459971],[133.33972,35.459969],[133.339744,35.459963],[133.339757,35.459959],[133.339892,35.459925],[133.339912,35.45992],[133.340139,35.459867],[133.340149,35.459864],[133.340178,35.459858],[133.340459,35.459794],[133.340642,35.45975],[133.340874,35.459694],[133.341776,35.459477],[133.341781,35.459476],[133.342855,35.459227],[133.342861,35.459226],[133.343361,35.45911],[133.344112,35.45899],[133.344311,35.458958],[133.344814,35.458875],[133.345663,35.458645],[133.34609,35.458529],[133.346555,35.458479],[133.346625,35.458479],[133.347651,35.458476],[133.347919,35.459294],[133.347938,35.459357],[133.348162,35.460079],[133.348378,35.460739]]]},"properties":{"code":"31202113004","name":"新開四丁目","kihon1":"1130"}},
{"type":"Feature","geometry":{"type":"Polygon","coordinates":[[[133.346368,35.453923],[133.346486,35.454495],[133.346569,35.454869],[133.34663,35.455116],[133.346723,35.455459],[133.346793,35.455691],[133.346863,35.455938],[133.346933,35.456173],[133.34716,35.456938],[133.347328,35.457503],[133.347651,35.458476],[133.346625,35.458479],[133.346555,35.458479],[133.34609,35.458529],[133.345663,35.458645],[133.344814,35.458875],[133.344661,35.458316],[133.344525,35.457873],[133.344483,35.457714],[133.344475,35.457689],[133.344396,35.45742],[133.344327,35.457189],[133.344127,35.456514],[133.344073,35.45633],[133.343551,35.454665],[133.343625,35.454646],[133.344117,35.454517],[133.34477,35.454346],[133.344807,35.45434],[133.346368,35.453923]]]},"properties":{"code":"31202113005","name":"新開五丁目","kihon1":"1130"}},
{"type":"Feature","geometry":{"type":"Polygon","coordinates":[[[133.343551,35.454665],[133.344073,35.45633],[133.344127,35.456514],[133.344327,35.457189],[133.344396,35.45742],[133.344475,35.457689],[133.344483,35.457714],[133.344525,35.457873],[133.344661,35.458316],[133.344814,35.458875],[133.344311,35.458958],[133.344112,35.45899],[133.343361,35.45911],[133.342861,35.459226],[133.342855,35.459227],[133.341781,35.459476],[133.341776,35.459477],[133.341608,35.45908],[133.34143,35.458659],[133.34109,35.457858],[133.340824,35.45723],[133.340684,35.456884],[133.340218,35.455498],[133.340643,35.455385],[133.341768,35.455104],[133.342235,35.454987],[133.342871,35.454832],[133.343484,35.454682],[133.343551,35.454665]]]},"properties":{"code":"31202113006","name":"新開六丁目","kihon1":"1130"}},
{"type":"Feature","geometry":{"type":"Polygon","coordinates":[[[133.340218,35.455498],[133.340684,35.456884],[133.340824,35.45723],[133.34109,35.457858],[133.34143,35.458659],[133.341608,35.45908],[133.341776,35.459477],[133.340874,35.459694],[133.340642,35.45975],[133.340459,35.459794],[133.340178,35.459858],[133.340149,35.459864],[133.340139,35.459867],[133.339912,35.45992],[133.339892,35.459925],[133.339757,35.459959],[133.339744,35.459963],[133.33972,35.459969],[133.33971,35.459971],[133.338703,35.460217],[133.338514,35.460261],[133.33851,35.460258],[133.33846,35.460223],[133.338251,35.46006],[133.33815,35.459971],[133.338093,35.459908],[133.338022,35.459828],[133.337926,35.459706],[133.337813,35.459539],[133.337699,35.45933],[133.33763,35.459188],[133.337564,35.459051],[133.337482,35.45893],[133.337412,35.458841],[133.336848,35.45805],[133.336847,35.458048],[133.336515,35.457583],[133.336229,35.457182],[133.336193,35.457131],[133.336143,35.457059],[133.336111,35.457002],[133.336085,35.456958],[133.336067,35.456914],[133.335983,35.456586],[133.33633,35.456494],[133.337548,35.456176],[133.337896,35.456085],[133.338414,35.455948],[133.339347,35.455715],[133.340211,35.4555],[133.340218,35.455498]]]},"properties":{"code":"31202113007","name":"新開七丁目","kihon1":"1130"}},
{"type":"Feature","geometry":{"type":"Polygon","coordinates":[[[133.39874,35.43279],[133.398284,35.432752],[133.397759,35.432808],[133.39762,35.43283],[133.397516,35.432989],[133.397472,35.433052],[133.397472,35.433091],[133.397536,35.433166],[133.397606,35.433274],[133.397633,35.433395],[133.397615,35.433502],[133.397595,35.433609],[133.397392,35.433827],[133.397217,35.433729],[133.397129,35.433677],[133.396901,35.433534],[133.396706,35.433427],[133.396471,35.433272],[133.396316,35.433175],[133.396041,35.432999],[133.393069,35.431352],[133.392737,35.431743],[133.39271,35.430688],[133.392702,35.430565],[133.3927,35.430442],[133.393002,35.430084],[133.393291,35.429583],[133.393841,35.428467],[133.395354,35.425263],[133.395442,35.425243],[133.395765,35.425148],[133.396168,35.425333],[133.396291,35.425518],[133.396361,35.425464],[133.397034,35.42495],[133.397615,35.425181],[133.398177,35.425353],[133.398211,35.42599],[133.398927,35.425996],[133.399913,35.425991],[133.400443,35.425986],[133.400651,35.425992],[133.400693,35.425819],[133.400749,35.425765],[133.400874,35.425756],[133.400851,35.425973],[133.400716,35.426629],[133.4007,35.426689],[133.400699,35.426704],[133.400562,35.427206],[133.40053,35.427282],[133.400524,35.4273],[133.400512,35.427323],[133.400441,35.427492],[133.400152,35.428028],[133.39984,35.428363],[133.399683,35.428629],[133.399521,35.428999],[133.399343,35.429402],[133.399165,35.429729],[133.39915,35.429768],[133.399068,35.429986],[133.398952,35.430332],[133.398811,35.430958],[133.398749,35.432366],[133.398752,35.432635],[133.398753,35.432745],[133.39874,35.43279]]]},"properties":{"code":"312021140","name":"流通町","kihon1":"1140"}},
{"type":"Feature","geometry":{"type":"Polygon","coordinates":[[[133.361158,35.429251],[133.359956,35.429449],[133.359935,35.429452],[133.358821,35.429641],[133.357887,35.429802],[133.357807,35.429815],[133.356425,35.430047],[133.356339,35.430062],[133.356302,35.429439],[133.356305,35.429436],[133.356242,35.428496],[133.356244,35.428493],[133.356227,35.428292],[133.356196,35.42769],[133.356379,35.427617],[133.356285,35.426897],[133.356217,35.426376],[133.356177,35.426067],[133.356159,35.425904],[133.357029,35.425986],[133.357107,35.425991],[133.35835,35.426121],[133.358559,35.426173],[133.358853,35.426237],[133.359021,35.426289],[133.359139,35.426333],[133.359253,35.426374],[133.359341,35.426418],[133.359521,35.426502],[133.359553,35.426521],[133.359801,35.42667],[133.359881,35.426718],[133.359978,35.426776],[133.360143,35.426876],[133.360295,35.427017],[133.360489,35.427208],[133.360712,35.427496],[133.360877,35.427797],[133.36093,35.427895],[133.361074,35.428287],[133.361237,35.428914],[133.361148,35.428927],[133.360247,35.429095],[133.360258,35.42915],[133.360982,35.429022],[133.361028,35.429205],[133.36114,35.429187],[133.361158,35.429251]]]},"properties":{"code":"31202115001","name":"車尾南一丁目","kihon1":"1150"}},
{"type":"Feature","geometry":{"type":"Polygon","coordinates":[[[133.36132,35.429224],[133.361235,35.429239],[133.361158,35.429251],[133.36114,35.429187],[133.361028,35.429205],[133.360982,35.429022],[133.360258,35.42915],[133.360247,35.429095],[133.361148,35.428927],[133.361237,35.428914],[133.361074,35.428287],[133.36093,35.427895],[133.360877,35.427797],[133.360712,35.427496],[133.360489,35.427208],[133.360295,35.427017],[133.360432,35.426695],[133.361445,35.426482],[133.362037,35.426357],[133.362296,35.426303],[133.36264,35.426231],[133.362657,35.425499],[133.36264,35.425207],[133.362641,35.425207],[133.363122,35.424819],[133.363586,35.424445],[133.363555,35.423299],[133.363558,35.423297],[133.366317,35.423105],[133.366206,35.424742],[133.366191,35.425024],[133.366139,35.425598],[133.366075,35.42681],[133.366069,35.427239],[133.366053,35.427685],[133.366071,35.428014],[133.366129,35.428378],[133.366128,35.428377],[133.362855,35.42895],[133.362586,35.428997],[133.362159,35.429074],[133.36132,35.429224]]]},"properties":{"code":"31202115002","name":"車尾南二丁目","kihon1":"1150"}},
{"type":"Feature","geometry":{"type":"Polygon","coordinates":[[[133.358723,35.423436],[133.358659,35.423936],[133.358626,35.424194],[133.358599,35.424366],[133.358531,35.424803],[133.358474,35.425168],[133.358461,35.425266],[133.35846,35.425272],[133.358402,35.425729],[133.35835,35.426121],[133.357107,35.425991],[133.357029,35.425986],[133.356159,35.425904],[133.354466,35.425728],[133.354333,35.425717],[133.354173,35.425703],[133.354182,35.425583],[133.354183,35.425536],[133.354191,35.425507],[133.354207,35.425458],[133.354244,35.425385],[133.354286,35.425331],[133.354325,35.425287],[133.354361,35.425247],[133.354411,35.425207],[133.354504,35.425134],[133.35459,35.42507],[133.35472,35.424972],[133.354798,35.424905],[133.354855,35.424852],[133.354892,35.4248],[133.354934,35.42476],[133.354968,35.4247],[133.355021,35.424614],[133.355065,35.424536],[133.355136,35.424412],[133.355173,35.424353],[133.355199,35.42432],[133.355225,35.424288],[133.355264,35.424259],[133.355311,35.424232],[133.355371,35.424203],[133.355409,35.424189],[133.355448,35.424179],[133.355544,35.42416],[133.355603,35.424142],[133.355776,35.424101],[133.355941,35.42406],[133.356055,35.42403],[133.356102,35.424013],[133.356128,35.423963],[133.356152,35.42391],[133.356155,35.423855],[133.356151,35.42375],[133.356135,35.423571],[133.356134,35.423569],[133.356177,35.423569],[133.356442,35.423553],[133.356469,35.423551],[133.356957,35.423526],[133.357624,35.423492],[133.358723,35.423436]]]},"properties":{"code":"31202116001","name":"観音寺新町一丁目","kihon1":"1160"}},
{"type":"Feature","geometry":{"type":"Polygon","coordinates":[[[133.360552,35.421394],[133.360553,35.421394],[133.360574,35.421871],[133.360575,35.422225],[133.360584,35.422874],[133.360584,35.422901],[133.360584,35.423349],[133.358723,35.423436],[133.357624,35.423492],[133.356957,35.423526],[133.356469,35.423551],[133.356442,35.423553],[133.356177,35.423569],[133.356174,35.422959],[133.356241,35.422852],[133.356405,35.422647],[133.356503,35.422474],[133.356641,35.422294],[133.356947,35.421978],[133.357146,35.421778],[133.357345,35.421618],[133.357492,35.421574],[133.35757,35.42157],[133.359027,35.421502],[133.359929,35.421438],[133.360552,35.421394]]]},"properties":{"code":"31202116002","name":"観音寺新町二丁目","kihon1":"1160"}},
{"type":"Feature","geometry":{"type":"Polygon","coordinates":[[[133.360584,35.423349],[133.360597,35.423853],[133.360597,35.423854],[133.360605,35.424168],[133.36063,35.425234],[133.360633,35.425377],[133.36064,35.425536],[133.360624,35.425771],[133.360596,35.4259],[133.360555,35.426023],[133.360546,35.426052],[133.360437,35.426257],[133.360375,35.426343],[133.360258,35.426461],[133.360094,35.426579],[133.359929,35.426675],[133.359881,35.426718],[133.359801,35.42667],[133.359553,35.426521],[133.359521,35.426502],[133.359341,35.426418],[133.359253,35.426374],[133.359139,35.426333],[133.359021,35.426289],[133.358853,35.426237],[133.358559,35.426173],[133.35835,35.426121],[133.358402,35.425729],[133.35846,35.425272],[133.358461,35.425266],[133.358474,35.425168],[133.358531,35.424803],[133.358599,35.424366],[133.358626,35.424194],[133.358659,35.423936],[133.358723,35.423436],[133.360584,35.423349]]]},"properties":{"code":"31202116003","name":"観音寺新町三丁目","kihon1":"1160"}},
{"type":"Feature","geometry":{"type":"Polygon","coordinates":[[[133.360584,35.423349],[133.360698,35.423343],[133.361337,35.42332],[133.361765,35.423304],[133.36228,35.423297],[133.362493,35.424026],[133.362601,35.424392],[133.362612,35.42474],[133.362613,35.424754],[133.36264,35.425207],[133.362657,35.425499],[133.36264,35.426231],[133.362296,35.426303],[133.362037,35.426357],[133.361445,35.426482],[133.360432,35.426695],[133.360295,35.427017],[133.360143,35.426876],[133.359978,35.426776],[133.359881,35.426718],[133.359929,35.426675],[133.360094,35.426579],[133.360258,35.426461],[133.360375,35.426343],[133.360437,35.426257],[133.360546,35.426052],[133.360555,35.426023],[133.360596,35.4259],[133.360624,35.425771],[133.36064,35.425536],[133.360633,35.425377],[133.36063,35.425234],[133.360605,35.424168],[133.360597,35.423854],[133.360597,35.423853],[133.360584,35.423349]]]},"properties":{"code":"31202116004","name":"観音寺新町四丁目","kihon1":"1160"}},
{"type":"Feature","geometry":{"type":"Polygon","coordinates":[[[133.363558,35.423297],[133.363555,35.423299],[133.363586,35.424445],[133.363122,35.424819],[133.362641,35.425207],[133.36264,35.425207],[133.362613,35.424754],[133.362612,35.42474],[133.362601,35.424392],[133.362493,35.424026],[133.36228,35.423297],[133.361765,35.423304],[133.361337,35.42332],[133.360698,35.423343],[133.360584,35.423349],[133.360584,35.422901],[133.360584,35.422874],[133.360575,35.422225],[133.360574,35.421871],[133.360553,35.421394],[133.360552,35.421394],[133.360643,35.421387],[133.360986,35.42138],[133.361136,35.421387],[133.361473,35.421404],[133.361666,35.421429],[133.361769,35.42147],[133.361892,35.421591],[133.361975,35.421708],[133.362063,35.421793],[133.362135,35.421862],[133.362253,35.421919],[133.362433,35.421951],[133.36257,35.421932],[133.362739,35.421892],[133.363503,35.421633],[133.363517,35.422062],[133.363555,35.4232],[133.363558,35.423297]]]},"properties":{"code":"31202116005","name":"観音寺新町五丁目","kihon1":"1160"}},
{"type":"Feature","geometry":{"type":"Polygon","coordinates":[[[133.426278,35.454687],[133.426502,35.454826],[133.427396,35.455424],[133.42754,35.455525],[133.427609,35.45554],[133.427471,35.45566],[133.4273,35.456034],[133.427266,35.456267],[133.427301,35.456536],[133.427291,35.456829],[133.427263,35.457082],[133.4272,35.457203],[133.427039,35.457416],[133.426771,35.457561],[133.42655,35.45765],[133.426413,35.457729],[133.426303,35.457785],[133.425748,35.458069],[133.423905,35.45918],[133.423825,35.459139],[133.423804,35.459026],[133.423751,35.458957],[133.423598,35.458952],[133.423548,35.458879],[133.423091,35.458602],[133.422809,35.458482],[133.422569,35.458408],[133.421794,35.4583],[133.422335,35.457716],[133.422891,35.457161],[133.42497,35.455708],[133.425063,35.455655],[133.425133,35.455616],[133.42522,35.455558],[133.42542,35.455412],[133.425673,35.455224],[133.425785,35.455324],[133.426278,35.454687]]]},"properties":{"code":"31202117001","name":"淀江町西原九区","kihon1":"1170"}},
{"type":"Feature","geometry":{"type":"Polygon","coordinates":[[[133.426278,35.454687],[133.425785,35.455324],[133.425673,35.455224],[133.42542,35.455412],[133.42522,35.455558],[133.425133,35.455616],[133.425063,35.455655],[133.42497,35.455708],[133.422891,35.457161],[133.422335,35.457716],[133.421794,35.4583],[133.421577,35.458238],[133.421383,35.458153],[133.420797,35.457791],[133.420571,35.457694],[133.420386,35.457632],[133.420038,35.457565],[133.419718,35.457524],[133.419365,35.457522],[133.41895,35.45731],[133.418525,35.45709],[133.417692,35.45681],[133.417505,35.456699],[133.417034,35.456456],[133.416841,35.456312],[133.417381,35.455223],[133.417647,35.454641],[133.418022,35.453823],[133.418132,35.453605],[133.418338,35.453222],[133.418956,35.453576],[133.419418,35.453811],[133.419526,35.453528],[133.419566,35.453424],[133.419905,35.452833],[133.420263,35.452968],[133.420493,35.452637],[133.420957,35.452856],[133.421177,35.452578],[133.421285,35.452635],[133.421328,35.452581],[133.42141,35.452625],[133.421635,35.45232],[133.421916,35.452493],[133.422212,35.452065],[133.422288,35.452102],[133.422841,35.452408],[133.423453,35.452793],[133.423995,35.453163],[133.424302,35.453353],[133.425029,35.45385],[133.425601,35.45423],[133.426278,35.454687]]]},"properties":{"code":"31202117002","name":"淀江町西原一〇区","kihon1":"1170"}},
{"type":"Feature","geometry":{"type":"Polygon","coordinates":[[[133.416841,35.456312],[133.41547,35.455906],[133.413428,35.455303],[133.413139,35.455321],[133.412694,35.455321],[133.412614,35.455291],[133.412053,35.454942],[133.411905,35.454813],[133.411827,35.45467],[133.411536,35.454482],[133.411351,35.454287],[133.411237,35.454138],[133.411147,35.454117],[133.411117,35.454331],[133.411042,35.454427],[133.41082,35.454352],[133.410129,35.454215],[133.409994,35.454405],[133.409844,35.454752],[133.409788,35.454808],[133.409736,35.454788],[133.40974,35.454725],[133.409815,35.454589],[133.409774,35.45448],[133.409641,35.454283],[133.409527,35.454182],[133.409353,35.454112],[133.409086,35.454051],[133.409206,35.45361],[133.409294,35.4532],[133.409307,35.452659],[133.409405,35.451825],[133.409471,35.451496],[133.409551,35.450786],[133.409619,35.450503],[133.409668,35.450311],[133.409434,35.450229],[133.40911,35.450107],[133.409095,35.44971],[133.409135,35.449563],[133.409528,35.449207],[133.409204,35.448865],[133.409021,35.44864],[133.408869,35.448391],[133.408796,35.448233],[133.411022,35.446302],[133.413952,35.445387],[133.414137,35.445441],[133.414221,35.445408],[133.414346,35.445412],[133.41495,35.445451],[133.415298,35.445401],[133.415731,35.445313],[133.416336,35.445162],[133.416738,35.444982],[133.417141,35.444893],[133.417318,35.44487],[133.417564,35.44484],[133.417892,35.444808],[133.418131,35.444775],[133.418277,35.444763],[133.423625,35.448947],[133.423866,35.448828],[133.424089,35.448717],[133.424438,35.448606],[133.424677,35.448536],[133.424893,35.44847],[133.425064,35.448411],[133.425323,35.448371],[133.425584,35.448332],[133.425751,35.448338],[133.42601,35.448358],[133.426592,35.448437],[133.427645,35.448574],[133.428522,35.448577],[133.4291,35.448527],[133.429003,35.448835],[133.428988,35.448872],[133.428893,35.449064],[133.428772,35.449325],[133.428648,35.449575],[133.428265,35.450539],[133.428179,35.451086],[133.428117,35.452154],[133.427944,35.454336],[133.42788,35.45507],[133.427715,35.455399],[133.427609,35.45554],[133.42754,35.455525],[133.427396,35.455424],[133.426502,35.454826],[133.426278,35.454687],[133.425601,35.45423],[133.425029,35.45385],[133.424302,35.453353],[133.423995,35.453163],[133.423453,35.452793],[133.422841,35.452408],[133.422288,35.452102],[133.422212,35.452065],[133.421916,35.452493],[133.421635,35.45232],[133.42141,35.452625],[133.421328,35.452581],[133.421285,35.452635],[133.421177,35.452578],[133.420957,35.452856],[133.420493,35.452637],[133.420263,35.452968],[133.419905,35.452833],[133.419566,35.453424],[133.419526,35.453528],[133.419418,35.453811],[133.418956,35.453576],[133.418338,35.453222],[133.418132,35.453605],[133.418022,35.453823],[133.417647,35.454641],[133.417381,35.455223],[133.416841,35.456312]]]},"properties":{"code":"31202117003","name":"淀江町西原一一区","kihon1":"1170"}},
{"type":"Feature","geometry":{"type":"Polygon","coordinates":[[[133.434559,35.462639],[133.434209,35.462596],[133.433693,35.462531],[133.433328,35.462508],[133.432622,35.462528],[133.432269,35.462475],[133.431905,35.462381],[133.431584,35.462896],[133.431236,35.463572],[133.430371,35.463398],[133.430196,35.463529],[133.429681,35.463596],[133.429501,35.463645],[133.429253,35.463694],[133.42916,35.463693],[133.428864,35.463569],[133.428832,35.46363],[133.428541,35.463512],[133.428161,35.463336],[133.427944,35.463851],[133.427591,35.46392],[133.427253,35.464346],[133.427218,35.463972],[133.426365,35.46391],[133.426256,35.464198],[133.426188,35.464188],[133.426342,35.463748],[133.426058,35.463685],[133.426046,35.463629],[133.426663,35.463786],[133.426695,35.463705],[133.427654,35.463783],[133.427713,35.462937],[133.427059,35.461892],[133.427051,35.461838],[133.426604,35.461616],[133.426577,35.461653],[133.426173,35.461444],[133.42555,35.46192],[133.425748,35.462662],[133.425809,35.46295],[133.425691,35.46297],[133.425722,35.463113],[133.425697,35.463121],[133.425567,35.462623],[133.425445,35.462383],[133.425364,35.462246],[133.425409,35.461825],[133.425484,35.461607],[133.425522,35.461517],[133.426004,35.461145],[133.426111,35.461176],[133.426349,35.461143],[133.426497,35.461253],[133.426917,35.461464],[133.427028,35.461559],[133.427215,35.461845],[133.427743,35.461599],[133.42844,35.461467],[133.42862,35.461451],[133.428654,35.461446],[133.42886,35.461428],[133.429042,35.461434],[133.429167,35.461463],[133.429285,35.46151],[133.429434,35.461577],[133.429514,35.461594],[133.429776,35.46154],[133.429785,35.461836],[133.42985,35.46184],[133.430101,35.461888],[133.430239,35.461898],[133.430428,35.461914],[133.430601,35.46194],[133.430795,35.461963],[133.430681,35.461131],[133.432132,35.460904],[133.43233,35.46089],[133.432634,35.460892],[133.432825,35.460934],[133.433297,35.461394],[133.433514,35.461267],[133.433702,35.461159],[133.434888,35.462535],[133.434985,35.462693],[133.434559,35.462639]]]},"properties":{"code":"31202118001","name":"淀江町淀江一区","kihon1":"1180"}},
{"type":"Feature","geometry":{"type":"Polygon","coordinates":[[[133.430681,35.461131],[133.430795,35.461963],[133.430601,35.46194],[133.430428,35.461914],[133.430239,35.461898],[133.430101,35.461888],[133.42985,35.46184],[133.429785,35.461836],[133.429776,35.46154],[133.429514,35.461594],[133.429434,35.461577],[133.429285,35.46151],[133.429167,35.461463],[133.429042,35.461434],[133.42886,35.461428],[133.428654,35.461446],[133.42862,35.461451],[133.42844,35.461467],[133.427743,35.461599],[133.427215,35.461845],[133.427028,35.461559],[133.426917,35.461464],[133.426497,35.461253],[133.426349,35.461143],[133.427106,35.460919],[133.427301,35.460862],[133.427867,35.460733],[133.428197,35.460683],[133.428553,35.460653],[133.428737,35.460654],[133.429102,35.460661],[133.429242,35.460639],[133.429455,35.460629],[133.429552,35.460638],[133.429652,35.460659],[133.429829,35.460648],[133.429949,35.460632],[133.430062,35.460586],[133.430153,35.460513],[133.430222,35.460416],[133.430255,35.460324],[133.430364,35.460225],[133.430395,35.460315],[133.43052,35.4605],[133.430567,35.460557],[133.430618,35.46067],[133.430681,35.461131]]]},"properties":{"code":"31202118002","name":"淀江町淀江二区","kihon1":"1180"}},
{"type":"Feature","geometry":{"type":"Polygon","coordinates":[[[133.426349,35.461143],[133.426111,35.461176],[133.426004,35.461145],[133.426018,35.461038],[133.426011,35.460916],[133.425933,35.46075],[133.42582,35.460598],[133.426096,35.460444],[133.426295,35.46034],[133.426334,35.460387],[133.426457,35.460333],[133.426472,35.460351],[133.426759,35.460198],[133.426714,35.46014],[133.42682,35.460082],[133.427214,35.459923],[133.427344,35.459871],[133.427357,35.459892],[133.42777,35.459754],[133.427843,35.459752],[133.427982,35.460082],[133.428358,35.459993],[133.428836,35.459907],[133.428809,35.459837],[133.429127,35.459747],[133.429166,35.459866],[133.429186,35.460038],[133.429276,35.460037],[133.429332,35.460223],[133.429427,35.460203],[133.429473,35.460332],[133.429485,35.460418],[133.429435,35.460424],[133.429455,35.460629],[133.429242,35.460639],[133.429102,35.460661],[133.428737,35.460654],[133.428553,35.460653],[133.428197,35.460683],[133.427867,35.460733],[133.427301,35.460862],[133.427106,35.460919],[133.426349,35.461143]]]},"properties":{"code":"31202118003","name":"淀江町淀江三区","kihon1":"1180"}},
{"type":"Feature","geometry":{"type":"Polygon","coordinates":[[[133.433702,35.461159],[133.433514,35.461267],[133.433297,35.461394],[133.432825,35.460934],[133.432634,35.460892],[133.43233,35.46089],[133.432132,35.460904],[133.430681,35.461131],[133.430618,35.46067],[133.430567,35.460557],[133.43052,35.4605],[133.430395,35.460315],[133.430364,35.460225],[133.430255,35.460324],[133.430222,35.460416],[133.430153,35.460513],[133.430062,35.460586],[133.429949,35.460632],[133.429829,35.460648],[133.429652,35.460659],[133.429552,35.460638],[133.429455,35.460629],[133.429435,35.460424],[133.429485,35.460418],[133.429473,35.460332],[133.429427,35.460203],[133.429332,35.460223],[133.429276,35.460037],[133.429186,35.460038],[133.429166,35.459866],[133.429127,35.459747],[133.428809,35.459837],[133.428836,35.459907],[133.428358,35.459993],[133.427982,35.460082],[133.427843,35.459752],[133.428104,35.459687],[133.428093,35.459627],[133.428174,35.459603],[133.428134,35.459487],[133.428198,35.459477],[133.428587,35.459373],[133.428681,35.459352],[133.42911,35.459275],[133.429127,35.459347],[133.429462,35.459286],[133.429667,35.459277],[133.42967,35.459092],[133.430165,35.459055],[133.4302,35.459243],[133.431242,35.459149],[133.431224,35.458501],[133.43159,35.458581],[133.431967,35.458629],[133.432242,35.458615],[133.432697,35.458593],[133.433434,35.458573],[133.434728,35.458587],[133.43471,35.459629],[133.43471,35.459631],[133.434622,35.459628],[133.43422,35.459623],[133.434877,35.460225],[133.434887,35.460236],[133.435275,35.460623],[133.435176,35.460617],[133.43504,35.46053],[133.434997,35.460533],[133.434836,35.460544],[133.434513,35.460638],[133.434295,35.460758],[133.434282,35.460808],[133.433702,35.461159]]]},"properties":{"code":"31202118004","name":"淀江町淀江四区","kihon1":"1180"}},
{"type":"Feature","geometry":{"type":"Polygon","coordinates":[[[133.427843,35.459752],[133.42777,35.459754],[133.427357,35.459892],[133.427344,35.459871],[133.427214,35.459923],[133.42682,35.460082],[133.426714,35.46014],[133.426759,35.460198],[133.426472,35.460351],[133.426457,35.460333],[133.426334,35.460387],[133.426295,35.46034],[133.426096,35.460444],[133.42582,35.460598],[133.425351,35.460099],[133.425144,35.460003],[133.425785,35.459673],[133.425897,35.45982],[133.426226,35.459661],[133.426595,35.459479],[133.426676,35.459441],[133.426782,35.459603],[133.427076,35.459476],[133.427012,35.459384],[133.427198,35.459298],[133.427148,35.459228],[133.427284,35.459174],[133.427292,35.45915],[133.427347,35.459126],[133.427513,35.459064],[133.427446,35.45892],[133.427662,35.458843],[133.427899,35.458767],[133.42828,35.458667],[133.429223,35.458602],[133.429806,35.458551],[133.43014,35.458523],[133.430925,35.458476],[133.431224,35.458501],[133.431242,35.459149],[133.4302,35.459243],[133.430165,35.459055],[133.42967,35.459092],[133.429667,35.459277],[133.429462,35.459286],[133.429127,35.459347],[133.42911,35.459275],[133.428681,35.459352],[133.428587,35.459373],[133.428198,35.459477],[133.428134,35.459487],[133.428174,35.459603],[133.428093,35.459627],[133.428104,35.459687],[133.427843,35.459752]]]},"properties":{"code":"31202118005","name":"淀江町淀江五区","kihon1":"1180"}},
{"type":"Feature","geometry":{"type":"Polygon","coordinates":[[[133.431224,35.458501],[133.430925,35.458476],[133.43014,35.458523],[133.429806,35.458551],[133.429223,35.458602],[133.42828,35.458667],[133.427899,35.458767],[133.427662,35.458843],[133.427609,35.458729],[133.427686,35.458685],[133.427666,35.458651],[133.42763,35.458662],[133.427579,35.458548],[133.42772,35.458511],[133.427648,35.458297],[133.42755,35.458309],[133.427483,35.458115],[133.427362,35.457861],[133.427352,35.45776],[133.42738,35.457613],[133.427388,35.457539],[133.42753,35.457547],[133.427503,35.457778],[133.427622,35.457771],[133.427652,35.457758],[133.427847,35.457753],[133.427899,35.457739],[133.428079,35.457719],[133.428153,35.45802],[133.428258,35.458004],[133.428258,35.457978],[133.428356,35.457971],[133.428483,35.457963],[133.42848,35.457883],[133.428495,35.457867],[133.42849,35.457821],[133.428447,35.457814],[133.42844,35.457768],[133.428495,35.457758],[133.428472,35.457607],[133.428814,35.457555],[133.428766,35.457362],[133.429003,35.45737],[133.429194,35.45703],[133.429457,35.456742],[133.430521,35.45747],[133.431364,35.458048],[133.431647,35.458227],[133.432242,35.458615],[133.431967,35.458629],[133.43159,35.458581],[133.431224,35.458501]]]},"properties":{"code":"31202118006","name":"淀江町淀江六区","kihon1":"1180"}},
{"type":"Feature","geometry":{"type":"Polygon","coordinates":[[[133.425144,35.460003],[133.424949,35.459911],[133.424773,35.459789],[133.424219,35.459335],[133.424015,35.459221],[133.423905,35.45918],[133.425748,35.458069],[133.426303,35.457785],[133.426413,35.457729],[133.42655,35.45765],[133.426771,35.457561],[133.4269,35.45776],[133.427233,35.457626],[133.42738,35.457613],[133.427352,35.45776],[133.427362,35.457861],[133.427483,35.458115],[133.42755,35.458309],[133.427648,35.458297],[133.42772,35.458511],[133.427579,35.458548],[133.42763,35.458662],[133.427666,35.458651],[133.427686,35.458685],[133.427609,35.458729],[133.427662,35.458843],[133.427446,35.45892],[133.427513,35.459064],[133.427347,35.459126],[133.427292,35.45915],[133.427284,35.459174],[133.427148,35.459228],[133.427198,35.459298],[133.427012,35.459384],[133.427076,35.459476],[133.426782,35.459603],[133.426676,35.459441],[133.426595,35.459479],[133.426226,35.459661],[133.425897,35.45982],[133.425785,35.459673],[133.425144,35.460003]]]},"properties":{"code":"31202118007","name":"淀江町淀江七区","kihon1":"1180"}},
{"type":"Feature","geometry":{"type":"Polygon","coordinates":[[[133.434728,35.458587],[133.433434,35.458573],[133.432697,35.458593],[133.432242,35.458615],[133.431647,35.458227],[133.431364,35.458048],[133.430521,35.45747],[133.429457,35.456742],[133.429194,35.45703],[133.429003,35.45737],[133.428766,35.457362],[133.428814,35.457555],[133.428472,35.457607],[133.428495,35.457758],[133.42844,35.457768],[133.428447,35.457814],[133.42849,35.457821],[133.428495,35.457867],[133.42848,35.457883],[133.428483,35.457963],[133.428356,35.457971],[133.428258,35.457978],[133.428258,35.458004],[133.428153,35.45802],[133.428079,35.457719],[133.427899,35.457739],[133.427847,35.457753],[133.427652,35.457758],[133.427622,35.457771],[133.427503,35.457778],[133.42753,35.457547],[133.427388,35.457539],[133.42738,35.457613],[133.427233,35.457626],[133.4269,35.45776],[133.426771,35.457561],[133.427039,35.457416],[133.4272,35.457203],[133.427263,35.457082],[133.427291,35.456829],[133.427301,35.456536],[133.427266,35.456267],[133.4273,35.456034],[133.427471,35.45566],[133.427609,35.45554],[133.427715,35.455399],[133.42788,35.45507],[133.427944,35.454336],[133.428117,35.452154],[133.428179,35.451086],[133.428265,35.450539],[133.428648,35.449575],[133.428772,35.449325],[133.428893,35.449064],[133.428988,35.448872],[133.429003,35.448835],[133.429373,35.448696],[133.430527,35.448723],[133.431637,35.448735],[133.431771,35.448685],[133.433499,35.448691],[133.433775,35.448576],[133.434021,35.448396],[133.434789,35.447218],[133.434956,35.446993],[133.435016,35.4484],[133.434992,35.448582],[133.434888,35.449155],[133.434815,35.450154],[133.434737,35.451174],[133.434675,35.452246],[133.434694,35.452617],[133.434734,35.453431],[133.434811,35.454463],[133.434829,35.45527],[133.434829,35.455677],[133.434818,35.456629],[133.434801,35.457641],[133.434824,35.458482],[133.434728,35.458587]]]},"properties":{"code":"31202118008","name":"淀江町淀江八区","kihon1":"1180"}},
{"type":"Feature","geometry":{"type":"Polygon","coordinates":[[[133.434559,35.462639],[133.434603,35.463141],[133.43467,35.464322],[133.434607,35.465553],[133.434587,35.466262],[133.434517,35.468019],[133.434517,35.46807],[133.434515,35.468201],[133.434499,35.468576],[133.433372,35.468517],[133.433249,35.468486],[133.432722,35.468512],[133.432053,35.468543],[133.432129,35.469552],[133.429198,35.469717],[133.429174,35.469614],[133.429127,35.469413],[133.428879,35.468874],[133.428733,35.468579],[133.428699,35.468862],[133.428723,35.468944],[133.428784,35.469025],[133.428777,35.469157],[133.428731,35.469329],[133.428686,35.46949],[133.428605,35.46953],[133.428544,35.469505],[133.428465,35.469342],[133.428404,35.469215],[133.428399,35.469098],[133.428488,35.468901],[133.4285,35.46841],[133.428446,35.468258],[133.428329,35.46816],[133.428324,35.468089],[133.42838,35.468059],[133.428732,35.468199],[133.42888,35.467678],[133.428922,35.467253],[133.42883,35.467141],[133.428658,35.467069],[133.428653,35.466901],[133.428604,35.46686],[133.428587,35.466744],[133.428607,35.466627],[133.428596,35.466465],[133.428641,35.466393],[133.42858,35.466242],[133.428624,35.466172],[133.42854,35.466008],[133.428189,35.465245],[133.427289,35.465103],[133.427253,35.464346],[133.427591,35.46392],[133.427944,35.463851],[133.428161,35.463336],[133.428541,35.463512],[133.428832,35.46363],[133.428864,35.463569],[133.42916,35.463693],[133.429253,35.463694],[133.429501,35.463645],[133.429681,35.463596],[133.430196,35.463529],[133.430371,35.463398],[133.431236,35.463572],[133.431584,35.462896],[133.431905,35.462381],[133.432269,35.462475],[133.432622,35.462528],[133.433328,35.462508],[133.433693,35.462531],[133.434209,35.462596],[133.434559,35.462639]]]},"properties":{"code":"312021190","name":"淀江町今津","kihon1":"1190"}},
{"type":"Feature","geometry":{"type":"Polygon","coordinates":[[[133.418277,35.444763],[133.418131,35.444775],[133.417892,35.444808],[133.417564,35.44484],[133.417318,35.44487],[133.417141,35.444893],[133.416738,35.444982],[133.416336,35.445162],[133.416386,35.444941],[133.416554,35.444434],[133.416657,35.44411],[133.416775,35.443868],[133.416909,35.443673],[133.417077,35.443451],[133.417153,35.443351],[133.417146,35.443249],[133.417097,35.443141],[133.41687,35.442808],[133.416354,35.442295],[133.4168,35.442155],[133.418563,35.441591],[133.422176,35.440174],[133.422464,35.440131],[133.42376,35.439297],[133.424388,35.43883],[133.425364,35.437203],[133.426259,35.435389],[133.426597,35.435523],[133.426605,35.436337],[133.426679,35.437455],[133.426676,35.43952],[133.426693,35.44098],[133.426667,35.441454],[133.425961,35.44142],[133.42554,35.441403],[133.422677,35.441386],[133.420562,35.444669],[133.419157,35.444649],[133.418277,35.444763]]]},"properties":{"code":"312021200","name":"淀江町福頼","kihon1":"1200"}},
{"type":"Feature","geometry":{"type":"Polygon","coordinates":[[[133.426259,35.435389],[133.425364,35.437203],[133.424388,35.43883],[133.42376,35.439297],[133.422464,35.440131],[133.422176,35.440174],[133.418563,35.441591],[133.4168,35.442155],[133.416354,35.442295],[133.416322,35.442263],[133.415996,35.44195],[133.415714,35.44162],[133.415196,35.440718],[133.414962,35.440189],[133.414777,35.439769],[133.4136,35.440342],[133.413336,35.440482],[133.413473,35.440091],[133.414015,35.439203],[133.414503,35.43895],[133.414536,35.438601],[133.414751,35.438509],[133.416339,35.438502],[133.416626,35.438663],[133.41673,35.438892],[133.416997,35.439019],[133.417559,35.439039],[133.417861,35.43918],[133.418167,35.439214],[133.419453,35.438811],[133.420012,35.43879],[133.420651,35.438574],[133.421501,35.43818],[133.423203,35.43686],[133.423383,35.435323],[133.423527,35.433893],[133.423607,35.432621],[133.425022,35.434322],[133.425876,35.435194],[133.426259,35.435389]]]},"properties":{"code":"312021210","name":"淀江町平岡","kihon1":"1210"}},
{"type":"Feature","geometry":{"type":"Polygon","coordinates":[[[133.429003,35.448835],[133.4291,35.448527],[133.428522,35.448577],[133.427645,35.448574],[133.426592,35.448437],[133.42601,35.448358],[133.425751,35.448338],[133.425584,35.448332],[133.425323,35.448371],[133.425064,35.448411],[133.424893,35.44847],[133.424677,35.448536],[133.424438,35.448606],[133.424089,35.448717],[133.423866,35.448828],[133.423625,35.448947],[133.418277,35.444763],[133.419157,35.444649],[133.420562,35.444669],[133.422677,35.441386],[133.42554,35.441403],[133.425961,35.44142],[133.426667,35.441454],[133.426693,35.44098],[133.428163,35.441667],[133.430025,35.442449],[133.431397,35.443026],[133.432417,35.443639],[133.434926,35.44589],[133.434938,35.446634],[133.434956,35.446993],[133.434789,35.447218],[133.434021,35.448396],[133.433775,35.448576],[133.433499,35.448691],[133.431771,35.448685],[133.431637,35.448735],[133.430527,35.448723],[133.429373,35.448696],[133.429003,35.448835]]]},"properties":{"code":"312021220","name":"淀江町福井","kihon1":"1220"}},
{"type":"Feature","geometry":{"type":"Polygon","coordinates":[[[133.455548,35.455592],[133.455113,35.456429],[133.455105,35.456502],[133.45508,35.456701],[133.455181,35.457269],[133.455266,35.457607],[133.455366,35.458009],[133.455307,35.458229],[133.455263,35.458635],[133.45526,35.458842],[133.455337,35.459142],[133.455423,35.459233],[133.455575,35.459348],[133.455614,35.45967],[133.455601,35.459984],[133.455582,35.460155],[133.455509,35.460441],[133.455308,35.460606],[133.455224,35.460666],[133.455063,35.460784],[133.454654,35.460988],[133.454396,35.461158],[133.4541,35.461373],[133.453913,35.461418],[133.453665,35.461531],[133.453464,35.461658],[133.453074,35.462023],[133.452838,35.461953],[133.45173,35.461866],[133.451306,35.461861],[133.450964,35.461858],[133.449929,35.461774],[133.449851,35.461913],[133.449732,35.462127],[133.449024,35.461903],[133.448515,35.461586],[133.448266,35.461459],[133.447978,35.46134],[133.447626,35.461223],[133.447361,35.461179],[133.447161,35.461146],[133.446764,35.461162],[133.446736,35.461162],[133.446225,35.461158],[133.445838,35.461196],[133.445308,35.461203],[133.445089,35.461235],[133.445058,35.461239],[133.444884,35.46129],[133.444757,35.461365],[133.444566,35.461435],[133.444415,35.461512],[133.444115,35.461813],[133.443763,35.4621],[133.443457,35.46235],[133.442853,35.462387],[133.442022,35.462585],[133.441828,35.462592],[133.441744,35.462588],[133.441639,35.462582],[133.441674,35.462403],[133.441786,35.462229],[133.441783,35.461472],[133.441783,35.459966],[133.441722,35.459783],[133.441509,35.459722],[133.438183,35.459681],[133.43471,35.459631],[133.43471,35.459629],[133.434728,35.458587],[133.434824,35.458482],[133.434801,35.457641],[133.434818,35.456629],[133.434829,35.455677],[133.434829,35.45527],[133.443542,35.455444],[133.450763,35.455613],[133.455027,35.455595],[133.455548,35.455592]]]},"properties":{"code":"31202123001","name":"淀江町福岡北尾","kihon1":"1230"}},
{"type":"Feature","geometry":{"type":"Polygon","coordinates":[[[133.455548,35.455592],[133.455027,35.455595],[133.450763,35.455613],[133.443542,35.455444],[133.434829,35.45527],[133.434811,35.454463],[133.434734,35.453431],[133.434694,35.452617],[133.434675,35.452246],[133.434737,35.451174],[133.434815,35.450154],[133.434888,35.449155],[133.434992,35.448582],[133.435016,35.4484],[133.434956,35.446993],[133.435407,35.446647],[133.444023,35.446745],[133.444372,35.445668],[133.445077,35.445398],[133.445416,35.445136],[133.44574,35.445081],[133.44628,35.445682],[133.446615,35.445892],[133.447444,35.44584],[133.447933,35.445982],[133.448776,35.44593],[133.44945,35.445889],[133.449617,35.446051],[133.449865,35.446421],[133.449876,35.446731],[133.450331,35.447435],[133.456249,35.447891],[133.458255,35.447998],[133.458285,35.4491],[133.458628,35.449849],[133.458876,35.450253],[133.459012,35.450622],[133.458883,35.450873],[133.459047,35.451345],[133.459099,35.451667],[133.458475,35.451972],[133.4577,35.452599],[133.457273,35.453113],[133.456982,35.454087],[133.456484,35.454703],[133.455958,35.455251],[133.455548,35.455592]]]},"properties":{"code":"31202123002","name":"淀江町福岡上淀","kihon1":"1230"}},
{"type":"Feature","geometry":{"type":"Polygon","coordinates":[[[133.468767,35.422628],[133.468777,35.422713],[133.469027,35.422763],[133.469271,35.42281],[133.469592,35.422772],[133.469842,35.422809],[133.470027,35.422897],[133.470384,35.423013],[133.470578,35.423157],[133.470756,35.423279],[133.470912,35.4234],[133.471043,35.423437],[133.471195,35.423389],[133.471364,35.423377],[133.471601,35.423636],[133.471718,35.423873],[133.471901,35.424174],[133.472038,35.424401],[133.472669,35.424979],[133.472863,35.42515],[133.474285,35.425935],[133.475547,35.426874],[133.476605,35.42762],[133.476931,35.427649],[133.477029,35.427695],[133.477884,35.428354],[133.479256,35.429433],[133.479267,35.429442],[133.479151,35.430193],[133.47903,35.431354],[133.478944,35.43171],[133.478988,35.432182],[133.479253,35.432816],[133.479857,35.433893],[133.47993,35.434053],[133.480229,35.434706],[133.480292,35.434973],[133.480343,35.435187],[133.480409,35.435686],[133.480515,35.436608],[133.480558,35.436987],[133.480305,35.437052],[133.480236,35.43707],[133.480157,35.43718],[133.480132,35.437216],[133.480066,35.437273],[133.479836,35.437361],[133.479793,35.43738],[133.479711,35.437418],[133.479697,35.437433],[133.479611,35.437528],[133.479457,35.437565],[133.479403,35.437594],[133.479311,35.437731],[133.479275,35.437971],[133.479157,35.438158],[133.478497,35.438312],[133.47812,35.438626],[133.477589,35.438833],[133.47733,35.438968],[133.477098,35.439009],[133.47685,35.439239],[133.476657,35.439227],[133.476009,35.439497],[133.475839,35.43955],[133.475375,35.439693],[133.475292,35.439729],[133.474844,35.439921],[133.474716,35.439932],[133.474018,35.439989],[133.471658,35.440079],[133.471219,35.440096],[133.471022,35.440453],[133.470981,35.440498],[133.470605,35.440904],[133.470085,35.44127],[133.469902,35.441543],[133.469471,35.441858],[133.466303,35.443805],[133.466075,35.444225],[133.466002,35.444508],[133.465824,35.445194],[133.465507,35.445938],[133.464755,35.447072],[133.464409,35.447316],[133.464184,35.447476],[133.463388,35.447741],[133.461145,35.448053],[133.460373,35.448093],[133.458421,35.448005],[133.458255,35.447998],[133.456249,35.447891],[133.450331,35.447435],[133.449876,35.446731],[133.449865,35.446421],[133.449617,35.446051],[133.44945,35.445889],[133.448776,35.44593],[133.447933,35.445982],[133.447444,35.44584],[133.446615,35.445892],[133.44628,35.445682],[133.44574,35.445081],[133.445416,35.445136],[133.445077,35.445398],[133.444372,35.445668],[133.444023,35.446745],[133.435407,35.446647],[133.434956,35.446993],[133.434938,35.446634],[133.434926,35.44589],[133.434859,35.443732],[133.434854,35.442438],[133.434885,35.440625],[133.434962,35.440118],[133.434887,35.439542],[133.434993,35.439405],[133.435353,35.439513],[133.436273,35.439516],[133.437476,35.439514],[133.439929,35.439532],[133.44119,35.439504],[133.442429,35.439401],[133.443299,35.439152],[133.44418,35.438745],[133.444766,35.43819],[133.445065,35.437282],[133.445834,35.436143],[133.446326,35.435152],[133.446472,35.434422],[133.447049,35.43407],[133.447419,35.433697],[133.447426,35.433059],[133.447292,35.432815],[133.447413,35.432178],[133.447694,35.431617],[133.448321,35.430871],[133.448648,35.43033],[133.448906,35.429844],[133.449317,35.429604],[133.449876,35.429154],[133.450794,35.428908],[133.451443,35.428575],[133.452025,35.428347],[133.452286,35.428273],[133.452788,35.427965],[133.453049,35.428003],[133.453819,35.427902],[133.454234,35.427762],[133.454701,35.427445],[133.455038,35.427157],[133.455372,35.427064],[133.455635,35.426894],[133.456057,35.42679],[133.4564,35.426621],[133.45717,35.426436],[133.457533,35.426325],[133.458237,35.426372],[133.459494,35.426128],[133.461495,35.425495],[133.466948,35.423466],[133.468578,35.422715],[133.468767,35.422628]]]},"properties":{"code":"312021240","name":"淀江町稲吉","kihon1":"1240"}},
{"type":"Feature","geometry":{"type":"Polygon","coordinates":[[[133.446472,35.434422],[133.446326,35.435152],[133.445834,35.436143],[133.445065,35.437282],[133.444766,35.43819],[133.44418,35.438745],[133.443299,35.439152],[133.442429,35.439401],[133.44119,35.439504],[133.439929,35.439532],[133.437476,35.439514],[133.436273,35.439516],[133.435353,35.439513],[133.434993,35.439405],[133.435369,35.439239],[133.435479,35.439104],[133.435611,35.438243],[133.436217,35.437329],[133.436859,35.437334],[133.437213,35.436417],[133.437239,35.436117],[133.437063,35.435459],[133.436774,35.434688],[133.437695,35.434282],[133.438384,35.434156],[133.438657,35.434308],[133.438981,35.434085],[133.439327,35.433863],[133.440015,35.433793],[133.440409,35.433421],[133.440662,35.433366],[133.441441,35.433372],[133.44167,35.433411],[133.442289,35.433341],[133.442817,35.433307],[133.443299,35.433254],[133.443575,35.433106],[133.443921,35.432921],[133.444334,35.432905],[133.445089,35.433005],[133.445524,35.433045],[133.445728,35.433272],[133.445861,35.433686],[133.446472,35.434422]]]},"properties":{"code":"312021250","name":"淀江町高井谷","kihon1":"1250"}},
{"type":"Feature","geometry":{"type":"Polygon","coordinates":[[[133.434926,35.44589],[133.432417,35.443639],[133.431397,35.443026],[133.431305,35.441502],[133.430905,35.439602],[133.430824,35.437769],[133.430506,35.436679],[133.430326,35.435896],[133.430062,35.435082],[133.429844,35.433861],[133.429906,35.432917],[133.431012,35.431223],[133.431373,35.430358],[133.431781,35.429794],[133.432365,35.42915],[133.437026,35.428901],[133.439424,35.428888],[133.44235,35.428941],[133.444646,35.428789],[133.446154,35.428895],[133.446719,35.429026],[133.449317,35.429604],[133.448906,35.429844],[133.448648,35.43033],[133.448321,35.430871],[133.447694,35.431617],[133.447413,35.432178],[133.447292,35.432815],[133.447426,35.433059],[133.447419,35.433697],[133.447049,35.43407],[133.446472,35.434422],[133.445861,35.433686],[133.445728,35.433272],[133.445524,35.433045],[133.445089,35.433005],[133.444334,35.432905],[133.443921,35.432921],[133.443575,35.433106],[133.443299,35.433254],[133.442817,35.433307],[133.442289,35.433341],[133.44167,35.433411],[133.441441,35.433372],[133.440662,35.433366],[133.440409,35.433421],[133.440015,35.433793],[133.439327,35.433863],[133.438981,35.434085],[133.438657,35.434308],[133.438384,35.434156],[133.437695,35.434282],[133.436774,35.434688],[133.437063,35.435459],[133.437239,35.436117],[133.437213,35.436417],[133.436859,35.437334],[133.436217,35.437329],[133.435611,35.438243],[133.435479,35.439104],[133.435369,35.439239],[133.434993,35.439405],[133.434887,35.439542],[133.434962,35.440118],[133.434885,35.440625],[133.434854,35.442438],[133.434859,35.443732],[133.434926,35.44589]]]},"properties":{"code":"312021260","name":"淀江町中西尾","kihon1":"1260"}},
{"type":"Feature","geometry":{"type":"Polygon","coordinates":[[[133.429906,35.432917],[133.429844,35.433861],[133.430062,35.435082],[133.430326,35.435896],[133.430506,35.436679],[133.430824,35.437769],[133.430905,35.439602],[133.431305,35.441502],[133.431397,35.443026],[133.430025,35.442449],[133.428163,35.441667],[133.426693,35.44098],[133.426676,35.43952],[133.426679,35.437455],[133.426605,35.436337],[133.426597,35.435523],[133.426807,35.435552],[133.427055,35.435564],[133.427262,35.435535],[133.427456,35.435479],[133.428091,35.435241],[133.428197,35.435032],[133.428323,35.434771],[133.428807,35.434333],[133.429079,35.433761],[133.429332,35.433385],[133.429906,35.432917]]]},"properties":{"code":"312021270","name":"淀江町富繁","kihon1":"1270"}},
{"type":"Feature","geometry":{"type":"Polygon","coordinates":[[[133.429906,35.432917],[133.429332,35.433385],[133.429079,35.433761],[133.428807,35.434333],[133.428323,35.434771],[133.428197,35.435032],[133.428091,35.435241],[133.427456,35.435479],[133.427262,35.435535],[133.427055,35.435564],[133.426807,35.435552],[133.426597,35.435523],[133.426259,35.435389],[133.425876,35.435194],[133.425022,35.434322],[133.423607,35.432621],[133.423734,35.432695],[133.423814,35.432701],[133.423883,35.432677],[133.423943,35.432576],[133.423998,35.432545],[133.424067,35.432535],[133.424448,35.432608],[133.424493,35.432611],[133.424561,35.432592],[133.424607,35.432539],[133.424576,35.432257],[133.424547,35.432046],[133.424522,35.43186],[133.424526,35.431801],[133.42454,35.431762],[133.424654,35.43174],[133.424823,35.431694],[133.424876,35.431658],[133.424898,35.431621],[133.424766,35.431337],[133.424745,35.431249],[133.42477,35.431176],[133.42489,35.431236],[133.425027,35.431279],[133.425157,35.4313],[133.425277,35.431278],[133.425371,35.431225],[133.42544,35.43117],[133.425493,35.431098],[133.42544,35.431018],[133.425003,35.430627],[133.424855,35.430442],[133.424823,35.430376],[133.424834,35.430323],[133.424874,35.430307],[133.424987,35.430341],[133.425296,35.430524],[133.425662,35.430765],[133.425765,35.43078],[133.425906,35.430758],[133.426277,35.430437],[133.426701,35.42999],[133.427147,35.429336],[133.42735,35.429053],[133.42749,35.428807],[133.427606,35.428572],[133.427741,35.428287],[133.427896,35.427854],[133.427935,35.427767],[133.428061,35.427489],[133.428202,35.427017],[133.428121,35.426873],[133.428081,35.426822],[133.428065,35.426775],[133.428051,35.426682],[133.428078,35.426593],[133.428163,35.426408],[133.42832,35.426211],[133.428737,35.425846],[133.428898,35.425746],[133.428997,35.425709],[133.429074,35.425718],[133.42911,35.425743],[133.429129,35.425925],[133.429154,35.426001],[133.429261,35.42607],[133.429418,35.426148],[133.429613,35.42621],[133.429798,35.426185],[133.429915,35.426071],[133.429937,35.426053],[133.430285,35.425644],[133.430366,35.425549],[133.430607,35.425252],[133.430823,35.424987],[133.430927,35.424916],[133.431033,35.424894],[133.431188,35.42488],[133.431425,35.424876],[133.431501,35.424874],[133.432057,35.424875],[133.432454,35.424914],[133.432637,35.424993],[133.4327,35.425028],[133.432771,35.42509],[133.432832,35.425207],[133.432857,35.4253],[133.432884,35.425534],[133.432879,35.4256],[133.43292,35.425657],[133.432994,35.425609],[133.433176,35.425351],[133.433463,35.42499],[133.433633,35.4247],[133.433807,35.424489],[133.434179,35.424185],[133.434292,35.424153],[133.434558,35.424091],[133.434778,35.424006],[133.434994,35.423864],[133.435255,35.423708],[133.435491,35.423527],[133.435748,35.423329],[133.436051,35.423215],[133.43629,35.423119],[133.436554,35.423028],[133.436879,35.422906],[133.437071,35.423048],[133.437265,35.423216],[133.437565,35.423574],[133.438094,35.424302],[133.438621,35.425173],[133.440203,35.426401],[133.440393,35.426272],[133.440559,35.426249],[133.440747,35.426316],[133.440934,35.426454],[133.441079,35.426502],[133.441405,35.426475],[133.441769,35.426365],[133.442103,35.426379],[133.442608,35.426543],[133.442876,35.426617],[133.443195,35.426575],[133.443458,35.426472],[133.443791,35.426505],[133.444081,35.426525],[133.444625,35.426487],[133.445082,35.426467],[133.446765,35.427061],[133.447069,35.42711],[133.447454,35.427083],[133.447803,35.426985],[133.448122,35.426993],[133.448498,35.427073],[133.4488,35.427307],[133.449031,35.427421],[133.449546,35.427413],[133.449726,35.427492],[133.449921,35.427594],[133.450406,35.427621],[133.45114,35.42749],[133.451786,35.427453],[133.452126,35.427503],[133.45261,35.427697],[133.452788,35.427965],[133.452286,35.428273],[133.452025,35.428347],[133.451443,35.428575],[133.450794,35.428908],[133.449876,35.429154],[133.449317,35.429604],[133.446719,35.429026],[133.446154,35.428895],[133.444646,35.428789],[133.44235,35.428941],[133.439424,35.428888],[133.437026,35.428901],[133.432365,35.42915],[133.431781,35.429794],[133.431373,35.430358],[133.431012,35.431223],[133.429906,35.432917]]]},"properties":{"code":"312021280","name":"淀江町西尾原","kihon1":"1280"}},
{"type":"Feature","geometry":{"type":"Polygon","coordinates":[[[133.452788,35.427965],[133.45261,35.427697],[133.452126,35.427503],[133.451786,35.427453],[133.45114,35.42749],[133.450406,35.427621],[133.449921,35.427594],[133.449726,35.427492],[133.449546,35.427413],[133.449031,35.427421],[133.4488,35.427307],[133.448498,35.427073],[133.448122,35.426993],[133.447803,35.426985],[133.447454,35.427083],[133.447069,35.42711],[133.446765,35.427061],[133.445082,35.426467],[133.444625,35.426487],[133.444081,35.426525],[133.443791,35.426505],[133.443458,35.426472],[133.443195,35.426575],[133.442876,35.426617],[133.442608,35.426543],[133.442103,35.426379],[133.441769,35.426365],[133.441405,35.426475],[133.441079,35.426502],[133.440934,35.426454],[133.440747,35.426316],[133.440559,35.426249],[133.440393,35.426272],[133.440203,35.426401],[133.438621,35.425173],[133.438094,35.424302],[133.437565,35.423574],[133.437265,35.423216],[133.437071,35.423048],[133.436879,35.422906],[133.437142,35.422798],[133.437442,35.422693],[133.43768,35.422644],[133.437921,35.422604],[133.437954,35.422598],[133.438049,35.422557],[133.438167,35.422465],[133.438264,35.422305],[133.438504,35.422002],[133.438839,35.421615],[133.439218,35.421293],[133.439532,35.421091],[133.440049,35.420835],[133.44039,35.420709],[133.440904,35.420535],[133.441285,35.420428],[133.44149,35.420382],[133.441768,35.420318],[133.442206,35.420205],[133.442724,35.420064],[133.443173,35.42001],[133.443608,35.419981],[133.444338,35.419933],[133.44442,35.419908],[133.444999,35.419712],[133.445343,35.419562],[133.445607,35.419418],[133.44589,35.419229],[133.446105,35.418998],[133.446345,35.418734],[133.446641,35.418478],[133.447013,35.41833],[133.447509,35.418166],[133.448005,35.418004],[133.44851,35.417823],[133.449025,35.417627],[133.449388,35.417472],[133.449602,35.417385],[133.449865,35.417324],[133.450173,35.417322],[133.450461,35.417365],[133.450738,35.417408],[133.451046,35.417498],[133.451369,35.417653],[133.451507,35.417743],[133.451695,35.417454],[133.451789,35.417263],[133.451821,35.417157],[133.451894,35.417083],[133.45199,35.41704],[133.452029,35.417003],[133.45197,35.416878],[133.452001,35.416841],[133.452102,35.416791],[133.45225,35.41672],[133.45215,35.416441],[133.45243,35.416279],[133.452584,35.416111],[133.452906,35.416006],[133.453199,35.416071],[133.453394,35.416141],[133.453529,35.416189],[133.453937,35.416196],[133.454052,35.416135],[133.454086,35.41605],[133.454091,35.416037],[133.454309,35.415959],[133.454517,35.415845],[133.454904,35.415745],[133.455128,35.415744],[133.455136,35.415742],[133.455143,35.415743],[133.455225,35.415743],[133.45542,35.415784],[133.455774,35.415769],[133.455975,35.415775],[133.456072,35.415834],[133.456153,35.415928],[133.456288,35.416051],[133.456676,35.416213],[133.457204,35.416122],[133.457319,35.416136],[133.457587,35.416271],[133.457675,35.416315],[133.457869,35.416329],[133.458092,35.416279],[133.458093,35.416279],[133.458293,35.416208],[133.458592,35.416249],[133.458775,35.416392],[133.458965,35.416433],[133.45915,35.416448],[133.459585,35.41648],[133.459803,35.416428],[133.460137,35.416407],[133.46119,35.416248],[133.461327,35.416155],[133.461387,35.416113],[133.461852,35.416057],[133.462134,35.416137],[133.462445,35.416198],[133.46252,35.416261],[133.462646,35.416366],[133.462761,35.41645],[133.463007,35.416505],[133.463248,35.416339],[133.463491,35.416083],[133.463549,35.416022],[133.463774,35.415976],[133.46393,35.41596],[133.464377,35.415915],[133.464542,35.415887],[133.465103,35.41579],[133.465436,35.415858],[133.465631,35.41593],[133.465722,35.416014],[133.465904,35.416182],[133.466055,35.416289],[133.466063,35.416297],[133.466184,35.416409],[133.466136,35.416617],[133.466116,35.416705],[133.466136,35.41683],[133.466214,35.416961],[133.466655,35.417258],[133.46685,35.417227],[133.467123,35.417104],[133.467199,35.417069],[133.467352,35.41707],[133.467429,35.41732],[133.467736,35.41769],[133.467536,35.417911],[133.467421,35.418038],[133.467457,35.418098],[133.467353,35.418335],[133.467298,35.418643],[133.467369,35.418833],[133.467597,35.419079],[133.467784,35.419465],[133.468037,35.420206],[133.468171,35.420394],[133.468132,35.420456],[133.468527,35.420712],[133.468612,35.420828],[133.468718,35.421087],[133.468966,35.421868],[133.468888,35.422014],[133.468767,35.422628],[133.468578,35.422715],[133.466948,35.423466],[133.461495,35.425495],[133.459494,35.426128],[133.458237,35.426372],[133.457533,35.426325],[133.45717,35.426436],[133.4564,35.426621],[133.456057,35.42679],[133.455635,35.426894],[133.455372,35.427064],[133.455038,35.427157],[133.454701,35.427445],[133.454234,35.427762],[133.453819,35.427902],[133.453049,35.428003],[133.452788,35.427965]]]},"properties":{"code":"312021290","name":"淀江町本宮","kihon1":"1290"}},
{"type":"Feature","geometry":{"type":"Polygon","coordinates":[[[133.399315,35.438269],[133.399092,35.440485],[133.399102,35.440681],[133.39913,35.441034],[133.399142,35.441186],[133.397505,35.440536],[133.39697,35.440334],[133.396905,35.440154],[133.39706,35.439965],[133.396599,35.43978],[133.396499,35.439869],[133.396293,35.440096],[133.395935,35.440235],[133.395919,35.440202],[133.395799,35.440244],[133.395692,35.440295],[133.395555,35.44034],[133.395565,35.440362],[133.395435,35.440432],[133.39541,35.440424],[133.395244,35.440513],[133.395214,35.440482],[133.395079,35.440534],[133.395077,35.440557],[133.394989,35.44063],[133.394832,35.440474],[133.394711,35.4404],[133.394489,35.440262],[133.393404,35.440232],[133.393315,35.440212],[133.39323,35.440157],[133.39315,35.440086],[133.393098,35.44002],[133.393057,35.439934],[133.392929,35.43863],[133.392902,35.4381],[133.392749,35.436487],[133.392735,35.436356],[133.3927,35.435992],[133.392691,35.435844],[133.392658,35.435469],[133.392616,35.434903],[133.392747,35.434973],[133.392786,35.434979],[133.392819,35.434971],[133.392925,35.434865],[133.392953,35.434825],[133.395469,35.436189],[133.397492,35.437278],[133.398946,35.43806],[133.399315,35.438269]]]},"properties":{"code":"31202130001","name":"淀江町佐陀佐陀一部","kihon1":"1300"}},
{"type":"Feature","geometry":{"type":"Polygon","coordinates":[[[133.399142,35.441186],[133.399248,35.442326],[133.399601,35.443655],[133.399908,35.445168],[133.400025,35.445941],[133.40016,35.446478],[133.400283,35.447029],[133.400292,35.447109],[133.399744,35.446931],[133.398096,35.446345],[133.396064,35.445624],[133.393293,35.444647],[133.393413,35.443854],[133.393656,35.443028],[133.39356,35.441885],[133.393802,35.441507],[133.394196,35.441298],[133.394342,35.440804],[133.394487,35.440595],[133.394489,35.440262],[133.394711,35.4404],[133.394832,35.440474],[133.394989,35.44063],[133.395077,35.440557],[133.395079,35.440534],[133.395214,35.440482],[133.395244,35.440513],[133.39541,35.440424],[133.395435,35.440432],[133.395565,35.440362],[133.395555,35.44034],[133.395692,35.440295],[133.395799,35.440244],[133.395919,35.440202],[133.395935,35.440235],[133.396293,35.440096],[133.396499,35.439869],[133.396599,35.43978],[133.39706,35.439965],[133.396905,35.440154],[133.39697,35.440334],[133.397505,35.440536],[133.399142,35.441186]]]},"properties":{"code":"31202130002","name":"淀江町佐陀佐陀二部","kihon1":"1300"}},
{"type":"Feature","geometry":{"type":"Polygon","coordinates":[[[133.394305,35.448533],[133.393129,35.448606],[133.393039,35.44838],[133.392927,35.448048],[133.392786,35.447779],[133.392684,35.447539],[133.392568,35.447161],[133.392449,35.44687],[133.39236,35.446605],[133.392246,35.446289],[133.392129,35.445976],[133.391955,35.445531],[133.3919,35.445427],[133.391826,35.445286],[133.391776,35.44519],[133.391626,35.444924],[133.391523,35.444773],[133.391415,35.444615],[133.391347,35.444468],[133.39123,35.444222],[133.391179,35.444043],[133.391129,35.443824],[133.391094,35.443495],[133.391455,35.443482],[133.391429,35.443085],[133.391488,35.442889],[133.391558,35.442637],[133.39165,35.442291],[133.391746,35.441938],[133.391752,35.441575],[133.391766,35.441128],[133.391695,35.440885],[133.391572,35.440519],[133.391474,35.440304],[133.391344,35.439992],[133.3913,35.439877],[133.391059,35.439916],[133.391032,35.439748],[133.390726,35.439759],[133.390694,35.439409],[133.390642,35.438766],[133.390622,35.438477],[133.390617,35.438404],[133.39151,35.438344],[133.391765,35.438333],[133.391572,35.43663],[133.391542,35.436421],[133.39224,35.436382],[133.392549,35.436363],[133.392735,35.436356],[133.392749,35.436487],[133.392902,35.4381],[133.392929,35.43863],[133.393057,35.439934],[133.393098,35.44002],[133.39315,35.440086],[133.39323,35.440157],[133.393315,35.440212],[133.393404,35.440232],[133.394489,35.440262],[133.394487,35.440595],[133.394342,35.440804],[133.394196,35.441298],[133.393802,35.441507],[133.39356,35.441885],[133.393656,35.443028],[133.393413,35.443854],[133.393293,35.444647],[133.393322,35.444984],[133.393386,35.445607],[133.393323,35.445947],[133.393543,35.44682],[133.393737,35.447657],[133.393847,35.448168],[133.394213,35.448105],[133.394305,35.448533]]]},"properties":{"code":"31202130003","name":"淀江町佐陀佐陀三部","kihon1":"1300"}},
{"type":"Feature","geometry":{"type":"Polygon","coordinates":[[[133.39874,35.43279],[133.39874,35.433285],[133.398744,35.434056],[133.398756,35.434403],[133.398765,35.434632],[133.398784,35.43541],[133.398874,35.435828],[133.39899,35.4363],[133.39903,35.436513],[133.399071,35.436515],[133.399029,35.436608],[133.399428,35.437961],[133.399315,35.438269],[133.398946,35.43806],[133.397492,35.437278],[133.395469,35.436189],[133.392953,35.434825],[133.393006,35.434748],[133.393017,35.434183],[133.393016,35.433496],[133.393075,35.433462],[133.393558,35.433487],[133.394102,35.433494],[133.394344,35.433466],[133.394789,35.433381],[133.395143,35.433286],[133.395476,35.433201],[133.395856,35.433094],[133.396041,35.432999],[133.396316,35.433175],[133.396471,35.433272],[133.396706,35.433427],[133.396901,35.433534],[133.397129,35.433677],[133.397217,35.433729],[133.397392,35.433827],[133.397595,35.433609],[133.397615,35.433502],[133.397633,35.433395],[133.397606,35.433274],[133.397536,35.433166],[133.397472,35.433091],[133.397472,35.433052],[133.397516,35.432989],[133.39762,35.43283],[133.397759,35.432808],[133.398284,35.432752],[133.39874,35.43279]]]},"properties":{"code":"31202130004","name":"淀江町佐陀桜台","kihon1":"1300"}},
{"type":"Feature","geometry":{"type":"Polygon","coordinates":[[[133.396955,35.44934],[133.396967,35.449421],[133.397022,35.449954],[133.395159,35.449994],[133.393326,35.450035],[133.393324,35.450025],[133.39329,35.44968],[133.393274,35.449562],[133.393231,35.449172],[133.393195,35.448878],[133.393149,35.448656],[133.393129,35.448606],[133.394305,35.448533],[133.395373,35.448471],[133.396627,35.448286],[133.396955,35.44934]]]},"properties":{"code":"31202130005","name":"淀江町佐陀佐陀浜","kihon1":"1300"}},
{"type":"Feature","geometry":{"type":"Polygon","coordinates":[[[133.400292,35.447109],[133.400302,35.447204],[133.400304,35.447779],[133.400375,35.448193],[133.400474,35.44905],[133.400493,35.449737],[133.400575,35.450077],[133.400583,35.450115],[133.399982,35.45016],[133.399944,35.450142],[133.399878,35.449921],[133.399875,35.44989],[133.399877,35.449727],[133.39965,35.449688],[133.399338,35.449607],[133.399147,35.44955],[133.398978,35.449518],[133.398856,35.449495],[133.398754,35.449457],[133.3983,35.449407],[133.398178,35.44927],[133.397615,35.449303],[133.396955,35.44934],[133.396627,35.448286],[133.395373,35.448471],[133.394305,35.448533],[133.394213,35.448105],[133.393847,35.448168],[133.393737,35.447657],[133.393543,35.44682],[133.393323,35.445947],[133.393386,35.445607],[133.393322,35.444984],[133.393293,35.444647],[133.396064,35.445624],[133.398096,35.446345],[133.399744,35.446931],[133.400292,35.447109]]]},"properties":{"code":"31202130006","name":"淀江町佐陀ニューやまと","kihon1":"1300"}},
{"type":"Feature","geometry":{"type":"Polygon","coordinates":[[[133.401591,35.453362],[133.40094,35.453395],[133.40036,35.453527],[133.399582,35.454026],[133.399033,35.453354],[133.398423,35.453334],[133.397828,35.453741],[133.397492,35.453395],[133.39708,35.453395],[133.396226,35.453761],[133.395738,35.453497],[133.395295,35.453436],[133.394502,35.453761],[133.394031,35.453504],[133.394008,35.453368],[133.393855,35.452616],[133.393826,35.452476],[133.393656,35.451697],[133.393648,35.45166],[133.393603,35.451402],[133.393587,35.451322],[133.393526,35.45101],[133.393467,35.450725],[133.393444,35.450612],[133.393373,35.450265],[133.393326,35.450035],[133.395159,35.449994],[133.397022,35.449954],[133.396967,35.449421],[133.396955,35.44934],[133.397615,35.449303],[133.398178,35.44927],[133.3983,35.449407],[133.398754,35.449457],[133.398856,35.449495],[133.398978,35.449518],[133.399147,35.44955],[133.399338,35.449607],[133.39965,35.449688],[133.399877,35.449727],[133.399875,35.44989],[133.399878,35.449921],[133.399944,35.450142],[133.399982,35.45016],[133.400583,35.450115],[133.400604,35.450204],[133.400709,35.450575],[133.400796,35.450825],[133.401189,35.451957],[133.401354,35.452449],[133.401591,35.453362]]]},"properties":{"code":"31202130007","name":"淀江町佐陀佐陀新田","kihon1":"1300"}},
{"type":"Feature","geometry":{"type":"Polygon","coordinates":[[[133.404661,35.441254],[133.403623,35.440669],[133.403508,35.440631],[133.401235,35.439344],[133.399315,35.438269],[133.399428,35.437961],[133.399029,35.436608],[133.399071,35.436515],[133.403339,35.436736],[133.403816,35.431661],[133.404657,35.431706],[133.40491,35.431718],[133.405036,35.431722],[133.405025,35.431906],[133.404918,35.433125],[133.406172,35.433203],[133.406127,35.433597],[133.40608,35.434054],[133.406254,35.433819],[133.406457,35.433547],[133.406798,35.433049],[133.407133,35.43257],[133.407349,35.43221],[133.407487,35.431932],[133.407571,35.431771],[133.407774,35.431465],[133.407783,35.431451],[133.40791,35.431285],[133.407976,35.431215],[133.408009,35.431252],[133.408005,35.431507],[133.4079,35.432106],[133.41059,35.432079],[133.410609,35.432102],[133.41065,35.43221],[133.410676,35.432353],[133.410705,35.432536],[133.410735,35.432773],[133.410761,35.43301],[133.410752,35.433042],[133.410426,35.433087],[133.41021,35.433158],[133.410084,35.433252],[133.410025,35.433371],[133.409997,35.43354],[133.409977,35.433809],[133.409967,35.434073],[133.409959,35.434147],[133.409952,35.434216],[133.410037,35.434275],[133.409959,35.434429],[133.40979,35.434648],[133.409672,35.434813],[133.409429,35.435105],[133.4091,35.435342],[133.408928,35.4353],[133.408656,35.435766],[133.40841,35.436099],[133.408198,35.436256],[133.408134,35.436331],[133.40786,35.436479],[133.407864,35.436648],[133.408405,35.436777],[133.407273,35.438048],[133.406784,35.438632],[133.406511,35.438916],[133.406437,35.439003],[133.406285,35.439475],[133.406096,35.440029],[133.404889,35.439678],[133.404661,35.441254]]]},"properties":{"code":"31202131001","name":"淀江町中間中間","kihon1":"1310"}},
{"type":"Feature","geometry":{"type":"Polygon","coordinates":[[[133.404513,35.444084],[133.404464,35.444291],[133.404348,35.444764],[133.404811,35.444789],[133.404812,35.445206],[133.40478,35.445399],[133.404743,35.445437],[133.404713,35.445474],[133.404625,35.445841],[133.404495,35.44601],[133.404361,35.446609],[133.404197,35.447325],[133.404147,35.447688],[133.404067,35.44815],[133.403887,35.449691],[133.403796,35.450525],[133.403768,35.450833],[133.403784,35.451141],[133.403764,35.451938],[133.403555,35.453294],[133.403522,35.453666],[133.403351,35.453548],[133.402146,35.453334],[133.401591,35.453362],[133.401354,35.452449],[133.401189,35.451957],[133.400796,35.450825],[133.400709,35.450575],[133.400604,35.450204],[133.400583,35.450115],[133.400575,35.450077],[133.400493,35.449737],[133.400474,35.44905],[133.400375,35.448193],[133.400304,35.447779],[133.400302,35.447204],[133.400292,35.447109],[133.400416,35.447157],[133.401297,35.447462],[133.401377,35.444454],[133.402118,35.443359],[133.403294,35.443857],[133.40344,35.44363],[133.403702,35.443681],[133.403986,35.44383],[133.404106,35.443831],[133.404299,35.443887],[133.404354,35.443982],[133.404513,35.444084]]]},"properties":{"code":"31202131002","name":"淀江町中間亀甲","kihon1":"1310"}},
{"type":"Feature","geometry":{"type":"Polygon","coordinates":[[[133.404513,35.444084],[133.404354,35.443982],[133.404299,35.443887],[133.404106,35.443831],[133.403986,35.44383],[133.403702,35.443681],[133.40344,35.44363],[133.403294,35.443857],[133.402118,35.443359],[133.401377,35.444454],[133.401297,35.447462],[133.400416,35.447157],[133.400292,35.447109],[133.400283,35.447029],[133.40016,35.446478],[133.400025,35.445941],[133.399908,35.445168],[133.399601,35.443655],[133.399248,35.442326],[133.399142,35.441186],[133.39913,35.441034],[133.399102,35.440681],[133.399092,35.440485],[133.399315,35.438269],[133.401235,35.439344],[133.403508,35.440631],[133.403623,35.440669],[133.404661,35.441254],[133.404605,35.441753],[133.404571,35.442078],[133.405313,35.442691],[133.405292,35.443223],[133.405965,35.443222],[133.40609,35.443421],[133.40597,35.444082],[133.404513,35.444084]]]},"properties":{"code":"31202131003","name":"淀江町中間亀甲新道","kihon1":"1310"}},
{"type":"Feature","geometry":{"type":"Polygon","coordinates":[[[133.413336,35.440482],[133.413037,35.440642],[133.412777,35.440771],[133.412586,35.440915],[133.412411,35.44112],[133.412176,35.441589],[133.412098,35.442008],[133.411563,35.442832],[133.411256,35.442955],[133.410297,35.443312],[133.410154,35.443316],[133.40873,35.443265],[133.408628,35.443209],[133.408354,35.443267],[133.407229,35.443387],[133.406651,35.442637],[133.40548,35.441718],[133.404661,35.441254],[133.404889,35.439678],[133.406096,35.440029],[133.406285,35.439475],[133.406437,35.439003],[133.406511,35.438916],[133.406784,35.438632],[133.407273,35.438048],[133.408405,35.436777],[133.407864,35.436648],[133.40786,35.436479],[133.408134,35.436331],[133.408198,35.436256],[133.40841,35.436099],[133.408656,35.435766],[133.408928,35.4353],[133.4091,35.435342],[133.409429,35.435105],[133.409672,35.434813],[133.40979,35.434648],[133.409959,35.434429],[133.410037,35.434275],[133.410184,35.434237],[133.41074,35.434233],[133.411063,35.43423],[133.411325,35.434237],[133.411348,35.434265],[133.411349,35.434361],[133.411282,35.434682],[133.411043,35.435593],[133.410681,35.436788],[133.410512,35.437287],[133.410522,35.437308],[133.410774,35.437386],[133.411108,35.437469],[133.411178,35.437356],[133.411245,35.437215],[133.411319,35.437067],[133.411445,35.436692],[133.411766,35.436783],[133.412097,35.436864],[133.412616,35.436957],[133.412698,35.43697],[133.412767,35.437035],[133.412855,35.437078],[133.412947,35.437107],[133.41408,35.437252],[133.414234,35.437233],[133.414358,35.437192],[133.414391,35.437154],[133.414405,35.437119],[133.414353,35.437077],[133.41423,35.437048],[133.414029,35.437013],[133.413938,35.43698],[133.413907,35.43693],[133.413902,35.436864],[133.4139,35.436748],[133.413896,35.436675],[133.413858,35.436625],[133.413777,35.436583],[133.413646,35.436522],[133.41378,35.436279],[133.413931,35.436022],[133.414001,35.435894],[133.414097,35.435892],[133.41429,35.436042],[133.414406,35.436125],[133.414478,35.436163],[133.414596,35.436178],[133.414789,35.436143],[133.415024,35.436209],[133.415162,35.436215],[133.415263,35.43618],[133.415254,35.436107],[133.415153,35.435996],[133.414906,35.435823],[133.414757,35.435697],[133.414714,35.435625],[133.4147,35.435546],[133.414724,35.435172],[133.414706,35.435059],[133.414664,35.434965],[133.414489,35.43477],[133.41447,35.434668],[133.414481,35.434585],[133.414502,35.434499],[133.414414,35.434404],[133.414402,35.434307],[133.414617,35.43389],[133.414728,35.433684],[133.414789,35.433507],[133.41472,35.432897],[133.414749,35.432687],[133.414777,35.432532],[133.414752,35.432381],[133.414702,35.43223],[133.414619,35.432015],[133.414563,35.431697],[133.414547,35.431141],[133.414502,35.431022],[133.414319,35.430924],[133.414532,35.430657],[133.41456,35.43055],[133.414509,35.430426],[133.414412,35.430285],[133.414373,35.430188],[133.414368,35.430108],[133.414403,35.429942],[133.414404,35.429802],[133.414589,35.429892],[133.414724,35.429882],[133.414859,35.429825],[133.414999,35.429708],[133.415125,35.42964],[133.415336,35.429568],[133.415517,35.429452],[133.415689,35.429281],[133.415752,35.42916],[133.41587,35.428952],[133.416045,35.428753],[133.41614,35.428575],[133.41633,35.427839],[133.416438,35.427636],[133.416721,35.427419],[133.416905,35.427303],[133.417022,35.427205],[133.417163,35.426998],[133.417215,35.426942],[133.417265,35.42691],[133.417337,35.426878],[133.417439,35.426844],[133.417608,35.426801],[133.417645,35.426803],[133.417671,35.426805],[133.417727,35.426825],[133.417856,35.426886],[133.418017,35.426976],[133.418053,35.426986],[133.418104,35.426997],[133.418246,35.427018],[133.418322,35.427026],[133.418335,35.427032],[133.418344,35.42704],[133.418347,35.427049],[133.418347,35.427059],[133.418342,35.42707],[133.418327,35.42709],[133.418292,35.427127],[133.418273,35.427146],[133.418231,35.427181],[133.418218,35.427197],[133.418211,35.427212],[133.418212,35.427225],[133.418215,35.427235],[133.418222,35.427249],[133.418233,35.42726],[133.418338,35.427337],[133.418391,35.427382],[133.418425,35.427412],[133.418479,35.427469],[133.41853,35.427524],[133.418564,35.427558],[133.418591,35.427586],[133.41862,35.427609],[133.418663,35.42764],[133.418744,35.427693],[133.418989,35.42786],[133.419103,35.427977],[133.419358,35.428203],[133.419619,35.428433],[133.419899,35.428671],[133.420129,35.428871],[133.42052,35.429193],[133.420842,35.42949],[133.421153,35.429759],[133.421249,35.429915],[133.42132,35.430102],[133.421414,35.430385],[133.421548,35.430837],[133.421946,35.431329],[133.422228,35.431591],[133.422504,35.431816],[133.422998,35.432192],[133.423346,35.432459],[133.423555,35.432591],[133.423607,35.432621],[133.423527,35.433893],[133.423383,35.435323],[133.423203,35.43686],[133.421501,35.43818],[133.420651,35.438574],[133.420012,35.43879],[133.419453,35.438811],[133.418167,35.439214],[133.417861,35.43918],[133.417559,35.439039],[133.416997,35.439019],[133.41673,35.438892],[133.416626,35.438663],[133.416339,35.438502],[133.414751,35.438509],[133.414536,35.438601],[133.414503,35.43895],[133.414015,35.439203],[133.413473,35.440091],[133.413336,35.440482]]]},"properties":{"code":"31202132001","name":"淀江町小波小波上","kihon1":"1320"}},
{"type":"Feature","geometry":{"type":"Polygon","coordinates":[[[133.409086,35.454051],[133.409002,35.45405],[133.408751,35.454096],[133.408462,35.45427],[133.408241,35.454523],[133.408137,35.454494],[133.408141,35.45424],[133.408004,35.454006],[133.407775,35.453873],[133.406952,35.453904],[133.406555,35.454128],[133.406082,35.454484],[133.405868,35.454128],[133.405548,35.453853],[133.405182,35.453731],[133.404602,35.453853],[133.404205,35.454239],[133.403976,35.45428],[133.403807,35.454087],[133.403626,35.453825],[133.403522,35.453666],[133.403555,35.453294],[133.403764,35.451938],[133.403784,35.451141],[133.403768,35.450833],[133.403796,35.450525],[133.403887,35.449691],[133.404067,35.44815],[133.404147,35.447688],[133.404197,35.447325],[133.404361,35.446609],[133.404495,35.44601],[133.404625,35.445841],[133.404713,35.445474],[133.404743,35.445437],[133.40478,35.445399],[133.404812,35.445206],[133.404811,35.444789],[133.404348,35.444764],[133.404464,35.444291],[133.404513,35.444084],[133.40597,35.444082],[133.40609,35.443421],[133.405965,35.443222],[133.405292,35.443223],[133.405313,35.442691],[133.404571,35.442078],[133.404605,35.441753],[133.404661,35.441254],[133.40548,35.441718],[133.406651,35.442637],[133.407229,35.443387],[133.408354,35.443267],[133.408628,35.443209],[133.40873,35.443265],[133.410154,35.443316],[133.410297,35.443312],[133.411256,35.442955],[133.411563,35.442832],[133.412098,35.442008],[133.412176,35.441589],[133.412411,35.44112],[133.412586,35.440915],[133.412777,35.440771],[133.413037,35.440642],[133.413336,35.440482],[133.4136,35.440342],[133.414777,35.439769],[133.414962,35.440189],[133.415196,35.440718],[133.415714,35.44162],[133.415996,35.44195],[133.416322,35.442263],[133.416354,35.442295],[133.41687,35.442808],[133.417097,35.443141],[133.417146,35.443249],[133.417153,35.443351],[133.417077,35.443451],[133.416909,35.443673],[133.416775,35.443868],[133.416657,35.44411],[133.416554,35.444434],[133.416386,35.444941],[133.416336,35.445162],[133.415731,35.445313],[133.415298,35.445401],[133.41495,35.445451],[133.414346,35.445412],[133.414221,35.445408],[133.414137,35.445441],[133.413952,35.445387],[133.411022,35.446302],[133.408796,35.448233],[133.408869,35.448391],[133.409021,35.44864],[133.409204,35.448865],[133.409528,35.449207],[133.409135,35.449563],[133.409095,35.44971],[133.40911,35.450107],[133.409434,35.450229],[133.409668,35.450311],[133.409619,35.450503],[133.409551,35.450786],[133.409471,35.451496],[133.409405,35.451825],[133.409307,35.452659],[133.409294,35.4532],[133.409206,35.45361],[133.409086,35.454051]]]},"properties":{"code":"31202132002","name":"淀江町小波小波浜","kihon1":"1320"}}
]}