{"type":"FeatureCollection", "features": [
{"type":"Feature","geometry":{"type":"Polygon","coordinates":[[[133.348225,35.433842],[133.347886,35.434149],[133.347344,35.434419],[133.347081,35.434523],[133.345975,35.434876],[133.345128,35.435176],[133.3449,35.435278],[133.343849,35.434334],[133.343203,35.434374],[133.342966,35.434217],[133.342576,35.433897],[133.342529,35.43381],[133.342666,35.433285],[133.342191,35.43324],[133.342214,35.433113],[133.342246,35.432925],[133.342685,35.432935],[133.342707,35.432392],[133.342619,35.432096],[133.342342,35.432008],[133.342188,35.432002],[133.342281,35.431256],[133.342489,35.431285],[133.342569,35.431112],[133.342835,35.430738],[133.342834,35.430697],[133.34247,35.42984],[133.34322,35.430259],[133.343784,35.430526],[133.344355,35.430746],[133.345218,35.431004],[133.345615,35.431101],[133.346662,35.431319],[133.347003,35.43136],[133.347581,35.431389],[133.347675,35.431605],[133.34754,35.432057],[133.347727,35.432088],[133.347506,35.432727],[133.347522,35.433394],[133.347445,35.433606],[133.348225,35.433842]]]},"properties":{"code":"312020010","name":"勝田町","kihon1":"0010"}},
{"type":"Feature","geometry":{"type":"Polygon","coordinates":[[[133.349116,35.429004],[133.34884,35.42907],[133.348907,35.429488],[133.348847,35.429638],[133.348484,35.429545],[133.348278,35.429768],[133.348213,35.429919],[133.347746,35.430714],[133.34772,35.431389],[133.347581,35.431389],[133.347003,35.43136],[133.346662,35.431319],[133.345615,35.431101],[133.345218,35.431004],[133.344355,35.430746],[133.343784,35.430526],[133.34322,35.430259],[133.34247,35.42984],[133.342174,35.429645],[133.341721,35.42931],[133.341402,35.429052],[133.341027,35.428703],[133.341286,35.428654],[133.341779,35.428662],[133.342211,35.428606],[133.343994,35.428474],[133.344359,35.428434],[133.345161,35.428247],[133.3452,35.428544],[133.34573,35.428398],[133.345774,35.428501],[133.346404,35.428415],[133.346798,35.428459],[133.347269,35.428541],[133.347537,35.428514],[133.347896,35.428538],[133.34812,35.428498],[133.348486,35.428539],[133.349001,35.428752],[133.34894,35.428893],[133.348994,35.429009],[133.349116,35.429004]]]},"properties":{"code":"312020020","name":"東山町","kihon1":"0020"}},
{"type":"Feature","geometry":{"type":"Polygon","coordinates":[[[133.34064,35.429111],[133.340652,35.429419],[133.340596,35.429946],[133.340484,35.430372],[133.340384,35.430614],[133.340074,35.431159],[133.339641,35.431644],[133.339307,35.432003],[133.338787,35.431847],[133.33872,35.431801],[133.338644,35.431491],[133.338675,35.431193],[133.338271,35.431205],[133.338304,35.430979],[133.337922,35.430667],[133.338089,35.430523],[133.337618,35.430142],[133.338073,35.42976],[133.338627,35.429319],[133.338715,35.429386],[133.339345,35.429281],[133.339494,35.42943],[133.34064,35.429111]]]},"properties":{"code":"31202003001","name":"博労町一丁目","kihon1":"0030"}},
{"type":"Feature","geometry":{"type":"Polygon","coordinates":[[[133.342214,35.433113],[133.342055,35.43309],[133.342071,35.432987],[133.341734,35.432926],[133.341727,35.433038],[133.341455,35.433122],[133.341049,35.433187],[133.340824,35.433171],[133.340513,35.433044],[133.340344,35.432773],[133.340127,35.432488],[133.340101,35.432067],[133.340014,35.432055],[133.34,35.431777],[133.339641,35.431644],[133.340074,35.431159],[133.340384,35.430614],[133.340484,35.430372],[133.340596,35.429946],[133.340652,35.429419],[133.34064,35.429111],[133.340581,35.42874],[133.341027,35.428703],[133.341402,35.429052],[133.341721,35.42931],[133.342174,35.429645],[133.34247,35.42984],[133.342834,35.430697],[133.342835,35.430738],[133.342569,35.431112],[133.342489,35.431285],[133.342281,35.431256],[133.342188,35.432002],[133.342342,35.432008],[133.342619,35.432096],[133.342707,35.432392],[133.342685,35.432935],[133.342246,35.432925],[133.342214,35.433113]]]},"properties":{"code":"31202003002","name":"博労町二丁目","kihon1":"0030"}},
{"type":"Feature","geometry":{"type":"Polygon","coordinates":[[[133.339641,35.431644],[133.34,35.431777],[133.340014,35.432055],[133.340101,35.432067],[133.340127,35.432488],[133.340344,35.432773],[133.340513,35.433044],[133.340824,35.433171],[133.340401,35.433497],[133.339221,35.434457],[133.338342,35.435143],[133.337284,35.436008],[133.336584,35.435469],[133.336161,35.435162],[133.337168,35.434177],[133.338607,35.432787],[133.339379,35.432024],[133.339307,35.432003],[133.339641,35.431644]]]},"properties":{"code":"31202003003","name":"博労町三丁目","kihon1":"0030"}},
{"type":"Feature","geometry":{"type":"Polygon","coordinates":[[[133.3449,35.435278],[133.343945,35.43577],[133.340599,35.437566],[133.340448,35.437207],[133.340355,35.436833],[133.3402,35.436574],[133.340055,35.436623],[133.339877,35.436472],[133.339672,35.436554],[133.339646,35.436624],[133.339236,35.436559],[133.339119,35.436653],[133.339087,35.436807],[133.338904,35.436771],[133.33867,35.436928],[133.338508,35.436914],[133.337949,35.436486],[133.337284,35.436008],[133.338342,35.435143],[133.339221,35.434457],[133.340401,35.433497],[133.340824,35.433171],[133.341049,35.433187],[133.341455,35.433122],[133.341727,35.433038],[133.341734,35.432926],[133.342071,35.432987],[133.342055,35.43309],[133.342214,35.433113],[133.342191,35.43324],[133.342666,35.433285],[133.342529,35.43381],[133.342576,35.433897],[133.342966,35.434217],[133.343203,35.434374],[133.343849,35.434334],[133.3449,35.435278]]]},"properties":{"code":"31202003004","name":"博労町四丁目","kihon1":"0030"}},
{"type":"Feature","geometry":{"type":"Polygon","coordinates":[[[133.340581,35.42874],[133.339499,35.428799],[133.339102,35.428765],[133.338756,35.428843],[133.337826,35.428952],[133.337479,35.428865],[133.336627,35.42912],[133.336365,35.429107],[133.335579,35.429105],[133.33546,35.428458],[133.335249,35.428177],[133.33549,35.428067],[133.336161,35.427563],[133.336429,35.427442],[133.336906,35.427397],[133.337097,35.427274],[133.337156,35.427392],[133.338479,35.42706],[133.339375,35.426817],[133.339749,35.427347],[133.340139,35.427854],[133.340267,35.427886],[133.341027,35.428703],[133.340581,35.42874]]]},"properties":{"code":"31202004001","name":"糀町一丁目","kihon1":"0040"}},
{"type":"Feature","geometry":{"type":"Polygon","coordinates":[[[133.34064,35.429111],[133.339494,35.42943],[133.339345,35.429281],[133.338715,35.429386],[133.338627,35.429319],[133.338073,35.42976],[133.337618,35.430142],[133.337074,35.430604],[133.336637,35.430266],[133.335307,35.429182],[133.335401,35.429112],[133.335579,35.429105],[133.336365,35.429107],[133.336627,35.42912],[133.337479,35.428865],[133.337826,35.428952],[133.338756,35.428843],[133.339102,35.428765],[133.339499,35.428799],[133.340581,35.42874],[133.34064,35.429111]]]},"properties":{"code":"31202004002","name":"糀町二丁目","kihon1":"0040"}},
{"type":"Feature","geometry":{"type":"Polygon","coordinates":[[[133.336837,35.432133],[133.337349,35.431732],[133.338607,35.432787],[133.337168,35.434177],[133.336161,35.435162],[133.335461,35.434629],[133.334656,35.433903],[133.33575,35.432998],[133.336837,35.432133]]]},"properties":{"code":"31202005000","name":"冨士見町","kihon1":"0050"}},
{"type":"Feature","geometry":{"type":"Polygon","coordinates":[[[133.337618,35.430142],[133.338089,35.430523],[133.337922,35.430667],[133.338304,35.430979],[133.338271,35.431205],[133.338675,35.431193],[133.338644,35.431491],[133.33872,35.431801],[133.338787,35.431847],[133.339307,35.432003],[133.339379,35.432024],[133.338607,35.432787],[133.337349,35.431732],[133.336837,35.432133],[133.33604,35.431473],[133.337103,35.430628],[133.337074,35.430604],[133.337618,35.430142]]]},"properties":{"code":"31202005001","name":"冨士見町一丁目","kihon1":"0050"}},
{"type":"Feature","geometry":{"type":"Polygon","coordinates":[[[133.33604,35.431473],[133.336837,35.432133],[133.33575,35.432998],[133.334656,35.433903],[133.333903,35.433184],[133.333455,35.432803],[133.334512,35.431941],[133.335606,35.431093],[133.33604,35.431473]]]},"properties":{"code":"31202005002","name":"冨士見町二丁目","kihon1":"0050"}},
{"type":"Feature","geometry":{"type":"Polygon","coordinates":[[[133.336161,35.435162],[133.336584,35.435469],[133.337284,35.436008],[133.337949,35.436486],[133.338508,35.436914],[133.339892,35.437946],[133.339928,35.437972],[133.338962,35.438523],[133.33788,35.439118],[133.337302,35.43942],[133.336464,35.439874],[133.336089,35.440073],[133.335638,35.438565],[133.336449,35.437752],[133.336433,35.437688],[133.336978,35.43722],[133.336857,35.437034],[133.336422,35.436807],[133.335933,35.436336],[133.335407,35.435884],[133.336161,35.435162]]]},"properties":{"code":"31202006001","name":"日ノ出町一丁目","kihon1":"0060"}},
{"type":"Feature","geometry":{"type":"Polygon","coordinates":[[[133.335638,35.438565],[133.334971,35.439229],[133.333277,35.439512],[133.332648,35.439625],[133.332243,35.439734],[133.331818,35.43992],[133.331611,35.440043],[133.332188,35.439251],[133.332317,35.439077],[133.333535,35.437767],[133.334226,35.437068],[133.335407,35.435884],[133.335933,35.436336],[133.336422,35.436807],[133.336857,35.437034],[133.336978,35.43722],[133.336433,35.437688],[133.336449,35.437752],[133.335638,35.438565]]]},"properties":{"code":"31202006002","name":"日ノ出町二丁目","kihon1":"0060"}},
{"type":"Feature","geometry":{"type":"Polygon","coordinates":[[[133.33604,35.431473],[133.335606,35.431093],[133.334512,35.431941],[133.333455,35.432803],[133.332996,35.432401],[133.332224,35.431591],[133.332526,35.431335],[133.333205,35.430797],[133.333723,35.430377],[133.334632,35.42967],[133.334869,35.4295],[133.335307,35.429182],[133.336637,35.430266],[133.337074,35.430604],[133.337103,35.430628],[133.33604,35.431473]]]},"properties":{"code":"31202007001","name":"角盤町一丁目","kihon1":"0070"}},
{"type":"Feature","geometry":{"type":"Polygon","coordinates":[[[133.333903,35.433184],[133.332586,35.434266],[133.331768,35.434923],[133.331419,35.434657],[133.330761,35.434185],[133.330619,35.434013],[133.330674,35.433825],[133.330874,35.433841],[133.331021,35.433462],[133.331251,35.433336],[133.331322,35.433186],[133.331307,35.433063],[133.331801,35.433004],[133.331725,35.432775],[133.331748,35.432341],[133.331664,35.432067],[133.332139,35.431671],[133.332224,35.431591],[133.332996,35.432401],[133.333455,35.432803],[133.333903,35.433184]]]},"properties":{"code":"31202007002","name":"角盤町二丁目","kihon1":"0070"}},
{"type":"Feature","geometry":{"type":"Polygon","coordinates":[[[133.331768,35.434923],[133.330878,35.435646],[133.330488,35.43595],[133.329324,35.436888],[133.329177,35.437011],[133.328227,35.436215],[133.327084,35.435282],[133.327347,35.435104],[133.327563,35.435038],[133.327802,35.435013],[133.327957,35.434936],[133.328286,35.434942],[133.328316,35.435075],[133.329702,35.435049],[133.329887,35.434899],[133.329637,35.434128],[133.330181,35.43385],[133.330229,35.433916],[133.33045,35.4338],[133.330619,35.434013],[133.330761,35.434185],[133.331419,35.434657],[133.331768,35.434923]]]},"properties":{"code":"31202007003","name":"角盤町三丁目","kihon1":"0070"}},
{"type":"Feature","geometry":{"type":"Polygon","coordinates":[[[133.327084,35.435282],[133.328227,35.436215],[133.329177,35.437011],[133.32786,35.438049],[133.326978,35.438753],[133.326105,35.439463],[133.325381,35.438911],[133.325867,35.438534],[133.325647,35.438366],[133.32569,35.438304],[133.325601,35.437826],[133.325663,35.437672],[133.326138,35.437303],[133.325893,35.437091],[133.326041,35.436945],[133.326009,35.43677],[133.326021,35.436495],[133.326399,35.436259],[133.326908,35.435852],[133.326747,35.435732],[133.326789,35.435532],[133.327084,35.435282]]]},"properties":{"code":"31202007004","name":"角盤町四丁目","kihon1":"0070"}},
{"type":"Feature","geometry":{"type":"Polygon","coordinates":[[[133.333903,35.433184],[133.334656,35.433903],[133.335461,35.434629],[133.336161,35.435162],[133.335407,35.435884],[133.334226,35.437068],[133.333369,35.436312],[133.331768,35.434923],[133.332586,35.434266],[133.333903,35.433184]]]},"properties":{"code":"31202008001","name":"錦町一丁目","kihon1":"0080"}},
{"type":"Feature","geometry":{"type":"Polygon","coordinates":[[[133.334226,35.437068],[133.333535,35.437767],[133.332317,35.439077],[133.332188,35.439251],[133.331587,35.43885],[133.331228,35.438599],[133.33115,35.438658],[133.33081,35.438385],[133.329964,35.437668],[133.329523,35.437322],[133.329452,35.437221],[133.329587,35.437105],[133.329324,35.436888],[133.330488,35.43595],[133.330878,35.435646],[133.331768,35.434923],[133.333369,35.436312],[133.334226,35.437068]]]},"properties":{"code":"31202008002","name":"錦町二丁目","kihon1":"0080"}},
{"type":"Feature","geometry":{"type":"Polygon","coordinates":[[[133.331587,35.43885],[133.331423,35.438849],[133.331087,35.439136],[133.330743,35.438863],[133.330485,35.439086],[133.330222,35.438855],[133.329963,35.439061],[133.329722,35.438862],[133.329607,35.438958],[133.329497,35.438869],[133.328751,35.439466],[133.328841,35.43954],[133.328642,35.439704],[133.328883,35.4399],[133.328469,35.440207],[133.327708,35.440803],[133.327914,35.440934],[133.326858,35.441216],[133.326311,35.439936],[133.326105,35.439463],[133.326978,35.438753],[133.32786,35.438049],[133.329177,35.437011],[133.329324,35.436888],[133.329587,35.437105],[133.329452,35.437221],[133.329523,35.437322],[133.329964,35.437668],[133.33081,35.438385],[133.33115,35.438658],[133.331228,35.438599],[133.331587,35.43885]]]},"properties":{"code":"31202008003","name":"錦町三丁目","kihon1":"0080"}},
{"type":"Feature","geometry":{"type":"Polygon","coordinates":[[[133.332139,35.431671],[133.331664,35.432067],[133.331748,35.432341],[133.331725,35.432775],[133.331801,35.433004],[133.331307,35.433063],[133.331322,35.433186],[133.331251,35.433336],[133.331021,35.433462],[133.330874,35.433841],[133.330674,35.433825],[133.330514,35.433803],[133.330559,35.4336],[133.330409,35.43347],[133.330389,35.433165],[133.33032,35.432768],[133.330238,35.432449],[133.330151,35.432463],[133.330037,35.431815],[133.330319,35.43181],[133.330741,35.431691],[133.3308,35.431578],[133.330954,35.431546],[133.331136,35.431387],[133.331745,35.431326],[133.332139,35.431671]]]},"properties":{"code":"312020090","name":"朝日町","kihon1":"0090"}},
{"type":"Feature","geometry":{"type":"Polygon","coordinates":[[[133.335608,35.425996],[133.335845,35.426947],[133.335943,35.427103],[133.336004,35.427339],[133.336161,35.427563],[133.33549,35.428067],[133.335112,35.427733],[133.335089,35.427612],[133.335344,35.427385],[133.334804,35.426914],[133.334611,35.427066],[133.334452,35.427123],[133.334248,35.426997],[133.333838,35.42665],[133.334203,35.426396],[133.334451,35.426151],[133.334751,35.426109],[133.334763,35.426188],[133.335017,35.426163],[133.334996,35.426059],[133.335608,35.425996]]]},"properties":{"code":"31202010001","name":"道笑町一丁目","kihon1":"0100"}},
{"type":"Feature","geometry":{"type":"Polygon","coordinates":[[[133.339375,35.426817],[133.338479,35.42706],[133.337156,35.427392],[133.337097,35.427274],[133.336906,35.427397],[133.336429,35.427442],[133.336161,35.427563],[133.336004,35.427339],[133.335943,35.427103],[133.335845,35.426947],[133.335608,35.425996],[133.336357,35.425919],[133.336332,35.425659],[133.336389,35.425582],[133.336131,35.425174],[133.336693,35.424886],[133.336912,35.425158],[133.337235,35.424995],[133.338483,35.425824],[133.339018,35.426382],[133.339288,35.426704],[133.339375,35.426817]]]},"properties":{"code":"31202010002","name":"道笑町二丁目","kihon1":"0100"}},
{"type":"Feature","geometry":{"type":"Polygon","coordinates":[[[133.343741,35.423652],[133.343794,35.423892],[133.343812,35.424481],[133.343924,35.424989],[133.342668,35.425349],[133.341702,35.425639],[133.341788,35.425886],[133.341609,35.42593],[133.341705,35.42615],[133.340842,35.426339],[133.339288,35.426704],[133.339018,35.426382],[133.339015,35.42605],[133.338972,35.425774],[133.338879,35.425492],[133.339075,35.42536],[133.338517,35.424633],[133.338398,35.42408],[133.339253,35.424042],[133.339576,35.423955],[133.340414,35.423906],[133.34058,35.424309],[133.341077,35.424169],[133.341165,35.424174],[133.342064,35.423924],[133.342578,35.423767],[133.343566,35.423652],[133.343741,35.423652]]]},"properties":{"code":"31202010003","name":"道笑町三丁目","kihon1":"0100"}},
{"type":"Feature","geometry":{"type":"Polygon","coordinates":[[[133.348628,35.425076],[133.348549,35.425286],[133.348465,35.425354],[133.347424,35.425246],[133.34632,35.425326],[133.345898,35.425433],[133.345632,35.425549],[133.344985,35.425764],[133.344216,35.425997],[133.34401,35.425514],[133.343977,35.425198],[133.343924,35.424989],[133.343812,35.424481],[133.343794,35.423892],[133.343741,35.423652],[133.343725,35.423305],[133.343586,35.422785],[133.343869,35.422761],[133.344276,35.42278],[133.344743,35.423014],[133.344829,35.423114],[133.344905,35.423402],[133.345047,35.42344],[133.345422,35.423144],[133.345563,35.423114],[133.345952,35.423268],[133.346041,35.423242],[133.34621,35.422966],[133.34662,35.422936],[133.346731,35.422862],[133.346695,35.42252],[133.347423,35.422405],[133.347447,35.422305],[133.347985,35.421803],[133.348334,35.421563],[133.348508,35.421804],[133.348485,35.422255],[133.348316,35.422415],[133.348428,35.423084],[133.34855,35.424254],[133.348628,35.425076]]]},"properties":{"code":"31202010004","name":"道笑町四丁目","kihon1":"0100"}},
{"type":"Feature","geometry":{"type":"Polygon","coordinates":[[[133.353491,35.426177],[133.353368,35.426341],[133.352875,35.426901],[133.352402,35.427312],[133.352192,35.427801],[133.352058,35.428048],[133.35188,35.428167],[133.351504,35.428152],[133.351275,35.427149],[133.350917,35.427202],[133.350049,35.427012],[133.350104,35.426664],[133.349979,35.426352],[133.349916,35.426031],[133.349764,35.425082],[133.349454,35.425101],[133.348628,35.425076],[133.34855,35.424254],[133.348428,35.423084],[133.348316,35.422415],[133.348485,35.422255],[133.348508,35.421804],[133.348334,35.421563],[133.347985,35.421803],[133.347447,35.422305],[133.347423,35.422405],[133.346695,35.42252],[133.346545,35.422513],[133.346532,35.422342],[133.346593,35.421282],[133.346417,35.420861],[133.346446,35.420665],[133.346558,35.420539],[133.346996,35.420169],[133.347133,35.419996],[133.347256,35.419745],[133.347336,35.419494],[133.347388,35.419187],[133.347415,35.418697],[133.347404,35.41828],[133.347338,35.418054],[133.347191,35.417695],[133.347203,35.417356],[133.347383,35.417126],[133.347426,35.416973],[133.347613,35.416631],[133.347722,35.416327],[133.347879,35.415781],[133.348388,35.415766],[133.348576,35.41579],[133.349035,35.415939],[133.349263,35.415955],[133.349606,35.415927],[133.349875,35.416027],[133.350791,35.416715],[133.350956,35.416789],[133.351432,35.416941],[133.352471,35.417153],[133.352022,35.417976],[133.352378,35.418076],[133.352732,35.418062],[133.353589,35.417922],[133.35359,35.417576],[133.353553,35.417407],[133.353543,35.416997],[133.353605,35.416931],[133.354307,35.416641],[133.35459,35.416451],[133.355094,35.415572],[133.355238,35.415353],[133.35547,35.415126],[133.355803,35.41498],[133.356073,35.41495],[133.356322,35.414858],[133.356867,35.414347],[133.357061,35.414343],[133.357411,35.414544],[133.357918,35.415025],[133.358483,35.414901],[133.358686,35.414948],[133.359194,35.415276],[133.35933,35.415307],[133.359658,35.415263],[133.359846,35.415267],[133.360242,35.415363],[133.360558,35.415465],[133.360709,35.41557],[133.360763,35.415788],[133.360729,35.416195],[133.360705,35.416508],[133.360792,35.41664],[133.361034,35.416806],[133.361089,35.416885],[133.361067,35.417061],[133.360828,35.417321],[133.360459,35.417656],[133.360451,35.417768],[133.360626,35.418124],[133.360423,35.41813],[133.360027,35.418073],[133.35921,35.417901],[133.358267,35.417806],[133.358052,35.417857],[133.357912,35.417948],[133.357734,35.418178],[133.357586,35.418729],[133.357368,35.419088],[133.357266,35.419194],[133.356843,35.419467],[133.356701,35.419633],[133.356434,35.42007],[133.356348,35.420439],[133.356298,35.420805],[133.356171,35.421059],[133.355845,35.421344],[133.355774,35.421552],[133.355871,35.422051],[133.355829,35.422371],[133.355481,35.422573],[133.355126,35.422701],[133.355014,35.422835],[133.355002,35.423044],[133.355064,35.423174],[133.354862,35.423594],[133.354579,35.42369],[133.354471,35.423768],[133.354292,35.424153],[133.354143,35.424394],[133.354024,35.424512],[133.353721,35.424645],[133.353392,35.424856],[133.353375,35.42491],[133.353524,35.425492],[133.353561,35.42595],[133.353491,35.426177]]]},"properties":{"code":"312020110","name":"長砂町","kihon1":"0110"}},
{"type":"Feature","geometry":{"type":"Polygon","coordinates":[[[133.345161,35.428247],[133.344359,35.428434],[133.343994,35.428474],[133.342211,35.428606],[133.341779,35.428662],[133.341286,35.428654],[133.341027,35.428703],[133.340267,35.427886],[133.340139,35.427854],[133.339749,35.427347],[133.339375,35.426817],[133.339288,35.426704],[133.340842,35.426339],[133.341705,35.42615],[133.341609,35.42593],[133.341788,35.425886],[133.341702,35.425639],[133.342668,35.425349],[133.343924,35.424989],[133.343977,35.425198],[133.34401,35.425514],[133.344216,35.425997],[133.345161,35.428247]]]},"properties":{"code":"312020120","name":"昭和町","kihon1":"0120"}},
{"type":"Feature","geometry":{"type":"Polygon","coordinates":[[[133.336693,35.424886],[133.336131,35.425174],[133.336389,35.425582],[133.336332,35.425659],[133.336357,35.425919],[133.335608,35.425996],[133.334996,35.426059],[133.335017,35.426163],[133.334763,35.426188],[133.334751,35.426109],[133.334679,35.425702],[133.334877,35.425608],[133.334595,35.425255],[133.333924,35.425607],[133.333558,35.4253],[133.335063,35.424535],[133.335321,35.424868],[133.336226,35.424401],[133.336291,35.424367],[133.336693,35.424886]]]},"properties":{"code":"312020130","name":"万能町","kihon1":"0130"}},
{"type":"Feature","geometry":{"type":"Polygon","coordinates":[[[133.333558,35.4253],[133.333924,35.425607],[133.334595,35.425255],[133.334877,35.425608],[133.334679,35.425702],[133.334751,35.426109],[133.334451,35.426151],[133.334203,35.426396],[133.333838,35.42665],[133.333398,35.426302],[133.333083,35.426209],[133.332711,35.425842],[133.333189,35.425523],[133.333558,35.4253]]]},"properties":{"code":"312020140","name":"日野町","kihon1":"0140"}},
{"type":"Feature","geometry":{"type":"Polygon","coordinates":[[[133.335579,35.429105],[133.335401,35.429112],[133.335307,35.429182],[133.334869,35.4295],[133.334664,35.428692],[133.334457,35.428707],[133.334328,35.42849],[133.334018,35.428198],[133.333896,35.428045],[133.333465,35.427641],[133.333479,35.427592],[133.334248,35.426997],[133.334452,35.427123],[133.334611,35.427066],[133.334804,35.426914],[133.335344,35.427385],[133.335089,35.427612],[133.335112,35.427733],[133.33549,35.428067],[133.335249,35.428177],[133.33546,35.428458],[133.335579,35.429105]]]},"properties":{"code":"312020150","name":"法勝寺町","kihon1":"0150"}},
{"type":"Feature","geometry":{"type":"Polygon","coordinates":[[[133.333479,35.427592],[133.333465,35.427641],[133.333896,35.428045],[133.334018,35.428198],[133.334328,35.42849],[133.334457,35.428707],[133.334664,35.428692],[133.334869,35.4295],[133.334632,35.42967],[133.333723,35.430377],[133.333132,35.429864],[133.333269,35.429795],[133.333169,35.429646],[133.333166,35.429513],[133.332967,35.429215],[133.332389,35.428481],[133.332722,35.428213],[133.333479,35.427592]]]},"properties":{"code":"312020160","name":"紺屋町","kihon1":"0160"}},
{"type":"Feature","geometry":{"type":"Polygon","coordinates":[[[133.333723,35.430377],[133.333205,35.430797],[133.332637,35.430304],[133.332446,35.430312],[133.331747,35.42961],[133.331694,35.429651],[133.331288,35.429254],[133.331766,35.428962],[133.332389,35.428481],[133.332967,35.429215],[133.333166,35.429513],[133.333169,35.429646],[133.333269,35.429795],[133.333132,35.429864],[133.333723,35.430377]]]},"properties":{"code":"312020170","name":"四日市町","kihon1":"0170"}},
{"type":"Feature","geometry":{"type":"Polygon","coordinates":[[[133.334248,35.426997],[133.333479,35.427592],[133.332722,35.428213],[133.332081,35.427652],[133.332204,35.427562],[133.331512,35.426964],[133.331299,35.427118],[133.330919,35.426786],[133.330094,35.426024],[133.329602,35.425579],[133.329817,35.425454],[133.329538,35.424724],[133.329487,35.424315],[133.329123,35.423511],[133.328968,35.423196],[133.329286,35.423078],[133.329832,35.422814],[133.330104,35.423161],[133.330547,35.423634],[133.331389,35.424567],[133.331858,35.425027],[133.332711,35.425842],[133.333083,35.426209],[133.333398,35.426302],[133.333838,35.42665],[133.334248,35.426997]]]},"properties":{"code":"312020180","name":"東町","kihon1":"0180"}},
{"type":"Feature","geometry":{"type":"Polygon","coordinates":[[[133.338398,35.42408],[133.338517,35.424633],[133.339075,35.42536],[133.338879,35.425492],[133.338972,35.425774],[133.339015,35.42605],[133.339018,35.426382],[133.338483,35.425824],[133.337235,35.424995],[133.336912,35.425158],[133.336693,35.424886],[133.336291,35.424367],[133.336226,35.424401],[133.335315,35.423194],[133.335147,35.422961],[133.334652,35.422331],[133.334118,35.421691],[133.333931,35.421417],[133.333935,35.421154],[133.33411,35.420952],[133.334685,35.420564],[133.335238,35.420208],[133.335437,35.420233],[133.33651,35.420155],[133.337335,35.421172],[133.337799,35.422266],[133.337544,35.42234],[133.33816,35.424085],[133.338398,35.42408]]]},"properties":{"code":"312020190","name":"弥生町","kihon1":"0190"}},
{"type":"Feature","geometry":{"type":"Polygon","coordinates":[[[133.351504,35.428152],[133.35082,35.428141],[133.350721,35.428177],[133.350307,35.428431],[133.350184,35.428539],[133.34974,35.428821],[133.349435,35.428987],[133.349116,35.429004],[133.348994,35.429009],[133.34894,35.428893],[133.349001,35.428752],[133.348486,35.428539],[133.34812,35.428498],[133.347896,35.428538],[133.347537,35.428514],[133.347269,35.428541],[133.346798,35.428459],[133.346404,35.428415],[133.345774,35.428501],[133.34573,35.428398],[133.3452,35.428544],[133.345161,35.428247],[133.344216,35.425997],[133.344985,35.425764],[133.345632,35.425549],[133.345898,35.425433],[133.34632,35.425326],[133.347424,35.425246],[133.348465,35.425354],[133.348549,35.425286],[133.348628,35.425076],[133.349454,35.425101],[133.349764,35.425082],[133.349916,35.426031],[133.349979,35.426352],[133.350104,35.426664],[133.350049,35.427012],[133.350917,35.427202],[133.351275,35.427149],[133.351504,35.428152]]]},"properties":{"code":"312020200","name":"陽田町","kihon1":"0200"}},
{"type":"Feature","geometry":{"type":"Polygon","coordinates":[[[133.332081,35.427652],[133.330461,35.428827],[133.329956,35.429166],[133.328452,35.430227],[133.327915,35.429529],[133.328307,35.429228],[133.327988,35.428942],[133.328572,35.428502],[133.328515,35.428438],[133.329163,35.428014],[133.329259,35.427899],[133.32954,35.427733],[133.329851,35.428121],[133.331299,35.427118],[133.331512,35.426964],[133.332204,35.427562],[133.332081,35.427652]]]},"properties":{"code":"31202021001","name":"加茂町一丁目","kihon1":"0210"}},
{"type":"Feature","geometry":{"type":"Polygon","coordinates":[[[133.327988,35.428942],[133.327904,35.428872],[133.327664,35.429009],[133.327471,35.428765],[133.327533,35.428721],[133.327315,35.428466],[133.327074,35.428269],[133.327221,35.428185],[133.327096,35.428017],[133.327233,35.427941],[133.327931,35.427509],[133.328311,35.427308],[133.328234,35.427201],[133.328714,35.426919],[133.32877,35.427],[133.328968,35.426865],[133.3293,35.42658],[133.330094,35.426024],[133.330919,35.426786],[133.331299,35.427118],[133.329851,35.428121],[133.32954,35.427733],[133.329259,35.427899],[133.329163,35.428014],[133.328515,35.428438],[133.328572,35.428502],[133.327988,35.428942]]]},"properties":{"code":"31202021002","name":"加茂町二丁目","kihon1":"0210"}},
{"type":"Feature","geometry":{"type":"Polygon","coordinates":[[[133.332528,35.424337],[133.333157,35.424937],[133.333558,35.4253],[133.333189,35.425523],[133.332711,35.425842],[133.331858,35.425027],[133.331389,35.424567],[133.33186,35.42428],[133.332244,35.424076],[133.332528,35.424337]]]},"properties":{"code":"312020220","name":"茶町","kihon1":"0220"}},
{"type":"Feature","geometry":{"type":"Polygon","coordinates":[[[133.332005,35.423462],[133.331789,35.423603],[133.332244,35.424076],[133.33186,35.42428],[133.331389,35.424567],[133.330547,35.423634],[133.331512,35.422988],[133.332005,35.423462]]]},"properties":{"code":"312020230","name":"塩町","kihon1":"0230"}},
{"type":"Feature","geometry":{"type":"Polygon","coordinates":[[[133.335315,35.423194],[133.33441,35.423672],[133.334177,35.423378],[133.332528,35.424337],[133.332244,35.424076],[133.331789,35.423603],[133.332005,35.423462],[133.332211,35.423326],[133.331721,35.422813],[133.331731,35.422673],[133.331114,35.421855],[133.331899,35.421185],[133.332249,35.420868],[133.332909,35.420376],[133.333211,35.42019],[133.334043,35.419797],[133.334685,35.420564],[133.33411,35.420952],[133.333935,35.421154],[133.333931,35.421417],[133.334118,35.421691],[133.334652,35.422331],[133.335147,35.422961],[133.335315,35.423194]]]},"properties":{"code":"312020240","name":"末広町","kihon1":"0240"}},
{"type":"Feature","geometry":{"type":"Polygon","coordinates":[[[133.332005,35.423462],[133.331512,35.422988],[133.330547,35.423634],[133.330104,35.423161],[133.329832,35.422814],[133.330134,35.422624],[133.331114,35.421855],[133.331731,35.422673],[133.331721,35.422813],[133.332211,35.423326],[133.332005,35.423462]]]},"properties":{"code":"312020250","name":"大工町","kihon1":"0250"}},
{"type":"Feature","geometry":{"type":"Polygon","coordinates":[[[133.331114,35.421855],[133.330134,35.422624],[133.329832,35.422814],[133.329507,35.422407],[133.329314,35.422514],[133.329066,35.422129],[133.329119,35.422001],[133.329382,35.421753],[133.329384,35.421664],[133.327713,35.42125],[133.327272,35.420228],[133.326898,35.419432],[133.327223,35.419165],[133.327628,35.41887],[133.327742,35.418708],[133.327821,35.418491],[133.327895,35.418437],[133.328344,35.418372],[133.328618,35.418244],[133.329049,35.417933],[133.329373,35.417829],[133.3296,35.417883],[133.33014,35.4181],[133.330311,35.418263],[133.330451,35.418891],[133.330566,35.419106],[133.330226,35.419912],[133.330962,35.420122],[133.331359,35.420143],[133.331637,35.420025],[133.331809,35.420224],[133.331748,35.420352],[133.331575,35.420448],[133.331655,35.42055],[133.331452,35.420979],[133.331899,35.421185],[133.331114,35.421855]]]},"properties":{"code":"312020260","name":"愛宕町","kihon1":"0260"}},
{"type":"Feature","geometry":{"type":"Polygon","coordinates":[[[133.329832,35.422814],[133.329286,35.423078],[133.328968,35.423196],[133.328513,35.423331],[133.328078,35.423377],[133.327605,35.423279],[133.326589,35.422963],[133.326357,35.422857],[133.325521,35.422359],[133.325289,35.422296],[133.325261,35.422102],[133.325224,35.421845],[133.325431,35.421833],[133.325497,35.422008],[133.325892,35.421908],[133.325934,35.422004],[133.326361,35.42193],[133.327713,35.42125],[133.329384,35.421664],[133.329382,35.421753],[133.329119,35.422001],[133.329066,35.422129],[133.329314,35.422514],[133.329507,35.422407],[133.329832,35.422814]]]},"properties":{"code":"31202027001","name":"祇園町一丁目","kihon1":"0270"}},
{"type":"Feature","geometry":{"type":"Polygon","coordinates":[[[133.327713,35.42125],[133.326361,35.42193],[133.325934,35.422004],[133.325892,35.421908],[133.325497,35.422008],[133.325431,35.421833],[133.325224,35.421845],[133.325261,35.422102],[133.325175,35.422019],[133.324534,35.42176],[133.324172,35.421635],[133.323537,35.421479],[133.323418,35.421526],[133.323023,35.421408],[133.322853,35.421321],[133.322473,35.420971],[133.322338,35.420775],[133.322336,35.420555],[133.322547,35.420162],[133.32266,35.420065],[133.322767,35.419618],[133.322751,35.41948],[133.322868,35.419354],[133.322869,35.419048],[133.322709,35.419053],[133.322693,35.418982],[133.322732,35.417978],[133.322743,35.416962],[133.322268,35.416065],[133.322091,35.415707],[133.321677,35.414926],[133.321906,35.414846],[133.322559,35.415246],[133.322986,35.41524],[133.323038,35.415105],[133.323199,35.41504],[133.323122,35.414904],[133.323264,35.414558],[133.323575,35.41457],[133.323667,35.414496],[133.32402,35.414591],[133.324293,35.41473],[133.32442,35.414637],[133.324566,35.414401],[133.324667,35.414158],[133.324769,35.414035],[133.326775,35.416889],[133.326846,35.417141],[133.326695,35.41745],[133.326796,35.417706],[133.32702,35.417895],[133.32733,35.418085],[133.327404,35.418202],[133.327821,35.418491],[133.327742,35.418708],[133.327628,35.41887],[133.327223,35.419165],[133.326898,35.419432],[133.327272,35.420228],[133.327713,35.42125]]]},"properties":{"code":"31202027002","name":"祇園町二丁目","kihon1":"0270"}},
{"type":"Feature","geometry":{"type":"Polygon","coordinates":[[[133.337536,35.408968],[133.337452,35.409305],[133.337332,35.409553],[133.337245,35.409643],[133.336831,35.409787],[133.336527,35.409955],[133.336217,35.410224],[133.336043,35.410651],[133.33563,35.411058],[133.335559,35.411345],[133.335423,35.412162],[133.335359,35.412315],[133.335101,35.412495],[133.334626,35.412567],[133.334467,35.412657],[133.334227,35.41286],[133.333985,35.413133],[133.333755,35.41346],[133.333604,35.41373],[133.333443,35.414161],[133.333345,35.414341],[133.332988,35.414775],[133.332644,35.415054],[133.331731,35.415398],[133.330375,35.415844],[133.329872,35.416027],[133.329561,35.416185],[133.329031,35.416358],[133.328672,35.416317],[133.327203,35.416847],[133.326775,35.416889],[133.324769,35.414035],[133.324667,35.414158],[133.324566,35.414401],[133.32442,35.414637],[133.324293,35.41473],[133.32402,35.414591],[133.323667,35.414496],[133.323575,35.41457],[133.323264,35.414558],[133.323122,35.414904],[133.323199,35.41504],[133.323038,35.415105],[133.322986,35.41524],[133.322559,35.415246],[133.321906,35.414846],[133.321677,35.414926],[133.321383,35.414353],[133.320866,35.413514],[133.321138,35.413381],[133.321424,35.413362],[133.321048,35.412638],[133.31986,35.412991],[133.319157,35.412478],[133.32003,35.411407],[133.319755,35.411227],[133.319762,35.411098],[133.32039,35.410531],[133.320485,35.410427],[133.320162,35.410334],[133.320369,35.409615],[133.320471,35.408751],[133.320556,35.40849],[133.320719,35.408265],[133.321019,35.407978],[133.321388,35.407786],[133.321169,35.407568],[133.320894,35.407008],[133.320814,35.406658],[133.3209,35.406371],[133.321304,35.40595],[133.321343,35.405731],[133.321209,35.405539],[133.321048,35.405155],[133.320777,35.404899],[133.320588,35.40463],[133.320401,35.404192],[133.320384,35.40393],[133.320423,35.403732],[133.320596,35.403389],[133.320994,35.403215],[133.321418,35.402968],[133.32149,35.402857],[133.321478,35.402119],[133.321294,35.401623],[133.321276,35.401432],[133.321331,35.401237],[133.32156,35.400668],[133.321664,35.400303],[133.322056,35.400248],[133.322537,35.400265],[133.32328,35.400192],[133.323665,35.400063],[133.32382,35.399949],[133.323902,35.399796],[133.323942,35.39939],[133.324021,35.399251],[133.324521,35.398693],[133.325096,35.398282],[133.32528,35.398172],[133.325472,35.398142],[133.325849,35.398142],[133.326265,35.398229],[133.326462,35.398401],[133.326604,35.398635],[133.326906,35.398928],[133.327104,35.399035],[133.327324,35.399071],[133.327903,35.39888],[133.328291,35.398813],[133.328423,35.398835],[133.328668,35.399018],[133.329011,35.399432],[133.329299,35.399594],[133.329498,35.399627],[133.329724,35.399605],[133.330002,35.399471],[133.330257,35.399197],[133.330667,35.398823],[133.330985,35.398623],[133.331412,35.398853],[133.332124,35.399116],[133.332432,35.399321],[133.332799,35.399742],[133.332934,35.399844],[133.333251,35.399996],[133.333352,35.400094],[133.333618,35.400476],[133.333916,35.400837],[133.334049,35.400926],[133.334467,35.401087],[133.335127,35.401272],[133.334924,35.401535],[133.334361,35.402177],[133.334215,35.402441],[133.334209,35.402538],[133.334309,35.402724],[133.334481,35.402909],[133.334844,35.403149],[133.33508,35.403503],[133.335236,35.40358],[133.336067,35.403723],[133.336196,35.403944],[133.336198,35.404387],[133.336223,35.404672],[133.33628,35.404852],[133.33658,35.405291],[133.336704,35.405658],[133.336961,35.406169],[133.337109,35.406654],[133.337442,35.407092],[133.33769,35.407545],[133.337752,35.407747],[133.33777,35.407977],[133.337652,35.408443],[133.337504,35.408661],[133.337469,35.408879],[133.337536,35.408968]]]},"properties":{"code":"312020280","name":"陰田町","kihon1":"0280"}},
{"type":"Feature","geometry":{"type":"Polygon","coordinates":[[[133.334685,35.420564],[133.334043,35.419797],[133.333211,35.42019],[133.332909,35.420376],[133.332249,35.420868],[133.331899,35.421185],[133.331452,35.420979],[133.331655,35.42055],[133.331575,35.420448],[133.331748,35.420352],[133.331809,35.420224],[133.331637,35.420025],[133.331359,35.420143],[133.330962,35.420122],[133.330226,35.419912],[133.330566,35.419106],[133.330451,35.418891],[133.330311,35.418263],[133.33014,35.4181],[133.3296,35.417883],[133.329373,35.417829],[133.329049,35.417933],[133.328618,35.418244],[133.328344,35.418372],[133.327895,35.418437],[133.327821,35.418491],[133.327404,35.418202],[133.32733,35.418085],[133.32702,35.417895],[133.326796,35.417706],[133.326695,35.41745],[133.326846,35.417141],[133.326775,35.416889],[133.327203,35.416847],[133.328672,35.416317],[133.329031,35.416358],[133.329561,35.416185],[133.329872,35.416027],[133.330375,35.415844],[133.331731,35.415398],[133.332644,35.415054],[133.332988,35.414775],[133.333345,35.414341],[133.333443,35.414161],[133.333604,35.41373],[133.333755,35.41346],[133.333985,35.413133],[133.334227,35.41286],[133.334467,35.412657],[133.334626,35.412567],[133.335101,35.412495],[133.335359,35.412315],[133.335423,35.412162],[133.335559,35.411345],[133.33563,35.411058],[133.336043,35.410651],[133.336217,35.410224],[133.336527,35.409955],[133.336831,35.409787],[133.337245,35.409643],[133.337332,35.409553],[133.337452,35.409305],[133.337536,35.408968],[133.337646,35.409049],[133.338187,35.409326],[133.33853,35.409675],[133.338707,35.409782],[133.33909,35.40996],[133.339194,35.410247],[133.339219,35.41057],[133.339188,35.410813],[133.33928,35.411243],[133.339435,35.411431],[133.339869,35.412041],[133.340004,35.412381],[133.340138,35.412578],[133.340359,35.41282],[133.340473,35.413233],[133.340608,35.413627],[133.340643,35.413816],[133.340547,35.414148],[133.340595,35.414597],[133.340565,35.414938],[133.340479,35.415046],[133.340106,35.415182],[133.33978,35.415506],[133.339197,35.415761],[133.33853,35.415773],[133.338164,35.415881],[133.337654,35.416099],[133.33715,35.416266],[133.336015,35.416608],[133.335852,35.416735],[133.3359,35.416853],[133.336206,35.416926],[133.336459,35.417098],[133.336489,35.417395],[133.336542,35.417586],[133.336267,35.417672],[133.336325,35.417951],[133.335987,35.41804],[133.336068,35.418364],[133.335941,35.418468],[133.335957,35.418774],[133.336026,35.419405],[133.335958,35.419893],[133.335538,35.420048],[133.335238,35.420208],[133.334685,35.420564]]]},"properties":{"code":"312020290","name":"大谷町","kihon1":"0290"}},
{"type":"Feature","geometry":{"type":"Polygon","coordinates":[[[133.343741,35.423652],[133.343566,35.423652],[133.342578,35.423767],[133.342064,35.423924],[133.341165,35.424174],[133.341077,35.424169],[133.34058,35.424309],[133.340414,35.423906],[133.339576,35.423955],[133.339253,35.424042],[133.338398,35.42408],[133.33816,35.424085],[133.337544,35.42234],[133.337799,35.422266],[133.337335,35.421172],[133.33651,35.420155],[133.335437,35.420233],[133.335238,35.420208],[133.335538,35.420048],[133.335958,35.419893],[133.336026,35.419405],[133.335957,35.418774],[133.335941,35.418468],[133.336068,35.418364],[133.335987,35.41804],[133.336325,35.417951],[133.336267,35.417672],[133.336542,35.417586],[133.336489,35.417395],[133.336459,35.417098],[133.336206,35.416926],[133.3359,35.416853],[133.335852,35.416735],[133.336015,35.416608],[133.33715,35.416266],[133.337654,35.416099],[133.338164,35.415881],[133.33853,35.415773],[133.339197,35.415761],[133.33978,35.415506],[133.340106,35.415182],[133.340479,35.415046],[133.340565,35.414938],[133.340595,35.414597],[133.340547,35.414148],[133.340643,35.413816],[133.340608,35.413627],[133.340473,35.413233],[133.340359,35.41282],[133.341017,35.412993],[133.341703,35.41322],[133.342214,35.41343],[133.343214,35.413942],[133.343627,35.414199],[133.34323,35.415091],[133.343168,35.415471],[133.342891,35.415579],[133.34284,35.415755],[133.342695,35.415852],[133.342641,35.41602],[133.342787,35.416214],[133.342964,35.416378],[133.342785,35.416787],[133.342424,35.417312],[133.342241,35.417526],[133.342105,35.41758],[133.341839,35.417606],[133.341671,35.417585],[133.341142,35.417345],[133.340915,35.417396],[133.340845,35.417637],[133.341038,35.41796],[133.341354,35.418373],[133.341517,35.418514],[133.341175,35.418886],[133.340632,35.419231],[133.34091,35.419337],[133.341099,35.419521],[133.341281,35.419778],[133.341375,35.42003],[133.341755,35.420157],[133.341768,35.420393],[133.34156,35.420716],[133.341576,35.420875],[133.341745,35.42115],[133.341753,35.42136],[133.342013,35.421508],[133.342075,35.421602],[133.342374,35.421751],[133.342703,35.421959],[133.34339,35.422335],[133.343489,35.422476],[133.343392,35.422551],[133.343546,35.422667],[133.343586,35.422785],[133.343725,35.423305],[133.343741,35.423652]]]},"properties":{"code":"312020300","name":"目久美町","kihon1":"0300"}},
{"type":"Feature","geometry":{"type":"Polygon","coordinates":[[[133.330173,35.429939],[133.330621,35.430389],[133.330969,35.430692],[133.331098,35.430598],[133.33153,35.431134],[133.331745,35.431326],[133.331136,35.431387],[133.330954,35.431546],[133.3308,35.431578],[133.330741,35.431691],[133.330319,35.43181],[133.330037,35.431815],[133.329776,35.431476],[133.329009,35.430668],[133.330173,35.429939]]]},"properties":{"code":"312020310","name":"西倉吉町","kihon1":"0310"}},
{"type":"Feature","geometry":{"type":"Polygon","coordinates":[[[133.332081,35.427652],[133.332722,35.428213],[133.332389,35.428481],[133.331766,35.428962],[133.331288,35.429254],[133.330173,35.429939],[133.329009,35.430668],[133.328223,35.431124],[133.32795,35.430578],[133.328452,35.430227],[133.329956,35.429166],[133.330461,35.428827],[133.332081,35.427652]]]},"properties":{"code":"312020320","name":"中町","kihon1":"0320"}},
{"type":"Feature","geometry":{"type":"Polygon","coordinates":[[[133.336226,35.424401],[133.335321,35.424868],[133.335063,35.424535],[133.333558,35.4253],[133.333157,35.424937],[133.332528,35.424337],[133.334177,35.423378],[133.33441,35.423672],[133.335315,35.423194],[133.336226,35.424401]]]},"properties":{"code":"312020330","name":"明治町","kihon1":"0330"}},
{"type":"Feature","geometry":{"type":"Polygon","coordinates":[[[133.333205,35.430797],[133.332526,35.431335],[133.332224,35.431591],[133.332139,35.431671],[133.331745,35.431326],[133.33153,35.431134],[133.331098,35.430598],[133.330969,35.430692],[133.330621,35.430389],[133.330173,35.429939],[133.331288,35.429254],[133.331694,35.429651],[133.331747,35.42961],[133.332446,35.430312],[133.332637,35.430304],[133.333205,35.430797]]]},"properties":{"code":"312020340","name":"東倉吉町","kihon1":"0340"}},
{"type":"Feature","geometry":{"type":"Polygon","coordinates":[[[133.327233,35.427941],[133.326992,35.427637],[133.326902,35.427676],[133.326735,35.427457],[133.325989,35.427946],[133.325827,35.427916],[133.325229,35.427989],[133.324852,35.428077],[133.324723,35.428617],[133.323435,35.428488],[133.3227,35.428528],[133.322661,35.428755],[133.322368,35.428718],[133.322388,35.428557],[133.321924,35.428594],[133.320708,35.428758],[133.320296,35.427055],[133.320025,35.425807],[133.320163,35.425732],[133.320138,35.425618],[133.319995,35.425553],[133.320595,35.425462],[133.320532,35.425557],[133.320589,35.425686],[133.32089,35.425645],[133.320873,35.425511],[133.320927,35.425334],[133.321084,35.425388],[133.321274,35.425266],[133.321375,35.425057],[133.321592,35.424995],[133.321771,35.424851],[133.321845,35.424681],[133.32183,35.424382],[133.321782,35.424184],[133.321493,35.423779],[133.321562,35.423507],[133.321893,35.423312],[133.322103,35.423248],[133.322324,35.423123],[133.322988,35.422984],[133.322949,35.422896],[133.324868,35.422545],[133.325187,35.422539],[133.32533,35.422572],[133.325289,35.422296],[133.325521,35.422359],[133.326357,35.422857],[133.326589,35.422963],[133.327605,35.423279],[133.328078,35.423377],[133.328513,35.423331],[133.328968,35.423196],[133.329123,35.423511],[133.329487,35.424315],[133.329538,35.424724],[133.329817,35.425454],[133.329602,35.425579],[133.330094,35.426024],[133.3293,35.42658],[133.328968,35.426865],[133.32877,35.427],[133.328714,35.426919],[133.328234,35.427201],[133.328311,35.427308],[133.327931,35.427509],[133.327233,35.427941]]]},"properties":{"code":"312020350","name":"久米町","kihon1":"0350"}},
{"type":"Feature","geometry":{"type":"Polygon","coordinates":[[[133.322268,35.416065],[133.322743,35.416962],[133.322732,35.417978],[133.322693,35.418982],[133.321515,35.419004],[133.321203,35.418957],[133.32097,35.418797],[133.320526,35.418134],[133.319813,35.416979],[133.321712,35.416262],[133.322268,35.416065]]]},"properties":{"code":"31202036101","name":"錦海町一丁目","kihon1":"0361"}},
{"type":"Feature","geometry":{"type":"Polygon","coordinates":[[[133.318564,35.415039],[133.319139,35.414379],[133.319427,35.414192],[133.320777,35.413404],[133.320866,35.413514],[133.321383,35.414353],[133.321677,35.414926],[133.322091,35.415707],[133.322268,35.416065],[133.321712,35.416262],[133.319813,35.416979],[133.319022,35.415769],[133.318564,35.415039]]]},"properties":{"code":"31202036102","name":"錦海町二丁目","kihon1":"0361"}},
{"type":"Feature","geometry":{"type":"Polygon","coordinates":[[[133.322709,35.419053],[133.322018,35.420858],[133.32187,35.420989],[133.321699,35.421033],[133.321331,35.420974],[133.320895,35.420846],[133.320589,35.420616],[133.319316,35.419042],[133.317999,35.417452],[133.317606,35.416951],[133.317492,35.416688],[133.31752,35.416415],[133.317785,35.415944],[133.318564,35.415039],[133.319022,35.415769],[133.319813,35.416979],[133.320526,35.418134],[133.32097,35.418797],[133.321203,35.418957],[133.321515,35.419004],[133.322693,35.418982],[133.322709,35.419053]]]},"properties":{"code":"31202036103","name":"錦海町三丁目","kihon1":"0361"}},
{"type":"Feature","geometry":{"type":"Polygon","coordinates":[[[133.330619,35.434013],[133.33045,35.4338],[133.330229,35.433916],[133.330181,35.43385],[133.329637,35.434128],[133.329515,35.433723],[133.329046,35.433679],[133.329036,35.433574],[133.328489,35.433589],[133.328403,35.4334],[133.328645,35.433212],[133.328606,35.43312],[133.328993,35.432928],[133.328888,35.432715],[133.32873,35.432522],[133.328587,35.432422],[133.328519,35.432201],[133.327971,35.431462],[133.328274,35.431258],[133.328223,35.431124],[133.329009,35.430668],[133.329776,35.431476],[133.330037,35.431815],[133.330151,35.432463],[133.330238,35.432449],[133.33032,35.432768],[133.330389,35.433165],[133.330409,35.43347],[133.330559,35.4336],[133.330514,35.433803],[133.330674,35.433825],[133.330619,35.434013]]]},"properties":{"code":"312020370","name":"尾高町","kihon1":"0370"}},
{"type":"Feature","geometry":{"type":"Polygon","coordinates":[[[133.327971,35.431462],[133.328519,35.432201],[133.328587,35.432422],[133.32873,35.432522],[133.328888,35.432715],[133.328993,35.432928],[133.328606,35.43312],[133.328645,35.433212],[133.328403,35.4334],[133.328056,35.433478],[133.327615,35.433585],[133.327327,35.433206],[133.326928,35.432739],[133.326657,35.432845],[133.326614,35.432759],[133.326411,35.432726],[133.326276,35.432522],[133.326544,35.432338],[133.326825,35.432176],[133.327971,35.431462]]]},"properties":{"code":"312020380","name":"岩倉町","kihon1":"0380"}},
{"type":"Feature","geometry":{"type":"Polygon","coordinates":[[[133.326789,35.435532],[133.326777,35.43544],[133.326256,35.4355],[133.326237,35.435431],[133.325749,35.435445],[133.325583,35.435324],[133.325156,35.435193],[133.325077,35.434626],[133.32596,35.434471],[133.325877,35.434111],[133.326178,35.434073],[133.326165,35.433983],[133.326357,35.434018],[133.327716,35.43384],[133.328174,35.433902],[133.328056,35.433478],[133.328403,35.4334],[133.328489,35.433589],[133.329036,35.433574],[133.329046,35.433679],[133.329515,35.433723],[133.329637,35.434128],[133.329887,35.434899],[133.329702,35.435049],[133.328316,35.435075],[133.328286,35.434942],[133.327957,35.434936],[133.327802,35.435013],[133.327563,35.435038],[133.327347,35.435104],[133.327084,35.435282],[133.326789,35.435532]]]},"properties":{"code":"312020390","name":"寺町","kihon1":"0390"}},
{"type":"Feature","geometry":{"type":"Polygon","coordinates":[[[133.327971,35.431462],[133.326825,35.432176],[133.326544,35.432338],[133.326408,35.432192],[133.326533,35.432117],[133.326252,35.431754],[133.326807,35.431428],[133.326562,35.43108],[133.32795,35.430578],[133.328223,35.431124],[133.328274,35.431258],[133.327971,35.431462]]]},"properties":{"code":"31202040001","name":"天神町一丁目","kihon1":"0400"}},
{"type":"Feature","geometry":{"type":"Polygon","coordinates":[[[133.326252,35.431754],[133.326533,35.432117],[133.326408,35.432192],[133.326544,35.432338],[133.326276,35.432522],[133.326022,35.432693],[133.32546,35.432876],[133.325033,35.432969],[133.324937,35.432495],[133.325028,35.43245],[133.324995,35.432183],[133.325434,35.432066],[133.325646,35.432027],[133.326103,35.43184],[133.326252,35.431754]]]},"properties":{"code":"31202040002","name":"天神町二丁目","kihon1":"0400"}},
{"type":"Feature","geometry":{"type":"Polygon","coordinates":[[[133.325434,35.432066],[133.324995,35.432183],[133.325028,35.43245],[133.324937,35.432495],[133.325033,35.432969],[133.324788,35.433004],[133.323681,35.43302],[133.323246,35.432961],[133.322428,35.432701],[133.322488,35.432573],[133.322262,35.432459],[133.322286,35.432257],[133.321969,35.432223],[133.32217,35.431351],[133.322301,35.431371],[133.3224,35.430867],[133.322821,35.430922],[133.322846,35.430828],[133.323224,35.430769],[133.323506,35.430825],[133.32379,35.430482],[133.3243,35.430391],[133.324389,35.430761],[133.324744,35.430695],[133.324863,35.431128],[133.325216,35.430999],[133.325284,35.431217],[133.325434,35.432066]]]},"properties":{"code":"312020410","name":"内町","kihon1":"0410"}},
{"type":"Feature","geometry":{"type":"Polygon","coordinates":[[[133.328056,35.433478],[133.328174,35.433902],[133.327716,35.43384],[133.326357,35.434018],[133.326165,35.433983],[133.326118,35.433755],[133.326271,35.433739],[133.326143,35.433196],[133.326086,35.432762],[133.326022,35.432693],[133.326276,35.432522],[133.326411,35.432726],[133.326614,35.432759],[133.326657,35.432845],[133.326928,35.432739],[133.327327,35.433206],[133.327615,35.433585],[133.328056,35.433478]]]},"properties":{"code":"31202042001","name":"立町一丁目","kihon1":"0420"}},
{"type":"Feature","geometry":{"type":"Polygon","coordinates":[[[133.326022,35.432693],[133.326086,35.432762],[133.326143,35.433196],[133.326271,35.433739],[133.326118,35.433755],[133.326165,35.433983],[133.326178,35.434073],[133.325877,35.434111],[133.32596,35.434471],[133.325077,35.434626],[133.324958,35.433908],[133.324788,35.433004],[133.325033,35.432969],[133.32546,35.432876],[133.326022,35.432693]]]},"properties":{"code":"31202042002","name":"立町二丁目","kihon1":"0420"}},
{"type":"Feature","geometry":{"type":"Polygon","coordinates":[[[133.326789,35.435532],[133.326747,35.435732],[133.326908,35.435852],[133.326399,35.436259],[133.326021,35.436495],[133.32563,35.43672],[133.325313,35.436755],[133.324759,35.436751],[133.324599,35.435786],[133.3246,35.43522],[133.325156,35.435193],[133.325583,35.435324],[133.325749,35.435445],[133.326237,35.435431],[133.326256,35.4355],[133.326777,35.43544],[133.326789,35.435532]]]},"properties":{"code":"31202042003","name":"立町三丁目","kihon1":"0420"}},
{"type":"Feature","geometry":{"type":"Polygon","coordinates":[[[133.326021,35.436495],[133.326009,35.43677],[133.326041,35.436945],[133.325893,35.437091],[133.326138,35.437303],[133.325663,35.437672],[133.325601,35.437826],[133.32569,35.438304],[133.325647,35.438366],[133.325867,35.438534],[133.325381,35.438911],[133.324938,35.43862],[133.32344,35.437821],[133.323688,35.437438],[133.323913,35.43752],[133.324096,35.437426],[133.324301,35.437377],[133.32471,35.436753],[133.324759,35.436751],[133.325313,35.436755],[133.32563,35.43672],[133.326021,35.436495]]]},"properties":{"code":"31202042004","name":"立町四丁目","kihon1":"0420"}},
{"type":"Feature","geometry":{"type":"Polygon","coordinates":[[[133.324958,35.433908],[133.324184,35.433937],[133.323676,35.433794],[133.323211,35.433706],[133.322851,35.433666],[133.322084,35.433555],[133.32143,35.433303],[133.321498,35.433205],[133.321268,35.433177],[133.321347,35.432575],[133.320683,35.432561],[133.3206,35.433128],[133.320554,35.433126],[133.320626,35.432558],[133.320107,35.432541],[133.319431,35.433233],[133.319409,35.433218],[133.320091,35.432501],[133.321032,35.432526],[133.321612,35.432559],[133.322416,35.432728],[133.322428,35.432701],[133.323246,35.432961],[133.323681,35.43302],[133.324788,35.433004],[133.324958,35.433908]]]},"properties":{"code":"31202043001","name":"灘町一丁目","kihon1":"0430"}},
{"type":"Feature","geometry":{"type":"Polygon","coordinates":[[[133.324958,35.433908],[133.325077,35.434626],[133.325156,35.435193],[133.3246,35.43522],[133.324599,35.435786],[133.324141,35.435578],[133.322614,35.434856],[133.321736,35.434429],[133.321033,35.434107],[133.321249,35.433947],[133.320992,35.433626],[133.321098,35.433614],[133.32143,35.433303],[133.322084,35.433555],[133.322851,35.433666],[133.323211,35.433706],[133.323676,35.433794],[133.324184,35.433937],[133.324958,35.433908]]]},"properties":{"code":"31202043002","name":"灘町二丁目","kihon1":"0430"}},
{"type":"Feature","geometry":{"type":"Polygon","coordinates":[[[133.320992,35.433626],[133.321249,35.433947],[133.321033,35.434107],[133.321736,35.434429],[133.322614,35.434856],[133.324141,35.435578],[133.324599,35.435786],[133.324759,35.436751],[133.32471,35.436753],[133.324151,35.436746],[133.321414,35.435433],[133.319641,35.434627],[133.318982,35.434884],[133.319324,35.435046],[133.319007,35.435182],[133.318227,35.434264],[133.317671,35.434554],[133.317597,35.434446],[133.317105,35.433697],[133.31804,35.433259],[133.31826,35.43341],[133.318653,35.433941],[133.319479,35.433844],[133.319465,35.433748],[133.319737,35.433712],[133.319756,35.433806],[133.32022,35.433752],[133.320225,35.433717],[133.320992,35.433626]]]},"properties":{"code":"31202043003","name":"灘町三丁目","kihon1":"0430"}},
{"type":"Feature","geometry":{"type":"Polygon","coordinates":[[[133.32344,35.437821],[133.322357,35.437261],[133.320712,35.436361],[133.319781,35.435743],[133.319007,35.435182],[133.319324,35.435046],[133.318982,35.434884],[133.319641,35.434627],[133.321414,35.435433],[133.324151,35.436746],[133.32471,35.436753],[133.324301,35.437377],[133.324096,35.437426],[133.323913,35.43752],[133.323688,35.437438],[133.32344,35.437821]]]},"properties":{"code":"312020440","name":"花園町","kihon1":"0440"}},
{"type":"Feature","geometry":{"type":"Polygon","coordinates":[[[133.32795,35.430578],[133.326562,35.43108],[133.326807,35.431428],[133.326252,35.431754],[133.326103,35.43184],[133.325646,35.432027],[133.325434,35.432066],[133.325284,35.431217],[133.325216,35.430999],[133.324863,35.431128],[133.324744,35.430695],[133.324389,35.430761],[133.3243,35.430391],[133.32379,35.430482],[133.323506,35.430825],[133.323224,35.430769],[133.322846,35.430828],[133.322821,35.430922],[133.3224,35.430867],[133.322409,35.430817],[133.32122,35.430665],[133.321155,35.430617],[133.320708,35.428758],[133.321924,35.428594],[133.322388,35.428557],[133.322368,35.428718],[133.322661,35.428755],[133.3227,35.428528],[133.323435,35.428488],[133.324723,35.428617],[133.324852,35.428077],[133.325229,35.427989],[133.325827,35.427916],[133.325989,35.427946],[133.326735,35.427457],[133.326902,35.427676],[133.326992,35.427637],[133.327233,35.427941],[133.327096,35.428017],[133.327221,35.428185],[133.327074,35.428269],[133.327315,35.428466],[133.327533,35.428721],[133.327471,35.428765],[133.327664,35.429009],[133.327904,35.428872],[133.327988,35.428942],[133.328307,35.429228],[133.327915,35.429529],[133.328452,35.430227],[133.32795,35.430578]]]},"properties":{"code":"312020450","name":"西町","kihon1":"0450"}},
{"type":"Feature","geometry":{"type":"Polygon","coordinates":[[[133.322438,35.439431],[133.322193,35.43996],[133.32213,35.440285],[133.322147,35.440612],[133.322228,35.440739],[133.321891,35.441276],[133.321856,35.441531],[133.321734,35.441494],[133.320834,35.441248],[133.320871,35.441051],[133.320794,35.440615],[133.320453,35.440468],[133.320402,35.440373],[133.320658,35.439956],[133.320632,35.439842],[133.32066,35.439412],[133.320812,35.439035],[133.321359,35.439187],[133.322176,35.43943],[133.322438,35.439431]]]},"properties":{"code":"312020460","name":"三旗町","kihon1":"0460"}},
{"type":"Feature","geometry":{"type":"Polygon","coordinates":[[[133.326311,35.439936],[133.325647,35.440458],[133.325602,35.440251],[133.325052,35.440249],[133.324631,35.440183],[133.324287,35.440095],[133.324141,35.440026],[133.323895,35.439801],[133.323302,35.439475],[133.322438,35.439431],[133.322176,35.43943],[133.321359,35.439187],[133.321511,35.438492],[133.321544,35.438496],[133.322357,35.437261],[133.32344,35.437821],[133.324938,35.43862],[133.325381,35.438911],[133.326105,35.439463],[133.326311,35.439936]]]},"properties":{"code":"312020470","name":"義方町","kihon1":"0470"}},
{"type":"Feature","geometry":{"type":"Polygon","coordinates":[[[133.313057,35.43649],[133.313045,35.43644],[133.312659,35.436446],[133.311271,35.436597],[133.309365,35.436716],[133.308368,35.436743],[133.308218,35.436662],[133.3075,35.434983],[133.307482,35.434872],[133.310023,35.43416],[133.311484,35.433744],[133.311408,35.433562],[133.312833,35.433161],[133.314627,35.432327],[133.315113,35.43209],[133.316643,35.431375],[133.317213,35.432218],[133.317326,35.432172],[133.317656,35.432639],[133.317608,35.432667],[133.31804,35.433259],[133.317105,35.433697],[133.317597,35.434446],[133.316933,35.434894],[133.316622,35.435119],[133.316417,35.4352],[133.315427,35.435852],[133.315124,35.436065],[133.31486,35.43618],[133.314162,35.436317],[133.313561,35.436387],[133.313531,35.436446],[133.313057,35.43649]]]},"properties":{"code":"31202048100","name":"旗ヶ崎","kihon1":"0481"}},
{"type":"Feature","geometry":{"type":"Polygon","coordinates":[[[133.303559,35.436011],[133.303573,35.435979],[133.307191,35.434955],[133.307255,35.435086],[133.307985,35.436838],[133.307896,35.437032],[133.306295,35.437599],[133.305265,35.438194],[133.305258,35.43827],[133.305158,35.438317],[133.304238,35.436949],[133.303841,35.436428],[133.303559,35.436011]]]},"properties":{"code":"31202048100","name":"旗ヶ崎","kihon1":"0481"}},
{"type":"Feature","geometry":{"type":"Polygon","coordinates":[[[133.320834,35.441248],[133.320357,35.441256],[133.319562,35.441389],[133.319333,35.441323],[133.318424,35.441331],[133.318239,35.440875],[133.31802,35.440879],[133.317835,35.440801],[133.317525,35.440345],[133.317359,35.439966],[133.316994,35.439342],[133.316668,35.438838],[133.316539,35.438575],[133.317223,35.438197],[133.318798,35.437377],[133.320712,35.436361],[133.322357,35.437261],[133.321544,35.438496],[133.321511,35.438492],[133.321359,35.439187],[133.320812,35.439035],[133.32066,35.439412],[133.320632,35.439842],[133.320658,35.439956],[133.320402,35.440373],[133.320453,35.440468],[133.320794,35.440615],[133.320871,35.441051],[133.320834,35.441248]]]},"properties":{"code":"31202048101","name":"旗ヶ崎一丁目","kihon1":"0481"}},
{"type":"Feature","geometry":{"type":"Polygon","coordinates":[[[133.319007,35.435182],[133.319781,35.435743],[133.320712,35.436361],[133.318798,35.437377],[133.317223,35.438197],[133.316539,35.438575],[133.315762,35.438973],[133.314954,35.439414],[133.314773,35.439512],[133.314339,35.438709],[133.313361,35.436972],[133.313632,35.43687],[133.313476,35.436556],[133.313531,35.436446],[133.313561,35.436387],[133.314162,35.436317],[133.31486,35.43618],[133.315124,35.436065],[133.315427,35.435852],[133.316417,35.4352],[133.316622,35.435119],[133.316933,35.434894],[133.317597,35.434446],[133.317671,35.434554],[133.318227,35.434264],[133.319007,35.435182]]]},"properties":{"code":"31202048102","name":"旗ヶ崎二丁目","kihon1":"0481"}},
{"type":"Feature","geometry":{"type":"Polygon","coordinates":[[[133.316539,35.438575],[133.316668,35.438838],[133.316994,35.439342],[133.317359,35.439966],[133.317525,35.440345],[133.317835,35.440801],[133.31802,35.440879],[133.318239,35.440875],[133.318424,35.441331],[133.318468,35.441755],[133.31862,35.44224],[133.318601,35.443047],[133.318535,35.443507],[133.318479,35.443647],[133.318169,35.444059],[133.317735,35.443617],[133.317191,35.443237],[133.316682,35.442839],[133.316489,35.442626],[133.316134,35.442082],[133.315909,35.441663],[133.315604,35.4405],[133.315507,35.440229],[133.315277,35.439793],[133.314954,35.439414],[133.315762,35.438973],[133.316539,35.438575]]]},"properties":{"code":"31202048103","name":"旗ヶ崎三丁目","kihon1":"0481"}},
{"type":"Feature","geometry":{"type":"Polygon","coordinates":[[[133.314954,35.439414],[133.315277,35.439793],[133.315507,35.440229],[133.315604,35.4405],[133.315909,35.441663],[133.316134,35.442082],[133.316489,35.442626],[133.316309,35.44302],[133.316062,35.44342],[133.315531,35.444158],[133.31484,35.444501],[133.314285,35.443597],[133.314015,35.443193],[133.313135,35.441968],[133.312764,35.441596],[133.31265,35.441636],[133.311491,35.440673],[133.31246,35.44045],[133.313288,35.440239],[133.313565,35.44013],[133.314382,35.439722],[133.314773,35.439512],[133.314954,35.439414]]]},"properties":{"code":"31202048104","name":"旗ヶ崎四丁目","kihon1":"0481"}},
{"type":"Feature","geometry":{"type":"Polygon","coordinates":[[[133.311491,35.440673],[133.31265,35.441636],[133.312764,35.441596],[133.313135,35.441968],[133.314015,35.443193],[133.314285,35.443597],[133.31484,35.444501],[133.313407,35.445178],[133.313129,35.445419],[133.312605,35.445731],[133.312362,35.445442],[133.31182,35.44478],[133.311473,35.444208],[133.310897,35.443293],[133.310774,35.443033],[133.310731,35.44281],[133.310635,35.442126],[133.310494,35.440893],[133.311491,35.440673]]]},"properties":{"code":"31202048105","name":"旗ヶ崎五丁目","kihon1":"0481"}},
{"type":"Feature","geometry":{"type":"Polygon","coordinates":[[[133.313531,35.436446],[133.313476,35.436556],[133.313632,35.43687],[133.313361,35.436972],[133.314339,35.438709],[133.314773,35.439512],[133.314382,35.439722],[133.313565,35.44013],[133.313288,35.440239],[133.31246,35.44045],[133.311491,35.440673],[133.310494,35.440893],[133.310491,35.440873],[133.310021,35.439363],[133.310589,35.439048],[133.310382,35.438582],[133.310155,35.438126],[133.309492,35.436892],[133.311237,35.436786],[133.312782,35.436623],[133.313073,35.436559],[133.313057,35.43649],[133.313531,35.436446]]]},"properties":{"code":"31202048106","name":"旗ヶ崎六丁目","kihon1":"0481"}},
{"type":"Feature","geometry":{"type":"Polygon","coordinates":[[[133.309492,35.436892],[133.310155,35.438126],[133.310382,35.438582],[133.310589,35.439048],[133.310021,35.439363],[133.310491,35.440873],[133.309616,35.441066],[133.308849,35.44125],[133.307622,35.441523],[133.306565,35.441771],[133.305874,35.439675],[133.305705,35.439103],[133.305656,35.439004],[133.305263,35.438421],[133.305158,35.438317],[133.305258,35.43827],[133.3053,35.438327],[133.305967,35.437973],[133.30646,35.437729],[133.308022,35.437183],[133.308535,35.437128],[133.309069,35.437031],[133.309359,35.436899],[133.309492,35.436892]]]},"properties":{"code":"31202048107","name":"旗ヶ崎七丁目","kihon1":"0481"}},
{"type":"Feature","geometry":{"type":"Polygon","coordinates":[[[133.310731,35.44281],[133.310347,35.44283],[133.310146,35.442906],[133.310067,35.443066],[133.309927,35.443195],[133.309358,35.443523],[133.309433,35.443643],[133.308861,35.443676],[133.307913,35.443658],[133.307886,35.443842],[133.30804,35.444485],[133.307669,35.44454],[133.307487,35.444733],[133.307367,35.444424],[133.307075,35.443487],[133.306875,35.442882],[133.306901,35.442832],[133.306565,35.441771],[133.307622,35.441523],[133.308849,35.44125],[133.309616,35.441066],[133.310491,35.440873],[133.310494,35.440893],[133.310635,35.442126],[133.310731,35.44281]]]},"properties":{"code":"31202048108","name":"旗ヶ崎八丁目","kihon1":"0481"}},
{"type":"Feature","geometry":{"type":"Polygon","coordinates":[[[133.312362,35.445442],[133.310922,35.446376],[133.310259,35.446792],[133.309984,35.446912],[133.308522,35.447461],[133.308283,35.446677],[133.308529,35.446581],[133.308291,35.44624],[133.307881,35.44553],[133.307487,35.444733],[133.307669,35.44454],[133.30804,35.444485],[133.307886,35.443842],[133.307913,35.443658],[133.308861,35.443676],[133.309433,35.443643],[133.309358,35.443523],[133.309927,35.443195],[133.310067,35.443066],[133.310146,35.442906],[133.310347,35.44283],[133.310731,35.44281],[133.310774,35.443033],[133.310897,35.443293],[133.311473,35.444208],[133.31182,35.44478],[133.312362,35.445442]]]},"properties":{"code":"31202048109","name":"旗ヶ崎九丁目","kihon1":"0481"}},
{"type":"Feature","geometry":{"type":"Polygon","coordinates":[[[133.321734,35.441494],[133.321619,35.441717],[133.321492,35.441823],[133.321265,35.442114],[133.321784,35.442215],[133.321598,35.442407],[133.319306,35.444954],[133.3188,35.44461],[133.318489,35.444372],[133.318169,35.444059],[133.318479,35.443647],[133.318535,35.443507],[133.318601,35.443047],[133.31862,35.44224],[133.318468,35.441755],[133.318424,35.441331],[133.319333,35.441323],[133.319562,35.441389],[133.320357,35.441256],[133.320834,35.441248],[133.321734,35.441494]]]},"properties":{"code":"31202049001","name":"上後藤一丁目","kihon1":"0490"}},
{"type":"Feature","geometry":{"type":"Polygon","coordinates":[[[133.320431,35.446084],[133.320077,35.445882],[133.319939,35.445733],[133.319306,35.444954],[133.321598,35.442407],[133.321784,35.442215],[133.322127,35.442261],[133.322122,35.443162],[133.322106,35.443996],[133.321999,35.444163],[133.321985,35.444431],[133.321877,35.444784],[133.322028,35.444815],[133.322,35.445636],[133.321601,35.44576],[133.321277,35.445775],[133.3208,35.445614],[133.320431,35.446084]]]},"properties":{"code":"31202049002","name":"上後藤二丁目","kihon1":"0490"}},
{"type":"Feature","geometry":{"type":"Polygon","coordinates":[[[133.322106,35.447058],[133.32093,35.447524],[133.320614,35.447714],[133.320261,35.447761],[133.319318,35.448154],[133.317289,35.448936],[133.316292,35.447569],[133.317234,35.446818],[133.318727,35.445634],[133.319306,35.444954],[133.319939,35.445733],[133.320077,35.445882],[133.320431,35.446084],[133.320653,35.446186],[133.321168,35.44633],[133.321961,35.446748],[133.322106,35.447058]]]},"properties":{"code":"31202049003","name":"上後藤三丁目","kihon1":"0490"}},
{"type":"Feature","geometry":{"type":"Polygon","coordinates":[[[133.316489,35.442626],[133.316682,35.442839],[133.317191,35.443237],[133.317735,35.443617],[133.318169,35.444059],[133.318489,35.444372],[133.3188,35.44461],[133.319306,35.444954],[133.318727,35.445634],[133.317234,35.446818],[133.316958,35.446439],[133.316618,35.446232],[133.316515,35.446113],[133.315932,35.445682],[133.315423,35.444957],[133.315155,35.444606],[133.31484,35.444501],[133.315531,35.444158],[133.316062,35.44342],[133.316309,35.44302],[133.316489,35.442626]]]},"properties":{"code":"31202049004","name":"上後藤四丁目","kihon1":"0490"}},
{"type":"Feature","geometry":{"type":"Polygon","coordinates":[[[133.31484,35.444501],[133.315155,35.444606],[133.315423,35.444957],[133.315932,35.445682],[133.316515,35.446113],[133.316618,35.446232],[133.316958,35.446439],[133.317234,35.446818],[133.316292,35.447569],[133.315412,35.448263],[133.315098,35.448487],[133.314635,35.448027],[133.314143,35.447414],[133.31354,35.446801],[133.312941,35.446138],[133.312605,35.445731],[133.313129,35.445419],[133.313407,35.445178],[133.31484,35.444501]]]},"properties":{"code":"31202049005","name":"上後藤五丁目","kihon1":"0490"}},
{"type":"Feature","geometry":{"type":"Polygon","coordinates":[[[133.312605,35.445731],[133.312941,35.446138],[133.31354,35.446801],[133.314143,35.447414],[133.313094,35.447916],[133.31263,35.448193],[133.312511,35.448342],[133.312529,35.448623],[133.311697,35.449032],[133.311023,35.449382],[133.310346,35.448729],[133.309753,35.448553],[133.309272,35.448368],[133.309056,35.448254],[133.308752,35.447838],[133.308522,35.447461],[133.309984,35.446912],[133.310259,35.446792],[133.310922,35.446376],[133.312362,35.445442],[133.312605,35.445731]]]},"properties":{"code":"31202049006","name":"上後藤六丁目","kihon1":"0490"}},
{"type":"Feature","geometry":{"type":"Polygon","coordinates":[[[133.314143,35.447414],[133.314635,35.448027],[133.315098,35.448487],[133.314573,35.448935],[133.313575,35.44972],[133.312369,35.450656],[133.312243,35.450762],[133.312213,35.450588],[133.311695,35.450084],[133.311023,35.449382],[133.311697,35.449032],[133.312529,35.448623],[133.312511,35.448342],[133.31263,35.448193],[133.313094,35.447916],[133.314143,35.447414]]]},"properties":{"code":"31202049007","name":"上後藤七丁目","kihon1":"0490"}},
{"type":"Feature","geometry":{"type":"Polygon","coordinates":[[[133.316292,35.447569],[133.317289,35.448936],[133.316562,35.449204],[133.315823,35.449502],[133.314695,35.449944],[133.312059,35.450989],[133.312243,35.450762],[133.312369,35.450656],[133.313575,35.44972],[133.314573,35.448935],[133.315098,35.448487],[133.315412,35.448263],[133.316292,35.447569]]]},"properties":{"code":"31202049008","name":"上後藤八丁目","kihon1":"0490"}},
{"type":"Feature","geometry":{"type":"Polygon","coordinates":[[[133.311695,35.450084],[133.311347,35.450325],[133.311664,35.450603],[133.311511,35.450697],[133.311625,35.450881],[133.311037,35.451142],[133.311109,35.451351],[133.309213,35.45208],[133.307715,35.452654],[133.307007,35.451562],[133.306588,35.450942],[133.305431,35.451519],[133.305142,35.451681],[133.304206,35.450521],[133.303522,35.449557],[133.303454,35.449552],[133.303208,35.449124],[133.30313,35.449124],[133.30294,35.448877],[133.302418,35.44813],[133.302408,35.448037],[133.302714,35.447534],[133.302107,35.446921],[133.30087,35.445568],[133.300722,35.445371],[133.300277,35.444382],[133.300003,35.443698],[133.300907,35.443405],[133.300974,35.443355],[133.300945,35.443016],[133.301515,35.442897],[133.301594,35.443187],[133.302109,35.44317],[133.302228,35.443045],[133.302316,35.443377],[133.302468,35.443367],[133.302429,35.443193],[133.302706,35.443189],[133.302818,35.443084],[133.303172,35.443095],[133.303328,35.443073],[133.303918,35.442769],[133.304681,35.442345],[133.304604,35.442209],[133.305037,35.442087],[133.304635,35.441352],[133.304553,35.441333],[133.303738,35.441446],[133.303401,35.441592],[133.302868,35.441718],[133.302549,35.441728],[133.302389,35.441767],[133.302116,35.441975],[133.301659,35.442067],[133.301187,35.442313],[133.30092,35.441189],[133.300779,35.440733],[133.30057,35.439801],[133.300435,35.439478],[133.299904,35.438438],[133.300293,35.438315],[133.300431,35.438514],[133.300791,35.438542],[133.301061,35.438287],[133.301561,35.437969],[133.301848,35.43788],[133.302077,35.437739],[133.302434,35.437361],[133.302712,35.437014],[133.302895,35.436899],[133.30311,35.436575],[133.303559,35.436011],[133.303841,35.436428],[133.304238,35.436949],[133.305158,35.438317],[133.305263,35.438421],[133.305656,35.439004],[133.305705,35.439103],[133.305874,35.439675],[133.306565,35.441771],[133.306901,35.442832],[133.306875,35.442882],[133.307075,35.443487],[133.307367,35.444424],[133.307487,35.444733],[133.307881,35.44553],[133.308291,35.44624],[133.308529,35.446581],[133.308283,35.446677],[133.308522,35.447461],[133.308752,35.447838],[133.309056,35.448254],[133.309272,35.448368],[133.309753,35.448553],[133.310346,35.448729],[133.311023,35.449382],[133.311695,35.450084]]]},"properties":{"code":"312020500","name":"安倍","kihon1":"0500"}},
{"type":"Feature","geometry":{"type":"Polygon","coordinates":[[[133.356339,35.430062],[133.355254,35.43025],[133.353924,35.430466],[133.352148,35.430784],[133.35064,35.43104],[133.349971,35.431164],[133.349064,35.431288],[133.348419,35.431349],[133.34772,35.431389],[133.347746,35.430714],[133.348213,35.429919],[133.348278,35.429768],[133.348484,35.429545],[133.348847,35.429638],[133.348907,35.429488],[133.34884,35.42907],[133.349116,35.429004],[133.349435,35.428987],[133.34974,35.428821],[133.350184,35.428539],[133.350307,35.428431],[133.350721,35.428177],[133.35082,35.428141],[133.351504,35.428152],[133.35188,35.428167],[133.352058,35.428048],[133.352192,35.427801],[133.352402,35.427312],[133.352875,35.426901],[133.353368,35.426341],[133.353491,35.426177],[133.353779,35.426281],[133.354595,35.426614],[133.354683,35.426436],[133.355142,35.426252],[133.355391,35.426232],[133.355709,35.42609],[133.355972,35.426053],[133.356177,35.426067],[133.356379,35.427617],[133.356196,35.42769],[133.356227,35.428292],[133.356339,35.430062]]]},"properties":{"code":"31202051100","name":"車尾","kihon1":"0511"}},
{"type":"Feature","geometry":{"type":"Polygon","coordinates":[[[133.35064,35.43104],[133.350174,35.431734],[133.349893,35.432225],[133.349181,35.432925],[133.348287,35.433781],[133.348225,35.433842],[133.347445,35.433606],[133.347522,35.433394],[133.347506,35.432727],[133.347727,35.432088],[133.34754,35.432057],[133.347675,35.431605],[133.347581,35.431389],[133.34772,35.431389],[133.348419,35.431349],[133.349064,35.431288],[133.349971,35.431164],[133.35064,35.43104]]]},"properties":{"code":"31202051101","name":"車尾一丁目","kihon1":"0511"}},
{"type":"Feature","geometry":{"type":"Polygon","coordinates":[[[133.358581,35.432852],[133.358303,35.432883],[133.35768,35.432888],[133.355745,35.432771],[133.353685,35.432658],[133.353307,35.432648],[133.35296,35.432674],[133.352562,35.43277],[133.352318,35.432883],[133.351282,35.433453],[133.350752,35.433335],[133.350154,35.433168],[133.349474,35.43307],[133.349181,35.432925],[133.349893,35.432225],[133.350174,35.431734],[133.35064,35.43104],[133.352148,35.430784],[133.353924,35.430466],[133.355254,35.43025],[133.356339,35.430062],[133.357887,35.429802],[133.357744,35.430216],[133.357629,35.430932],[133.357647,35.431314],[133.35772,35.431306],[133.357806,35.431728],[133.357879,35.43191],[133.358581,35.432852]]]},"properties":{"code":"31202051102","name":"車尾二丁目","kihon1":"0511"}},
{"type":"Feature","geometry":{"type":"Polygon","coordinates":[[[133.359347,35.434934],[133.358652,35.434915],[133.35718,35.434604],[133.355868,35.43548],[133.354831,35.434326],[133.355032,35.43417],[133.355054,35.434039],[133.354801,35.433895],[133.35452,35.433834],[133.353636,35.433725],[133.352854,35.433667],[133.352179,35.433588],[133.352123,35.433599],[133.351282,35.433453],[133.352318,35.432883],[133.352562,35.43277],[133.35296,35.432674],[133.353307,35.432648],[133.353685,35.432658],[133.355745,35.432771],[133.35768,35.432888],[133.358303,35.432883],[133.358581,35.432852],[133.359244,35.433829],[133.359291,35.434089],[133.35926,35.434458],[133.359347,35.434934]]]},"properties":{"code":"31202051103","name":"車尾三丁目","kihon1":"0511"}},
{"type":"Feature","geometry":{"type":"Polygon","coordinates":[[[133.361871,35.432004],[133.361945,35.432309],[133.36248,35.434988],[133.362672,35.43607],[133.36242,35.436358],[133.362061,35.43681],[133.361186,35.436384],[133.359886,35.435774],[133.359608,35.435547],[133.359592,35.435411],[133.359347,35.434934],[133.35926,35.434458],[133.359291,35.434089],[133.359244,35.433829],[133.358581,35.432852],[133.359315,35.432707],[133.361373,35.432105],[133.361871,35.432004]]]},"properties":{"code":"31202051104","name":"車尾四丁目","kihon1":"0511"}},
{"type":"Feature","geometry":{"type":"Polygon","coordinates":[[[133.361871,35.432004],[133.361373,35.432105],[133.359315,35.432707],[133.358581,35.432852],[133.357879,35.43191],[133.357806,35.431728],[133.35772,35.431306],[133.357647,35.431314],[133.357629,35.430932],[133.357744,35.430216],[133.357887,35.429802],[133.359956,35.429449],[133.361158,35.429251],[133.36132,35.429224],[133.361371,35.429454],[133.361688,35.430679],[133.361911,35.431627],[133.361961,35.431985],[133.361871,35.432004]]]},"properties":{"code":"31202051105","name":"車尾五丁目","kihon1":"0511"}},
{"type":"Feature","geometry":{"type":"Polygon","coordinates":[[[133.366129,35.428378],[133.36618,35.428699],[133.366317,35.429366],[133.366401,35.42985],[133.366486,35.43016],[133.366568,35.430799],[133.366671,35.431266],[133.361961,35.431985],[133.361911,35.431627],[133.361688,35.430679],[133.361371,35.429454],[133.36132,35.429224],[133.362586,35.428997],[133.366129,35.428378]]]},"properties":{"code":"31202051106","name":"車尾六丁目","kihon1":"0511"}},
{"type":"Feature","geometry":{"type":"Polygon","coordinates":[[[133.367634,35.436051],[133.365295,35.436555],[133.364469,35.43678],[133.364087,35.436051],[133.363663,35.436111],[133.362815,35.43613],[133.362672,35.43607],[133.36248,35.434988],[133.361945,35.432309],[133.361871,35.432004],[133.361961,35.431985],[133.366671,35.431266],[133.36678,35.431747],[133.366931,35.432542],[133.367077,35.433199],[133.367316,35.434421],[133.367634,35.436051]]]},"properties":{"code":"31202051107","name":"車尾七丁目","kihon1":"0511"}},
{"type":"Feature","geometry":{"type":"Polygon","coordinates":[[[133.356177,35.426067],[133.355972,35.426053],[133.355709,35.42609],[133.355391,35.426232],[133.355142,35.426252],[133.354683,35.426436],[133.354595,35.426614],[133.353779,35.426281],[133.353491,35.426177],[133.353561,35.42595],[133.353524,35.425492],[133.353375,35.42491],[133.353392,35.424856],[133.353721,35.424645],[133.354024,35.424512],[133.354143,35.424394],[133.354292,35.424153],[133.354471,35.423768],[133.354579,35.42369],[133.354862,35.423594],[133.355064,35.423174],[133.355002,35.423044],[133.355014,35.422835],[133.355126,35.422701],[133.355481,35.422573],[133.355829,35.422371],[133.355871,35.422051],[133.355774,35.421552],[133.355845,35.421344],[133.356171,35.421059],[133.356298,35.420805],[133.356348,35.420439],[133.356434,35.42007],[133.356701,35.419633],[133.356843,35.419467],[133.357266,35.419194],[133.357368,35.419088],[133.357586,35.418729],[133.357734,35.418178],[133.357912,35.417948],[133.358052,35.417857],[133.358267,35.417806],[133.35921,35.417901],[133.360027,35.418073],[133.360423,35.41813],[133.360626,35.418124],[133.360451,35.417768],[133.360459,35.417656],[133.360828,35.417321],[133.361067,35.417061],[133.361089,35.416885],[133.361034,35.416806],[133.360792,35.41664],[133.360705,35.416508],[133.360729,35.416195],[133.360914,35.415951],[133.361612,35.415295],[133.361731,35.41522],[133.362066,35.415181],[133.362623,35.415722],[133.362985,35.416013],[133.36342,35.416489],[133.363605,35.416763],[133.363897,35.417353],[133.364048,35.417819],[133.364154,35.418306],[133.364181,35.418748],[133.364117,35.419065],[133.366644,35.419112],[133.366539,35.419701],[133.366427,35.420602],[133.366379,35.421405],[133.366317,35.423105],[133.363558,35.423297],[133.363503,35.421633],[133.362739,35.421892],[133.362433,35.421951],[133.362135,35.421862],[133.361769,35.42147],[133.361473,35.421404],[133.360986,35.42138],[133.360552,35.421394],[133.359027,35.421502],[133.357492,35.421574],[133.357345,35.421618],[133.357146,35.421778],[133.356641,35.422294],[133.356174,35.422959],[133.356177,35.423569],[133.356152,35.42391],[133.356102,35.424013],[133.355448,35.424179],[133.355225,35.424288],[133.354934,35.42476],[133.35472,35.424972],[133.354361,35.425247],[133.354244,35.425385],[133.354173,35.425703],[133.356159,35.425904],[133.356177,35.426067]]]},"properties":{"code":"312020520","name":"観音寺","kihon1":"0520"}},
{"type":"Feature","geometry":{"type":"Polygon","coordinates":[[[133.348499,35.434986],[133.349134,35.434648],[133.349258,35.43477],[133.350842,35.435137],[133.35183,35.435376],[133.352062,35.435458],[133.352325,35.435613],[133.353631,35.435924],[133.354257,35.436542],[133.353552,35.437003],[133.350286,35.439169],[133.349248,35.43943],[133.34904,35.438216],[133.348618,35.435771],[133.348499,35.434986]]]},"properties":{"code":"31202053101","name":"中島一丁目","kihon1":"0531"}},
{"type":"Feature","geometry":{"type":"Polygon","coordinates":[[[133.351282,35.433453],[133.352123,35.433599],[133.352179,35.433588],[133.352854,35.433667],[133.353636,35.433725],[133.35452,35.433834],[133.354801,35.433895],[133.355054,35.434039],[133.355032,35.43417],[133.354831,35.434326],[133.355868,35.43548],[133.355177,35.435958],[133.354257,35.436542],[133.353631,35.435924],[133.352325,35.435613],[133.352062,35.435458],[133.35183,35.435376],[133.350842,35.435137],[133.349258,35.43477],[133.349134,35.434648],[133.348499,35.434986],[133.348487,35.434908],[133.348287,35.433781],[133.349181,35.432925],[133.349474,35.43307],[133.350154,35.433168],[133.350752,35.433335],[133.351282,35.433453]]]},"properties":{"code":"31202053102","name":"中島二丁目","kihon1":"0531"}},
{"type":"Feature","geometry":{"type":"Polygon","coordinates":[[[133.325816,35.44149],[133.325316,35.441588],[133.324736,35.441728],[133.323461,35.441762],[133.323457,35.441542],[133.32356,35.441212],[133.322849,35.441],[133.322228,35.440739],[133.322147,35.440612],[133.32213,35.440285],[133.322193,35.43996],[133.322438,35.439431],[133.323302,35.439475],[133.323895,35.439801],[133.324141,35.440026],[133.324287,35.440095],[133.324631,35.440183],[133.325052,35.440249],[133.325602,35.440251],[133.325647,35.440458],[133.326311,35.439936],[133.326858,35.441216],[133.326233,35.441366],[133.325806,35.441412],[133.325816,35.44149]]]},"properties":{"code":"31202054101","name":"三本松一丁目","kihon1":"0541"}},
{"type":"Feature","geometry":{"type":"Polygon","coordinates":[[[133.325772,35.442749],[133.325486,35.442799],[133.323775,35.443142],[133.323257,35.443253],[133.323205,35.443528],[133.32272,35.443498],[133.322418,35.44388],[133.322421,35.443997],[133.322106,35.443996],[133.322122,35.443162],[133.322127,35.442261],[133.321784,35.442215],[133.321265,35.442114],[133.321492,35.441823],[133.321619,35.441717],[133.321734,35.441494],[133.321856,35.441531],[133.321891,35.441276],[133.322228,35.440739],[133.322849,35.441],[133.32356,35.441212],[133.323457,35.441542],[133.323461,35.441762],[133.324736,35.441728],[133.325316,35.441588],[133.325816,35.44149],[133.325847,35.441834],[133.325841,35.442593],[133.325772,35.442749]]]},"properties":{"code":"31202054102","name":"三本松二丁目","kihon1":"0541"}},
{"type":"Feature","geometry":{"type":"Polygon","coordinates":[[[133.325828,35.44427],[133.325153,35.444514],[133.324064,35.444962],[133.323552,35.445159],[133.322,35.445636],[133.322028,35.444815],[133.321877,35.444784],[133.321985,35.444431],[133.321999,35.444163],[133.322106,35.443996],[133.322421,35.443997],[133.322418,35.44388],[133.32272,35.443498],[133.323205,35.443528],[133.323257,35.443253],[133.323775,35.443142],[133.325486,35.442799],[133.325772,35.442749],[133.325821,35.443339],[133.325828,35.44427]]]},"properties":{"code":"31202054103","name":"三本松三丁目","kihon1":"0541"}},
{"type":"Feature","geometry":{"type":"Polygon","coordinates":[[[133.32582,35.445595],[133.325561,35.445714],[133.324191,35.446276],[133.322779,35.446836],[133.322125,35.447103],[133.322106,35.447058],[133.321961,35.446748],[133.321168,35.44633],[133.320653,35.446186],[133.320431,35.446084],[133.3208,35.445614],[133.321277,35.445775],[133.321601,35.44576],[133.322,35.445636],[133.323552,35.445159],[133.324064,35.444962],[133.325153,35.444514],[133.325828,35.44427],[133.325819,35.444557],[133.32581,35.445178],[133.32582,35.445595]]]},"properties":{"code":"31202054104","name":"三本松四丁目","kihon1":"0541"}},
{"type":"Feature","geometry":{"type":"Polygon","coordinates":[[[133.341253,35.462275],[133.339814,35.462611],[133.33994,35.462964],[133.340155,35.463135],[133.340095,35.463182],[133.339888,35.462976],[133.339746,35.46259],[133.338833,35.462821],[133.338891,35.463004],[133.338817,35.463092],[133.338711,35.462839],[133.338283,35.462934],[133.338204,35.463008],[133.337986,35.463012],[133.337584,35.463112],[133.33762,35.463326],[133.337518,35.463353],[133.337456,35.463185],[133.336994,35.463262],[133.336936,35.463301],[133.336984,35.463511],[133.336861,35.463494],[133.336781,35.463315],[133.336496,35.463376],[133.336294,35.463337],[133.336134,35.463044],[133.336055,35.463088],[133.335181,35.463428],[133.334961,35.463531],[133.334733,35.463713],[133.334497,35.464118],[133.334358,35.46446],[133.333964,35.464114],[133.333677,35.463975],[133.333277,35.463895],[133.33309,35.463989],[133.333184,35.464204],[133.332989,35.464239],[133.332858,35.463899],[133.332648,35.463882],[133.332283,35.463992],[133.332171,35.46408],[133.332334,35.464404],[133.332175,35.464457],[133.332088,35.464328],[133.332052,35.464051],[133.331828,35.464043],[133.331518,35.464121],[133.331324,35.464293],[133.331507,35.46468],[133.331309,35.464712],[133.331185,35.464366],[133.331197,35.464244],[133.331046,35.464234],[133.330528,35.464377],[133.330431,35.46445],[133.330485,35.464575],[133.330686,35.464841],[133.330469,35.464902],[133.330372,35.464485],[133.330168,35.464492],[133.329829,35.464564],[133.32959,35.464683],[133.329734,35.464855],[133.329831,35.465096],[133.329628,35.465141],[133.329576,35.46503],[133.329577,35.464836],[133.329516,35.464667],[133.329333,35.464666],[133.329056,35.464722],[133.328726,35.464833],[133.328778,35.464885],[133.32896,35.465323],[133.328816,35.465357],[133.328637,35.464927],[133.328446,35.464869],[133.327899,35.465093],[133.327988,35.465212],[133.328115,35.465535],[133.32798,35.46557],[133.327835,35.465224],[133.327801,35.465017],[133.327466,35.465059],[133.327047,35.465254],[133.327292,35.465632],[133.327113,35.465723],[133.326971,35.465247],[133.326733,35.465274],[133.326212,35.46547],[133.326329,35.465599],[133.326413,35.465829],[133.326226,35.465863],[133.326186,35.465616],[133.326095,35.465401],[133.325585,35.46553],[133.323805,35.466052],[133.323118,35.466244],[133.322887,35.46619],[133.322273,35.466416],[133.321877,35.466535],[133.321756,35.466617],[133.321071,35.466831],[133.320777,35.466956],[133.320393,35.467036],[133.319987,35.467189],[133.31944,35.467429],[133.318869,35.467724],[133.318538,35.467943],[133.31784,35.468214],[133.317436,35.468267],[133.317079,35.468354],[133.316679,35.46851],[133.316142,35.468661],[133.315799,35.468049],[133.315506,35.467448],[133.314667,35.465891],[133.314321,35.46522],[133.313697,35.464062],[133.313215,35.463202],[133.313002,35.462772],[133.312677,35.462234],[133.311836,35.46091],[133.311219,35.460031],[133.310898,35.460101],[133.310517,35.459584],[133.310459,35.459448],[133.310486,35.459338],[133.310661,35.459161],[133.31117,35.458769],[133.311337,35.458596],[133.311487,35.45851],[133.312309,35.458181],[133.312679,35.457987],[133.312947,35.457749],[133.313191,35.457482],[133.312998,35.457212],[133.31326,35.457038],[133.313512,35.456705],[133.313817,35.456227],[133.313888,35.455979],[133.313252,35.4554],[133.313014,35.455231],[133.312625,35.455361],[133.312475,35.4553],[133.312028,35.454727],[133.311505,35.454195],[133.310787,35.453522],[133.310089,35.452907],[133.309213,35.45208],[133.311109,35.451351],[133.311037,35.451142],[133.311625,35.450881],[133.311511,35.450697],[133.311664,35.450603],[133.311347,35.450325],[133.311695,35.450084],[133.312213,35.450588],[133.312243,35.450762],[133.312059,35.450989],[133.314695,35.449944],[133.315823,35.449502],[133.316562,35.449204],[133.317289,35.448936],[133.319318,35.448154],[133.320261,35.447761],[133.320614,35.447714],[133.32093,35.447524],[133.322106,35.447058],[133.322125,35.447103],[133.322779,35.446836],[133.324191,35.446276],[133.325561,35.445714],[133.32582,35.445595],[133.325844,35.445582],[133.326199,35.44627],[133.326643,35.447099],[133.327056,35.447885],[133.32818,35.450084],[133.328692,35.451105],[133.330173,35.450603],[133.331032,35.45032],[133.332348,35.449865],[133.33429,35.449216],[133.33634,35.448507],[133.33665,35.4499],[133.336612,35.450325],[133.336719,35.450616],[133.3368,35.450881],[133.336729,35.452097],[133.33647,35.453517],[133.336476,35.454016],[133.336445,35.454222],[133.336346,35.454542],[133.336189,35.455267],[133.336021,35.455551],[133.335862,35.455992],[133.335856,35.45622],[133.335983,35.456586],[133.336067,35.456914],[133.336143,35.457059],[133.337564,35.459051],[133.337813,35.459539],[133.33815,35.459971],[133.338514,35.460261],[133.339073,35.460563],[133.339762,35.460812],[133.340104,35.46096],[133.340491,35.461337],[133.34114,35.462035],[133.341253,35.462275]]]},"properties":{"code":"312020542","name":"両三柳","kihon1":"0542"}},
{"type":"Feature","geometry":{"type":"Polygon","coordinates":[[[133.316142,35.468661],[133.315895,35.468737],[133.31561,35.468895],[133.315133,35.469125],[133.31468,35.469377],[133.314005,35.469677],[133.313553,35.469828],[133.313382,35.469861],[133.312569,35.470167],[133.312135,35.470243],[133.311501,35.470451],[133.311299,35.470568],[133.311153,35.470786],[133.311004,35.470837],[133.310309,35.469756],[133.309875,35.469113],[133.309517,35.468666],[133.308949,35.46771],[133.308596,35.466894],[133.307966,35.465933],[133.307767,35.465656],[133.30705,35.464844],[133.306276,35.464059],[133.305418,35.463457],[133.305118,35.46316],[133.304956,35.46311],[133.304089,35.46307],[133.303225,35.462111],[133.302372,35.46118],[133.300858,35.459465],[133.299249,35.45767],[133.298873,35.457239],[133.298643,35.456921],[133.297453,35.454719],[133.297137,35.454004],[133.296951,35.453767],[133.295961,35.452943],[133.295813,35.452845],[133.295783,35.45278],[133.295051,35.452274],[133.294807,35.452092],[133.296104,35.451291],[133.296025,35.451069],[133.296887,35.450476],[133.297705,35.449947],[133.298046,35.450304],[133.299034,35.449613],[133.29934,35.449385],[133.299482,35.449424],[133.299605,35.44923],[133.299991,35.448966],[133.300298,35.448701],[133.301462,35.447735],[133.301631,35.447659],[133.302408,35.448037],[133.302418,35.44813],[133.30294,35.448877],[133.30313,35.449124],[133.303208,35.449124],[133.303454,35.449552],[133.303522,35.449557],[133.304206,35.450521],[133.305142,35.451681],[133.305431,35.451519],[133.306588,35.450942],[133.307007,35.451562],[133.307715,35.452654],[133.309213,35.45208],[133.310089,35.452907],[133.310787,35.453522],[133.311505,35.454195],[133.312028,35.454727],[133.312475,35.4553],[133.312625,35.455361],[133.313014,35.455231],[133.313252,35.4554],[133.313888,35.455979],[133.313817,35.456227],[133.313512,35.456705],[133.31326,35.457038],[133.312998,35.457212],[133.313191,35.457482],[133.312947,35.457749],[133.312679,35.457987],[133.312309,35.458181],[133.311487,35.45851],[133.311337,35.458596],[133.31117,35.458769],[133.310661,35.459161],[133.310486,35.459338],[133.310459,35.459448],[133.310517,35.459584],[133.310898,35.460101],[133.311219,35.460031],[133.311836,35.46091],[133.312677,35.462234],[133.313002,35.462772],[133.313215,35.463202],[133.313697,35.464062],[133.314321,35.46522],[133.314667,35.465891],[133.315506,35.467448],[133.315799,35.468049],[133.316142,35.468661]]]},"properties":{"code":"312020550","name":"河崎","kihon1":"0550"}},
{"type":"Feature","geometry":{"type":"Polygon","coordinates":[[[133.366739,35.442207],[133.366572,35.44174],[133.365377,35.442102],[133.36515,35.441836],[133.36475,35.44154],[133.364522,35.441339],[133.364573,35.441719],[133.364437,35.44182],[133.363637,35.441985],[133.362263,35.442283],[133.360442,35.442623],[133.358968,35.442929],[133.357937,35.443084],[133.355501,35.443466],[133.355027,35.443527],[133.353709,35.443746],[133.352575,35.443922],[133.352099,35.443972],[133.351097,35.444114],[133.350615,35.444266],[133.350152,35.444574],[133.349902,35.443182],[133.349594,35.441365],[133.349248,35.43943],[133.350286,35.439169],[133.353552,35.437003],[133.354257,35.436542],[133.355177,35.435958],[133.355868,35.43548],[133.35718,35.434604],[133.358652,35.434915],[133.359347,35.434934],[133.359592,35.435411],[133.359608,35.435547],[133.359886,35.435774],[133.361186,35.436384],[133.362061,35.43681],[133.36242,35.436358],[133.362672,35.43607],[133.362815,35.43613],[133.363663,35.436111],[133.364087,35.436051],[133.364469,35.43678],[133.365295,35.436555],[133.367634,35.436051],[133.367742,35.436588],[133.368422,35.439395],[133.368632,35.440358],[133.368938,35.44144],[133.369066,35.441709],[133.368378,35.4418],[133.367889,35.441899],[133.367599,35.442004],[133.36707,35.44215],[133.366739,35.442207]]]},"properties":{"code":"31202056100","name":"上福原","kihon1":"0561"}},
{"type":"Feature","geometry":{"type":"Polygon","coordinates":[[[133.366975,35.442876],[133.366541,35.442663],[133.365986,35.442621],[133.365667,35.442729],[133.365223,35.443],[133.365364,35.443075],[133.365157,35.443215],[133.364788,35.443364],[133.364772,35.443517],[133.364598,35.443683],[133.363943,35.443837],[133.362936,35.444214],[133.362964,35.444644],[133.362419,35.444654],[133.361682,35.44485],[133.360907,35.444897],[133.360887,35.444732],[133.360844,35.443846],[133.360775,35.443329],[133.360442,35.442623],[133.362263,35.442283],[133.363637,35.441985],[133.364437,35.44182],[133.364573,35.441719],[133.364522,35.441339],[133.36475,35.44154],[133.36515,35.441836],[133.365377,35.442102],[133.366572,35.44174],[133.366739,35.442207],[133.366855,35.442524],[133.366831,35.442567],[133.366975,35.442876]]]},"properties":{"code":"31202056101","name":"上福原一丁目","kihon1":"0561"}},
{"type":"Feature","geometry":{"type":"Polygon","coordinates":[[[133.360442,35.442623],[133.360775,35.443329],[133.360844,35.443846],[133.360887,35.444732],[133.360907,35.444897],[133.360947,35.445274],[133.360987,35.445966],[133.357646,35.446515],[133.357163,35.445992],[133.356642,35.445339],[133.356289,35.444772],[133.355629,35.443781],[133.355501,35.443466],[133.357937,35.443084],[133.358968,35.442929],[133.360442,35.442623]]]},"properties":{"code":"31202056102","name":"上福原二丁目","kihon1":"0561"}},
{"type":"Feature","geometry":{"type":"Polygon","coordinates":[[[133.355501,35.443466],[133.355629,35.443781],[133.356289,35.444772],[133.356642,35.445339],[133.357163,35.445992],[133.357646,35.446515],[133.35611,35.446747],[133.355603,35.446838],[133.353832,35.447232],[133.352494,35.447502],[133.351438,35.446685],[133.350582,35.446042],[133.350567,35.445991],[133.350329,35.445414],[133.350152,35.444574],[133.350615,35.444266],[133.351097,35.444114],[133.352099,35.443972],[133.352575,35.443922],[133.353709,35.443746],[133.355027,35.443527],[133.355501,35.443466]]]},"properties":{"code":"31202056103","name":"上福原三丁目","kihon1":"0561"}},
{"type":"Feature","geometry":{"type":"Polygon","coordinates":[[[133.355603,35.446838],[133.355688,35.447157],[133.356209,35.448782],[133.356457,35.449487],[133.356659,35.450287],[133.356679,35.450426],[133.356443,35.450531],[133.356007,35.450188],[133.353609,35.448365],[133.353162,35.448009],[133.352494,35.447502],[133.353832,35.447232],[133.355603,35.446838]]]},"properties":{"code":"31202056104","name":"上福原四丁目","kihon1":"0561"}},
{"type":"Feature","geometry":{"type":"Polygon","coordinates":[[[133.350582,35.446042],[133.351438,35.446685],[133.352494,35.447502],[133.353162,35.448009],[133.353609,35.448365],[133.356007,35.450188],[133.356443,35.450531],[133.357587,35.451422],[133.356121,35.451756],[133.354568,35.452082],[133.35205,35.452528],[133.352071,35.452484],[133.352521,35.451565],[133.352562,35.451372],[133.351706,35.449275],[133.351502,35.44881],[133.351203,35.448055],[133.351094,35.44783],[133.350817,35.446827],[133.350582,35.446042]]]},"properties":{"code":"31202056105","name":"上福原五丁目","kihon1":"0561"}},
{"type":"Feature","geometry":{"type":"Polygon","coordinates":[[[133.357587,35.451422],[133.358717,35.45222],[133.360383,35.453496],[133.360022,35.45355],[133.357455,35.454166],[133.356467,35.454364],[133.355466,35.454543],[133.354795,35.452729],[133.354568,35.452082],[133.356121,35.451756],[133.357587,35.451422]]]},"properties":{"code":"31202056106","name":"上福原六丁目","kihon1":"0561"}},
{"type":"Feature","geometry":{"type":"Polygon","coordinates":[[[133.354568,35.452082],[133.354795,35.452729],[133.355466,35.454543],[133.356006,35.456023],[133.356339,35.456974],[133.355187,35.457142],[133.353297,35.457434],[133.352804,35.457515],[133.352193,35.455203],[133.35268,35.455117],[133.352587,35.454706],[133.352091,35.45281],[133.35205,35.452528],[133.354568,35.452082]]]},"properties":{"code":"31202056107","name":"上福原七丁目","kihon1":"0561"}},
{"type":"Feature","geometry":{"type":"Polygon","coordinates":[[[133.36519,35.449599],[133.365452,35.450601],[133.365542,35.451094],[133.365739,35.452324],[133.364789,35.452482],[133.362339,35.452902],[133.36218,35.452387],[133.361882,35.451228],[133.361627,35.450471],[133.362993,35.450126],[133.364607,35.449726],[133.365157,35.449606],[133.36519,35.449599]]]},"properties":{"code":"31202057101","name":"皆生新田一丁目","kihon1":"0571"}},
{"type":"Feature","geometry":{"type":"Polygon","coordinates":[[[133.371481,35.448068],[133.372549,35.451433],[133.369131,35.451854],[133.368757,35.451892],[133.367892,35.452024],[133.365739,35.452324],[133.365542,35.451094],[133.365452,35.450601],[133.36519,35.449599],[133.366985,35.449136],[133.368168,35.448856],[133.36893,35.448678],[133.371481,35.448068]]]},"properties":{"code":"31202057102","name":"皆生新田二丁目","kihon1":"0571"}},
{"type":"Feature","geometry":{"type":"Polygon","coordinates":[[[133.372549,35.451433],[133.37412,35.456386],[133.373033,35.456747],[133.37222,35.457066],[133.372152,35.457234],[133.370296,35.457573],[133.370278,35.457387],[133.370102,35.456628],[133.369865,35.455815],[133.369671,35.455315],[133.367911,35.455495],[133.366352,35.455639],[133.366267,35.455152],[133.36582,35.452808],[133.365739,35.452324],[133.367892,35.452024],[133.368757,35.451892],[133.369131,35.451854],[133.372549,35.451433]]]},"properties":{"code":"31202057103","name":"皆生新田三丁目","kihon1":"0571"}},
{"type":"Feature","geometry":{"type":"Polygon","coordinates":[[[133.366975,35.442876],[133.367112,35.443142],[133.366813,35.443534],[133.367022,35.443903],[133.366827,35.444093],[133.366854,35.444139],[133.366271,35.444494],[133.365798,35.444747],[133.365881,35.444862],[133.365496,35.445034],[133.365075,35.445033],[133.364498,35.445192],[133.364201,35.44543],[133.364001,35.445471],[133.363664,35.445058],[133.363293,35.445255],[133.362419,35.444654],[133.362964,35.444644],[133.362936,35.444214],[133.363943,35.443837],[133.364598,35.443683],[133.364772,35.443517],[133.364788,35.443364],[133.365157,35.443215],[133.365364,35.443075],[133.365223,35.443],[133.365667,35.442729],[133.365986,35.442621],[133.366541,35.442663],[133.366975,35.442876]]]},"properties":{"code":"31202057201","name":"皆生一丁目","kihon1":"0572"}},
{"type":"Feature","geometry":{"type":"Polygon","coordinates":[[[133.369066,35.441709],[133.370815,35.446123],[133.371188,35.447039],[133.371377,35.447739],[133.371481,35.448068],[133.36893,35.448678],[133.368168,35.448856],[133.36494,35.446482],[133.363293,35.445255],[133.363664,35.445058],[133.364001,35.445471],[133.364201,35.44543],[133.364498,35.445192],[133.365075,35.445033],[133.365496,35.445034],[133.365881,35.444862],[133.365798,35.444747],[133.366271,35.444494],[133.366854,35.444139],[133.366827,35.444093],[133.367022,35.443903],[133.366813,35.443534],[133.367112,35.443142],[133.366975,35.442876],[133.366831,35.442567],[133.366855,35.442524],[133.366739,35.442207],[133.36707,35.44215],[133.367599,35.442004],[133.367889,35.441899],[133.368378,35.4418],[133.369066,35.441709]]]},"properties":{"code":"31202057202","name":"皆生二丁目","kihon1":"0572"}},
{"type":"Feature","geometry":{"type":"Polygon","coordinates":[[[133.363293,35.445255],[133.36494,35.446482],[133.368168,35.448856],[133.366985,35.449136],[133.36519,35.449599],[133.365157,35.449606],[133.364791,35.449126],[133.36401,35.448433],[133.362986,35.447557],[133.362255,35.446946],[133.361339,35.446204],[133.361049,35.446147],[133.360987,35.445966],[133.360947,35.445274],[133.360907,35.444897],[133.361682,35.44485],[133.362419,35.444654],[133.363293,35.445255]]]},"properties":{"code":"31202057203","name":"皆生三丁目","kihon1":"0572"}},
{"type":"Feature","geometry":{"type":"Polygon","coordinates":[[[133.361049,35.446147],[133.361339,35.446204],[133.362255,35.446946],[133.362986,35.447557],[133.36401,35.448433],[133.364791,35.449126],[133.365157,35.449606],[133.364607,35.449726],[133.362993,35.450126],[133.361627,35.450471],[133.361442,35.450024],[133.36119,35.449343],[133.361142,35.449134],[133.361055,35.448345],[133.361081,35.447585],[133.361082,35.446483],[133.361049,35.446147]]]},"properties":{"code":"31202057204","name":"皆生四丁目","kihon1":"0572"}},
{"type":"Feature","geometry":{"type":"Polygon","coordinates":[[[133.361049,35.446147],[133.361082,35.446483],[133.361081,35.447585],[133.361055,35.448345],[133.361142,35.449134],[133.36119,35.449343],[133.361442,35.450024],[133.361627,35.450471],[133.361275,35.450553],[133.360342,35.450798],[133.359034,35.451113],[133.357587,35.451422],[133.356443,35.450531],[133.356679,35.450426],[133.356659,35.450287],[133.356457,35.449487],[133.356209,35.448782],[133.355688,35.447157],[133.355603,35.446838],[133.35611,35.446747],[133.357646,35.446515],[133.360987,35.445966],[133.361049,35.446147]]]},"properties":{"code":"31202057205","name":"皆生五丁目","kihon1":"0572"}},
{"type":"Feature","geometry":{"type":"Polygon","coordinates":[[[133.361627,35.450471],[133.361882,35.451228],[133.36218,35.452387],[133.362339,35.452902],[133.362404,35.453118],[133.361256,35.453299],[133.361049,35.453299],[133.360533,35.453421],[133.360383,35.453496],[133.358717,35.45222],[133.357587,35.451422],[133.359034,35.451113],[133.360342,35.450798],[133.361275,35.450553],[133.361627,35.450471]]]},"properties":{"code":"31202057206","name":"皆生六丁目","kihon1":"0572"}},
{"type":"Feature","geometry":{"type":"Polygon","coordinates":[[[133.348287,35.433781],[133.348487,35.434908],[133.347255,35.435589],[133.345383,35.436632],[133.343151,35.437899],[133.342029,35.438553],[133.34129,35.43897],[133.339928,35.437972],[133.339892,35.437946],[133.340599,35.437566],[133.343945,35.43577],[133.3449,35.435278],[133.345128,35.435176],[133.345975,35.434876],[133.347081,35.434523],[133.347344,35.434419],[133.347886,35.434149],[133.348225,35.433842],[133.348287,35.433781]]]},"properties":{"code":"31202058101","name":"東福原一丁目","kihon1":"0581"}},
{"type":"Feature","geometry":{"type":"Polygon","coordinates":[[[133.348499,35.434986],[133.348618,35.435771],[133.34904,35.438216],[133.348515,35.438371],[133.347374,35.438729],[133.346946,35.438824],[133.346295,35.439065],[133.345802,35.439262],[133.344847,35.439611],[133.344095,35.439933],[133.343235,35.440417],[133.34129,35.43897],[133.342029,35.438553],[133.343151,35.437899],[133.345383,35.436632],[133.347255,35.435589],[133.348487,35.434908],[133.348499,35.434986]]]},"properties":{"code":"31202058102","name":"東福原二丁目","kihon1":"0581"}},
{"type":"Feature","geometry":{"type":"Polygon","coordinates":[[[133.346295,35.439065],[133.346363,35.439491],[133.346397,35.439844],[133.34665,35.440466],[133.347099,35.442849],[133.347206,35.44345],[133.346358,35.442797],[133.345861,35.442417],[133.345204,35.441934],[133.344033,35.44104],[133.343235,35.440417],[133.344095,35.439933],[133.344847,35.439611],[133.345802,35.439262],[133.346295,35.439065]]]},"properties":{"code":"31202058103","name":"東福原三丁目","kihon1":"0581"}},
{"type":"Feature","geometry":{"type":"Polygon","coordinates":[[[133.34904,35.438216],[133.349248,35.43943],[133.349594,35.441365],[133.349902,35.443182],[133.350152,35.444574],[133.350329,35.445414],[133.350567,35.445991],[133.350323,35.445832],[133.348553,35.444465],[133.347206,35.44345],[133.347099,35.442849],[133.34665,35.440466],[133.346397,35.439844],[133.346363,35.439491],[133.346295,35.439065],[133.346946,35.438824],[133.347374,35.438729],[133.348515,35.438371],[133.34904,35.438216]]]},"properties":{"code":"31202058104","name":"東福原四丁目","kihon1":"0581"}},
{"type":"Feature","geometry":{"type":"Polygon","coordinates":[[[133.347206,35.44345],[133.348553,35.444465],[133.347466,35.444837],[133.346516,35.44515],[133.344997,35.445661],[133.343913,35.44601],[133.343356,35.446204],[133.343319,35.446135],[133.34228,35.444157],[133.34392,35.443612],[133.344905,35.443277],[133.346013,35.442918],[133.346358,35.442797],[133.347206,35.44345]]]},"properties":{"code":"31202058105","name":"東福原五丁目","kihon1":"0581"}},
{"type":"Feature","geometry":{"type":"Polygon","coordinates":[[[133.348087,35.447423],[133.347066,35.447701],[133.346418,35.447855],[133.34517,35.448125],[133.344707,35.448263],[133.344335,35.447302],[133.34399,35.447412],[133.343356,35.446204],[133.343913,35.44601],[133.344997,35.445661],[133.346516,35.44515],[133.347466,35.444837],[133.348553,35.444465],[133.350323,35.445832],[133.350567,35.445991],[133.350582,35.446042],[133.350817,35.446827],[133.350465,35.446907],[133.34962,35.447064],[133.348674,35.447293],[133.348087,35.447423]]]},"properties":{"code":"31202058106","name":"東福原六丁目","kihon1":"0581"}},
{"type":"Feature","geometry":{"type":"Polygon","coordinates":[[[133.350817,35.446827],[133.351094,35.44783],[133.351203,35.448055],[133.351502,35.44881],[133.351706,35.449275],[133.352562,35.451372],[133.352521,35.451565],[133.352071,35.452484],[133.351967,35.452515],[133.349947,35.452998],[133.349897,35.453009],[133.349437,35.451966],[133.348753,35.450216],[133.348547,35.449621],[133.348381,35.449089],[133.348312,35.44838],[133.348065,35.447607],[133.348087,35.447423],[133.348674,35.447293],[133.34962,35.447064],[133.350465,35.446907],[133.350817,35.446827]]]},"properties":{"code":"31202058107","name":"東福原七丁目","kihon1":"0581"}},
{"type":"Feature","geometry":{"type":"Polygon","coordinates":[[[133.348087,35.447423],[133.348065,35.447607],[133.348312,35.44838],[133.348381,35.449089],[133.348547,35.449621],[133.348753,35.450216],[133.349437,35.451966],[133.349897,35.453009],[133.348992,35.453249],[133.346353,35.453879],[133.346098,35.453097],[133.345802,35.45212],[133.345619,35.451334],[133.345377,35.450455],[133.34525,35.449706],[133.344707,35.448263],[133.34517,35.448125],[133.346418,35.447855],[133.347066,35.447701],[133.348087,35.447423]]]},"properties":{"code":"31202058108","name":"東福原八丁目","kihon1":"0581"}},
{"type":"Feature","geometry":{"type":"Polygon","coordinates":[[[133.340599,35.437566],[133.339892,35.437946],[133.338508,35.436914],[133.33867,35.436928],[133.338904,35.436771],[133.339087,35.436807],[133.339119,35.436653],[133.339236,35.436559],[133.339646,35.436624],[133.339672,35.436554],[133.339877,35.436472],[133.340055,35.436623],[133.3402,35.436574],[133.340355,35.436833],[133.340448,35.437207],[133.340599,35.437566]]]},"properties":{"code":"31202059100","name":"西福原","kihon1":"0591"}},
{"type":"Feature","geometry":{"type":"Polygon","coordinates":[[[133.34129,35.43897],[133.339567,35.439948],[133.337975,35.440837],[133.337293,35.44121],[133.336464,35.439874],[133.337302,35.43942],[133.33788,35.439118],[133.338962,35.438523],[133.339928,35.437972],[133.34129,35.43897]]]},"properties":{"code":"31202059101","name":"西福原一丁目","kihon1":"0591"}},
{"type":"Feature","geometry":{"type":"Polygon","coordinates":[[[133.343235,35.440417],[133.342112,35.441003],[133.341861,35.441117],[133.341234,35.441356],[133.340953,35.441501],[133.33973,35.442143],[133.339034,35.442526],[133.337913,35.442895],[133.337463,35.443054],[133.337328,35.44272],[133.33741,35.442365],[133.33736,35.442075],[133.337394,35.441517],[133.337361,35.441318],[133.337293,35.44121],[133.337975,35.440837],[133.339567,35.439948],[133.34129,35.43897],[133.343235,35.440417]]]},"properties":{"code":"31202059102","name":"西福原二丁目","kihon1":"0591"}},
{"type":"Feature","geometry":{"type":"Polygon","coordinates":[[[133.343235,35.440417],[133.344033,35.44104],[133.345204,35.441934],[133.345861,35.442417],[133.346358,35.442797],[133.346013,35.442918],[133.344905,35.443277],[133.34392,35.443612],[133.34228,35.444157],[133.341932,35.443436],[133.340953,35.441501],[133.341234,35.441356],[133.341861,35.441117],[133.342112,35.441003],[133.343235,35.440417]]]},"properties":{"code":"31202059103","name":"西福原三丁目","kihon1":"0591"}},
{"type":"Feature","geometry":{"type":"Polygon","coordinates":[[[133.340953,35.441501],[133.341932,35.443436],[133.34228,35.444157],[133.341259,35.444512],[133.339094,35.445237],[133.338033,35.445607],[133.337334,35.444257],[133.337027,35.443199],[133.337463,35.443054],[133.337913,35.442895],[133.339034,35.442526],[133.33973,35.442143],[133.340953,35.441501]]]},"properties":{"code":"31202059104","name":"西福原四丁目","kihon1":"0591"}},
{"type":"Feature","geometry":{"type":"Polygon","coordinates":[[[133.34228,35.444157],[133.343319,35.446135],[133.342266,35.446505],[133.340098,35.447216],[133.339051,35.447574],[133.338033,35.445607],[133.339094,35.445237],[133.341259,35.444512],[133.34228,35.444157]]]},"properties":{"code":"31202059105","name":"西福原五丁目","kihon1":"0591"}},
{"type":"Feature","geometry":{"type":"Polygon","coordinates":[[[133.343356,35.446204],[133.34399,35.447412],[133.344335,35.447302],[133.344707,35.448263],[133.3432,35.448754],[133.342219,35.449021],[133.341094,35.449377],[133.340384,35.449624],[133.339588,35.449869],[133.338964,35.45001],[133.338576,35.450125],[133.337655,35.450361],[133.336719,35.450616],[133.336612,35.450325],[133.33665,35.4499],[133.33634,35.448507],[133.33711,35.448253],[133.337957,35.447932],[133.339051,35.447574],[133.340098,35.447216],[133.342266,35.446505],[133.343319,35.446135],[133.343356,35.446204]]]},"properties":{"code":"31202059106","name":"西福原六丁目","kihon1":"0591"}},
{"type":"Feature","geometry":{"type":"Polygon","coordinates":[[[133.344707,35.448263],[133.34525,35.449706],[133.345377,35.450455],[133.345619,35.451334],[133.345802,35.45212],[133.346098,35.453097],[133.346353,35.453879],[133.346368,35.453923],[133.344807,35.45434],[133.343625,35.454646],[133.343444,35.453912],[133.342765,35.451449],[133.342595,35.45099],[133.342411,35.450389],[133.342471,35.449837],[133.342263,35.449309],[133.342219,35.449021],[133.3432,35.448754],[133.344707,35.448263]]]},"properties":{"code":"31202059107","name":"西福原七丁目","kihon1":"0591"}},
{"type":"Feature","geometry":{"type":"Polygon","coordinates":[[[133.342219,35.449021],[133.342263,35.449309],[133.342471,35.449837],[133.342411,35.450389],[133.342595,35.45099],[133.342765,35.451449],[133.343444,35.453912],[133.343625,35.454646],[133.343551,35.454665],[133.342235,35.454987],[133.340643,35.455385],[133.340218,35.455498],[133.340211,35.4555],[133.339932,35.454559],[133.339532,35.453325],[133.339301,35.452544],[133.339037,35.451606],[133.339114,35.451435],[133.33907,35.451191],[133.339075,35.450959],[133.33898,35.450781],[133.338576,35.450125],[133.338964,35.45001],[133.339588,35.449869],[133.340384,35.449624],[133.341094,35.449377],[133.342219,35.449021]]]},"properties":{"code":"31202059108","name":"西福原八丁目","kihon1":"0591"}},
{"type":"Feature","geometry":{"type":"Polygon","coordinates":[[[133.338576,35.450125],[133.33898,35.450781],[133.339075,35.450959],[133.33907,35.451191],[133.339114,35.451435],[133.339037,35.451606],[133.339301,35.452544],[133.339532,35.453325],[133.339932,35.454559],[133.340211,35.4555],[133.338414,35.455948],[133.335983,35.456586],[133.335856,35.45622],[133.335862,35.455992],[133.336021,35.455551],[133.336189,35.455267],[133.336346,35.454542],[133.336445,35.454222],[133.336476,35.454016],[133.33647,35.453517],[133.336729,35.452097],[133.3368,35.450881],[133.336719,35.450616],[133.337655,35.450361],[133.338576,35.450125]]]},"properties":{"code":"31202059109","name":"西福原九丁目","kihon1":"0591"}},
{"type":"Feature","geometry":{"type":"Polygon","coordinates":[[[133.331611,35.440043],[133.331368,35.440225],[133.331006,35.440556],[133.330887,35.44032],[133.330671,35.44015],[133.330774,35.439965],[133.330538,35.43982],[133.329985,35.439538],[133.329568,35.439354],[133.328883,35.4399],[133.328642,35.439704],[133.328841,35.43954],[133.328751,35.439466],[133.329497,35.438869],[133.329607,35.438958],[133.329722,35.438862],[133.329963,35.439061],[133.330222,35.438855],[133.330485,35.439086],[133.330743,35.438863],[133.331087,35.439136],[133.331423,35.438849],[133.331587,35.43885],[133.332188,35.439251],[133.331611,35.440043]]]},"properties":{"code":"31202060100","name":"米原","kihon1":"0601"}},
{"type":"Feature","geometry":{"type":"Polygon","coordinates":[[[133.328883,35.4399],[133.329568,35.439354],[133.329985,35.439538],[133.330538,35.43982],[133.330774,35.439965],[133.330671,35.44015],[133.330887,35.44032],[133.331006,35.440556],[133.330672,35.440901],[133.330245,35.44127],[133.329456,35.441871],[133.329075,35.442209],[133.328573,35.442728],[133.327943,35.443269],[133.327804,35.443317],[133.325819,35.444557],[133.325828,35.44427],[133.325821,35.443339],[133.325772,35.442749],[133.325841,35.442593],[133.325847,35.441834],[133.325816,35.44149],[133.325806,35.441412],[133.326233,35.441366],[133.326858,35.441216],[133.327914,35.440934],[133.327708,35.440803],[133.328469,35.440207],[133.328883,35.4399]]]},"properties":{"code":"31202060101","name":"米原一丁目","kihon1":"0601"}},
{"type":"Feature","geometry":{"type":"Polygon","coordinates":[[[133.331006,35.440556],[133.331153,35.440705],[133.331263,35.440734],[133.332459,35.44204],[133.3318,35.442395],[133.330406,35.443134],[133.328226,35.444302],[133.32762,35.444616],[133.325844,35.445582],[133.32582,35.445595],[133.32581,35.445178],[133.325819,35.444557],[133.327804,35.443317],[133.327943,35.443269],[133.328573,35.442728],[133.329075,35.442209],[133.329456,35.441871],[133.330245,35.44127],[133.330672,35.440901],[133.331006,35.440556]]]},"properties":{"code":"31202060102","name":"米原二丁目","kihon1":"0601"}},
{"type":"Feature","geometry":{"type":"Polygon","coordinates":[[[133.335638,35.438565],[133.336089,35.440073],[133.335248,35.440512],[133.332974,35.441768],[133.332459,35.44204],[133.331263,35.440734],[133.331153,35.440705],[133.331006,35.440556],[133.331368,35.440225],[133.331611,35.440043],[133.331818,35.43992],[133.332243,35.439734],[133.332648,35.439625],[133.333277,35.439512],[133.334971,35.439229],[133.335638,35.438565]]]},"properties":{"code":"31202060103","name":"米原三丁目","kihon1":"0601"}},
{"type":"Feature","geometry":{"type":"Polygon","coordinates":[[[133.337293,35.44121],[133.337361,35.441318],[133.336021,35.44204],[133.335605,35.442255],[133.334844,35.44269],[133.332814,35.443784],[133.332265,35.44301],[133.3318,35.442395],[133.332459,35.44204],[133.332974,35.441768],[133.335248,35.440512],[133.336089,35.440073],[133.336464,35.439874],[133.337293,35.44121]]]},"properties":{"code":"31202060104","name":"米原四丁目","kihon1":"0601"}},
{"type":"Feature","geometry":{"type":"Polygon","coordinates":[[[133.3318,35.442395],[133.332265,35.44301],[133.332814,35.443784],[133.330449,35.445048],[133.328914,35.445895],[133.327641,35.446575],[133.326643,35.447099],[133.326199,35.44627],[133.325844,35.445582],[133.32762,35.444616],[133.328226,35.444302],[133.330406,35.443134],[133.3318,35.442395]]]},"properties":{"code":"31202060105","name":"米原五丁目","kihon1":"0601"}},
{"type":"Feature","geometry":{"type":"Polygon","coordinates":[[[133.337361,35.441318],[133.337394,35.441517],[133.33736,35.442075],[133.33741,35.442365],[133.337328,35.44272],[133.337463,35.443054],[133.337027,35.443199],[133.337334,35.444257],[133.338033,35.445607],[133.339051,35.447574],[133.337957,35.447932],[133.33711,35.448253],[133.336365,35.447324],[133.335609,35.44642],[133.335403,35.446191],[133.334855,35.445487],[133.334394,35.444836],[133.334242,35.444776],[133.333669,35.444672],[133.333527,35.444589],[133.332814,35.443784],[133.334844,35.44269],[133.335605,35.442255],[133.336021,35.44204],[133.337361,35.441318]]]},"properties":{"code":"31202060106","name":"米原六丁目","kihon1":"0601"}},
{"type":"Feature","geometry":{"type":"Polygon","coordinates":[[[133.332814,35.443784],[133.333527,35.444589],[133.333669,35.444672],[133.334242,35.444776],[133.334394,35.444836],[133.334855,35.445487],[133.335403,35.446191],[133.334058,35.446658],[133.332201,35.447287],[133.331165,35.447621],[133.330665,35.447805],[133.329778,35.448102],[133.329133,35.44647],[133.328914,35.445895],[133.330449,35.445048],[133.332814,35.443784]]]},"properties":{"code":"31202060107","name":"米原七丁目","kihon1":"0601"}},
{"type":"Feature","geometry":{"type":"Polygon","coordinates":[[[133.335403,35.446191],[133.335609,35.44642],[133.336365,35.447324],[133.33711,35.448253],[133.33634,35.448507],[133.33429,35.449216],[133.332348,35.449865],[133.331032,35.45032],[133.330441,35.449331],[133.329778,35.448102],[133.330665,35.447805],[133.331165,35.447621],[133.332201,35.447287],[133.334058,35.446658],[133.335403,35.446191]]]},"properties":{"code":"31202060108","name":"米原八丁目","kihon1":"0601"}},
{"type":"Feature","geometry":{"type":"Polygon","coordinates":[[[133.328914,35.445895],[133.329133,35.44647],[133.329778,35.448102],[133.330441,35.449331],[133.331032,35.45032],[133.330173,35.450603],[133.328692,35.451105],[133.32818,35.450084],[133.327056,35.447885],[133.326643,35.447099],[133.327641,35.446575],[133.328914,35.445895]]]},"properties":{"code":"31202060109","name":"米原九丁目","kihon1":"0601"}},
{"type":"Feature","geometry":{"type":"Polygon","coordinates":[[[133.380653,35.405421],[133.380391,35.405547],[133.379649,35.405969],[133.378819,35.406362],[133.37857,35.406525],[133.37767,35.406991],[133.377365,35.407189],[133.376719,35.407554],[133.375932,35.408123],[133.37533,35.408665],[133.374628,35.409254],[133.373649,35.41015],[133.370159,35.413222],[133.369174,35.414101],[133.368866,35.414507],[133.368619,35.414651],[133.368322,35.415083],[133.367943,35.415726],[133.367602,35.41638],[133.367143,35.417531],[133.36686,35.418589],[133.366644,35.419112],[133.364117,35.419065],[133.364181,35.418748],[133.364154,35.418306],[133.364048,35.417819],[133.363897,35.417353],[133.363605,35.416763],[133.36342,35.416489],[133.362985,35.416013],[133.362623,35.415722],[133.362066,35.415181],[133.362113,35.414975],[133.362407,35.414481],[133.362494,35.414298],[133.362861,35.414052],[133.363298,35.413695],[133.363558,35.413353],[133.363652,35.413177],[133.36374,35.412799],[133.363808,35.412361],[133.363839,35.411115],[133.362974,35.411452],[133.361991,35.412079],[133.361241,35.41137],[133.36178,35.411009],[133.362468,35.410563],[133.362917,35.410189],[133.363033,35.410015],[133.363124,35.409769],[133.363127,35.409551],[133.363058,35.409051],[133.36291,35.40866],[133.362655,35.408127],[133.3626,35.407959],[133.363153,35.407627],[133.363421,35.407442],[133.363313,35.406765],[133.3633,35.406512],[133.363394,35.405844],[133.363717,35.404848],[133.364027,35.404858],[133.364076,35.405252],[133.364136,35.405492],[133.364387,35.40598],[133.364241,35.406133],[133.364343,35.406241],[133.364219,35.406457],[133.36434,35.406565],[133.364561,35.40614],[133.364698,35.405964],[133.364742,35.405622],[133.364985,35.405606],[133.365016,35.405282],[133.36516,35.404918],[133.365136,35.404705],[133.365022,35.404472],[133.365298,35.404384],[133.36554,35.404779],[133.365668,35.40505],[133.365734,35.405306],[133.3658,35.405382],[133.366108,35.405015],[133.366563,35.404398],[133.36576,35.404137],[133.366087,35.403603],[133.36659,35.403557],[133.366666,35.403421],[133.366683,35.403148],[133.366589,35.403016],[133.366254,35.403059],[133.366033,35.402925],[133.366134,35.40277],[133.365944,35.402637],[133.365653,35.402351],[133.365594,35.402132],[133.365736,35.401973],[133.365686,35.401727],[133.366712,35.401478],[133.366654,35.401314],[133.366507,35.401296],[133.36609,35.401323],[133.365958,35.401185],[133.365376,35.401272],[133.365243,35.400734],[133.365773,35.400703],[133.365985,35.400481],[133.366316,35.400534],[133.366622,35.400747],[133.366734,35.400792],[133.366958,35.400746],[133.36707,35.400593],[133.367315,35.400033],[133.368192,35.39997],[133.368588,35.399966],[133.368699,35.399931],[133.369078,35.399936],[133.369046,35.400166],[133.369322,35.400145],[133.369951,35.399941],[133.370353,35.399681],[133.370911,35.399186],[133.370935,35.398906],[133.371924,35.398558],[133.372069,35.398449],[133.372192,35.398172],[133.372292,35.398082],[133.372206,35.397973],[133.37252,35.397685],[133.372647,35.397458],[133.373055,35.397634],[133.373023,35.397492],[133.373283,35.39761],[133.373646,35.397635],[133.373914,35.397684],[133.374055,35.397768],[133.374204,35.397752],[133.374329,35.397621],[133.374482,35.397562],[133.375852,35.397489],[133.375936,35.397443],[133.376163,35.397179],[133.376729,35.397706],[133.37734,35.398314],[133.377694,35.398701],[133.376391,35.399411],[133.376031,35.399409],[133.376041,35.39981],[133.375629,35.400002],[133.375795,35.400959],[133.376011,35.402051],[133.379496,35.401624],[133.379657,35.401608],[133.379805,35.402367],[133.380026,35.403579],[133.380107,35.40396],[133.380272,35.404212],[133.38099,35.405248],[133.380653,35.405421]]]},"properties":{"code":"312020610","name":"福市","kihon1":"0610"}},
{"type":"Feature","geometry":{"type":"Polygon","coordinates":[[[133.393782,35.400406],[133.393173,35.400906],[133.392638,35.401192],[133.391513,35.401655],[133.390376,35.401972],[133.388659,35.402502],[133.38803,35.402666],[133.38714,35.402914],[133.386138,35.403262],[133.385315,35.403521],[133.382956,35.404426],[133.382267,35.404685],[133.381647,35.404918],[133.38099,35.405248],[133.380272,35.404212],[133.380107,35.40396],[133.380026,35.403579],[133.379805,35.402367],[133.379657,35.401608],[133.379496,35.401624],[133.376011,35.402051],[133.375795,35.400959],[133.375629,35.400002],[133.376041,35.39981],[133.376031,35.399409],[133.376391,35.399411],[133.377694,35.398701],[133.37734,35.398314],[133.377406,35.398116],[133.378484,35.397553],[133.378403,35.397461],[133.377927,35.397717],[133.37766,35.397357],[133.379308,35.397206],[133.38006,35.397157],[133.380495,35.397108],[133.381186,35.397066],[133.381722,35.397011],[133.381645,35.396734],[133.381896,35.396613],[133.382378,35.396705],[133.38241,35.396463],[133.382636,35.396437],[133.383298,35.396419],[133.384038,35.396492],[133.38446,35.396507],[133.384475,35.396674],[133.384907,35.396609],[133.385631,35.396523],[133.385938,35.396457],[133.386974,35.39633],[133.389141,35.396028],[133.389087,35.396237],[133.389188,35.396954],[133.389915,35.396915],[133.391594,35.396844],[133.391515,35.395956],[133.394695,35.395809],[133.395231,35.395778],[133.395187,35.395166],[133.395697,35.395138],[133.395852,35.39507],[133.395903,35.394958],[133.395938,35.394686],[133.39652,35.394699],[133.397921,35.394808],[133.397565,35.395748],[133.397417,35.396435],[133.397246,35.396943],[133.397045,35.397281],[133.396679,35.397783],[133.395942,35.398635],[133.395632,35.398864],[133.39504,35.3994],[133.393782,35.400406]]]},"properties":{"code":"312020620","name":"八幡","kihon1":"0620"}},
{"type":"Feature","geometry":{"type":"Polygon","coordinates":[[[133.389141,35.396028],[133.386974,35.39633],[133.385938,35.396457],[133.385631,35.396523],[133.384907,35.396609],[133.384475,35.396674],[133.38446,35.396507],[133.384038,35.396492],[133.383298,35.396419],[133.382636,35.396437],[133.38241,35.396463],[133.382378,35.396705],[133.381896,35.396613],[133.381645,35.396734],[133.381722,35.397011],[133.381186,35.397066],[133.380495,35.397108],[133.38006,35.397157],[133.379308,35.397206],[133.37766,35.397357],[133.377927,35.397717],[133.378403,35.397461],[133.378484,35.397553],[133.377406,35.398116],[133.37734,35.398314],[133.376729,35.397706],[133.376163,35.397179],[133.375936,35.397443],[133.375852,35.397489],[133.374482,35.397562],[133.374329,35.397621],[133.374204,35.397752],[133.374055,35.397768],[133.373914,35.397684],[133.373646,35.397635],[133.373283,35.39761],[133.373023,35.397492],[133.373032,35.397417],[133.37322,35.397208],[133.373558,35.396963],[133.373769,35.396866],[133.374222,35.396557],[133.374518,35.396247],[133.374622,35.3959],[133.37478,35.395749],[133.374927,35.395473],[133.374794,35.395417],[133.374579,35.395503],[133.374231,35.395308],[133.373904,35.394855],[133.373824,35.394645],[133.373605,35.394447],[133.373436,35.3942],[133.373208,35.394076],[133.373163,35.393583],[133.373065,35.393182],[133.372857,35.392764],[133.372837,35.392523],[133.373129,35.392412],[133.373438,35.392336],[133.373872,35.392284],[133.374162,35.392194],[133.374608,35.391937],[133.374995,35.391734],[133.375509,35.391568],[133.375834,35.391301],[133.376224,35.391037],[133.376867,35.390681],[133.377128,35.390487],[133.377148,35.390197],[133.377288,35.389934],[133.377577,35.389608],[133.377669,35.389432],[133.377844,35.389266],[133.378046,35.38915],[133.378371,35.38911],[133.378654,35.389137],[133.378754,35.388817],[133.378815,35.388763],[133.37925,35.388671],[133.379988,35.388587],[133.380061,35.38856],[133.380427,35.388244],[133.381525,35.38762],[133.381968,35.388156],[133.382385,35.3885],[133.382804,35.388177],[133.382886,35.388025],[133.382865,35.387651],[133.382816,35.387344],[133.382808,35.387016],[133.382868,35.386766],[133.383165,35.386663],[133.383759,35.386366],[133.384284,35.386068],[133.384509,35.385361],[133.384559,35.38526],[133.385343,35.384766],[133.386157,35.384302],[133.386303,35.384303],[133.386678,35.384146],[133.387236,35.384006],[133.388311,35.383773],[133.388609,35.383665],[133.388959,35.383572],[133.389078,35.384258],[133.389079,35.38447],[133.389255,35.385044],[133.389295,35.385309],[133.388841,35.385276],[133.388568,35.385318],[133.388254,35.385314],[133.388032,35.385353],[133.387758,35.385492],[133.387316,35.385833],[133.387006,35.385982],[133.386586,35.38611],[133.386191,35.386269],[133.385921,35.386559],[133.385924,35.386842],[133.386219,35.386816],[133.386559,35.386833],[133.38659,35.387159],[133.386659,35.387563],[133.387136,35.387407],[133.387538,35.390625],[133.387523,35.390877],[133.387556,35.391217],[133.38762,35.392296],[133.38845,35.392244],[133.389996,35.39208],[133.390068,35.392997],[133.390603,35.393034],[133.39016,35.393104],[133.390232,35.39409],[133.38897,35.394168],[133.38911,35.394914],[133.389132,35.39515],[133.389159,35.395948],[133.389141,35.396028]]]},"properties":{"code":"312020630","name":"諏訪","kihon1":"0630"}},
{"type":"Feature","geometry":{"type":"Polygon","coordinates":[[[133.368192,35.39997],[133.367315,35.400033],[133.36707,35.400593],[133.366958,35.400746],[133.366734,35.400792],[133.366622,35.400747],[133.366316,35.400534],[133.365985,35.400481],[133.365773,35.400703],[133.365243,35.400734],[133.365376,35.401272],[133.365508,35.401458],[133.365428,35.401774],[133.36531,35.401857],[133.364643,35.401633],[133.364539,35.401417],[133.364544,35.400835],[133.364075,35.400823],[133.364199,35.401379],[133.364262,35.40158],[133.364016,35.401446],[133.363655,35.401066],[133.363393,35.400681],[133.363315,35.400278],[133.363366,35.400039],[133.363507,35.399777],[133.363433,35.399552],[133.363188,35.399181],[133.363153,35.398579],[133.363179,35.398224],[133.363089,35.397777],[133.362958,35.397255],[133.362735,35.396729],[133.362471,35.396264],[133.362152,35.395833],[133.361921,35.395469],[133.36177,35.395103],[133.361387,35.394401],[133.361201,35.394034],[133.361084,35.393547],[133.360989,35.393298],[133.360829,35.393029],[133.36046,35.392634],[133.360031,35.392263],[133.359583,35.391992],[133.359168,35.391627],[133.358439,35.39092],[133.358041,35.390419],[133.35864,35.390152],[133.358443,35.389853],[133.360739,35.389728],[133.360789,35.39042],[133.361985,35.390339],[133.362034,35.391314],[133.363573,35.39126],[133.363657,35.39175],[133.365554,35.391596],[133.365237,35.391871],[133.365863,35.392201],[133.366331,35.392274],[133.36656,35.392272],[133.366954,35.39219],[133.367166,35.392023],[133.367217,35.391514],[133.367296,35.391286],[133.367932,35.391351],[133.368419,35.391424],[133.368704,35.391414],[133.369165,35.391268],[133.369485,35.391119],[133.369707,35.391078],[133.370386,35.391043],[133.370829,35.390975],[133.371204,35.390868],[133.371472,35.390818],[133.372075,35.390826],[133.372465,35.390793],[133.372851,35.390712],[133.373278,35.390591],[133.373699,35.39042],[133.373878,35.390676],[133.374058,35.391093],[133.374224,35.391405],[133.374608,35.391937],[133.374162,35.392194],[133.373872,35.392284],[133.373438,35.392336],[133.373129,35.392412],[133.372837,35.392523],[133.372139,35.392842],[133.371279,35.3932],[133.371007,35.393344],[133.370634,35.393398],[133.370122,35.393367],[133.369845,35.39366],[133.369666,35.393619],[133.369439,35.393683],[133.369373,35.393854],[133.368286,35.394102],[133.368068,35.394046],[133.367989,35.393952],[133.367571,35.394001],[133.367281,35.393948],[133.367241,35.394088],[133.366337,35.394806],[133.366543,35.395014],[133.366762,35.39508],[133.366771,35.3952],[133.366332,35.395422],[133.366169,35.395723],[133.366142,35.395844],[133.365994,35.395985],[133.366328,35.396263],[133.366127,35.396457],[133.365682,35.396294],[133.365407,35.396863],[133.365515,35.397372],[133.365632,35.397562],[133.365604,35.397947],[133.365771,35.398444],[133.365634,35.398483],[133.365656,35.398646],[133.365928,35.399407],[133.366167,35.399308],[133.366565,35.399252],[133.366576,35.399194],[133.367551,35.399189],[133.367773,35.399178],[133.367776,35.399109],[133.368216,35.399091],[133.368109,35.399479],[133.368192,35.39997]]]},"properties":{"code":"312020640","name":"青木","kihon1":"0640"}},
{"type":"Feature","geometry":{"type":"Polygon","coordinates":[[[133.370973,35.388778],[133.37077,35.388803],[133.370406,35.388439],[133.370273,35.388361],[133.369817,35.388279],[133.369603,35.38808],[133.369314,35.387956],[133.368879,35.387925],[133.368718,35.387879],[133.368262,35.38767],[133.367858,35.387624],[133.367365,35.387496],[133.366956,35.387316],[133.365709,35.387089],[133.364302,35.386865],[133.364355,35.386501],[133.363771,35.386558],[133.363728,35.386187],[133.362358,35.386282],[133.362339,35.386225],[133.362438,35.385846],[133.361535,35.385906],[133.361175,35.381077],[133.362567,35.380979],[133.363918,35.380902],[133.363775,35.380136],[133.365153,35.379902],[133.36555,35.379933],[133.365873,35.379878],[133.366314,35.379734],[133.366497,35.379635],[133.366683,35.3796],[133.367043,35.379585],[133.368086,35.379593],[133.368361,35.37958],[133.368923,35.379598],[133.369257,35.379531],[133.369303,35.379419],[133.36936,35.379618],[133.36938,35.380109],[133.369943,35.380241],[133.370211,35.380464],[133.370219,35.380603],[133.37009,35.380928],[133.369737,35.382184],[133.369663,35.382289],[133.369272,35.382505],[133.369149,35.382767],[133.369134,35.382969],[133.369168,35.383148],[133.370161,35.383157],[133.370553,35.38318],[133.370565,35.38329],[133.370503,35.383669],[133.370319,35.383977],[133.370308,35.384227],[133.37043,35.384961],[133.370421,35.385301],[133.370332,35.385626],[133.370182,35.385834],[133.370047,35.386085],[133.369972,35.386339],[133.370009,35.386556],[133.370257,35.386906],[133.370301,35.387111],[133.370284,35.387549],[133.370407,35.387809],[133.370747,35.388048],[133.37092,35.388459],[133.370973,35.388778]]]},"properties":{"code":"312020650","name":"上安曇","kihon1":"0650"}},
{"type":"Feature","geometry":{"type":"Polygon","coordinates":[[[133.373699,35.39042],[133.373278,35.390591],[133.372851,35.390712],[133.372465,35.390793],[133.372075,35.390826],[133.371472,35.390818],[133.371204,35.390868],[133.370829,35.390975],[133.370386,35.391043],[133.369707,35.391078],[133.369485,35.391119],[133.369165,35.391268],[133.368704,35.391414],[133.368419,35.391424],[133.367932,35.391351],[133.367296,35.391286],[133.367217,35.391514],[133.367166,35.392023],[133.366954,35.39219],[133.36656,35.392272],[133.366331,35.392274],[133.365863,35.392201],[133.365237,35.391871],[133.365554,35.391596],[133.363657,35.39175],[133.363573,35.39126],[133.362034,35.391314],[133.361985,35.390339],[133.360789,35.39042],[133.360739,35.389728],[133.360625,35.388814],[133.362405,35.38876],[133.362638,35.388738],[133.362794,35.388604],[133.36279,35.388474],[133.362641,35.387721],[133.362504,35.387182],[133.362381,35.386499],[133.362358,35.386282],[133.363728,35.386187],[133.363771,35.386558],[133.364355,35.386501],[133.364302,35.386865],[133.365709,35.387089],[133.366956,35.387316],[133.367365,35.387496],[133.367858,35.387624],[133.368262,35.38767],[133.368718,35.387879],[133.368879,35.387925],[133.369314,35.387956],[133.369603,35.38808],[133.369817,35.388279],[133.370273,35.388361],[133.370406,35.388439],[133.37077,35.388803],[133.370973,35.388778],[133.371268,35.388647],[133.371678,35.38834],[133.372406,35.387628],[133.372645,35.387517],[133.3732,35.387331],[133.373279,35.387373],[133.372883,35.387628],[133.37276,35.387773],[133.372713,35.387982],[133.372817,35.388285],[133.373053,35.388668],[133.373334,35.389188],[133.373389,35.38939],[133.373313,35.389795],[133.37333,35.389989],[133.373416,35.390155],[133.373699,35.39042]]]},"properties":{"code":"312020660","name":"下安曇","kihon1":"0660"}},
{"type":"Feature","geometry":{"type":"Polygon","coordinates":[[[133.365376,35.401272],[133.365958,35.401185],[133.36609,35.401323],[133.366507,35.401296],[133.366654,35.401314],[133.366712,35.401478],[133.365686,35.401727],[133.365736,35.401973],[133.365594,35.402132],[133.365653,35.402351],[133.365944,35.402637],[133.366134,35.40277],[133.366033,35.402925],[133.366254,35.403059],[133.366589,35.403016],[133.366683,35.403148],[133.366666,35.403421],[133.36659,35.403557],[133.366087,35.403603],[133.36576,35.404137],[133.366563,35.404398],[133.366108,35.405015],[133.3658,35.405382],[133.365734,35.405306],[133.365668,35.40505],[133.36554,35.404779],[133.365298,35.404384],[133.365022,35.404472],[133.365136,35.404705],[133.36516,35.404918],[133.365016,35.405282],[133.364985,35.405606],[133.364742,35.405622],[133.364698,35.405964],[133.364561,35.40614],[133.36434,35.406565],[133.364219,35.406457],[133.364343,35.406241],[133.364241,35.406133],[133.364387,35.40598],[133.364136,35.405492],[133.364076,35.405252],[133.364027,35.404858],[133.363717,35.404848],[133.363394,35.405844],[133.3633,35.406512],[133.363313,35.406765],[133.363421,35.407442],[133.363153,35.407627],[133.3626,35.407959],[133.362655,35.408127],[133.36291,35.40866],[133.363058,35.409051],[133.363127,35.409551],[133.363124,35.409769],[133.363033,35.410015],[133.362917,35.410189],[133.362468,35.410563],[133.36178,35.411009],[133.361054,35.410276],[133.361444,35.410007],[133.360983,35.409529],[133.361216,35.409422],[133.361384,35.409412],[133.361433,35.408994],[133.361619,35.407945],[133.359479,35.40805],[133.359202,35.404283],[133.356559,35.404415],[133.356492,35.403464],[133.357154,35.403438],[133.357014,35.40156],[133.359028,35.401465],[133.358971,35.400556],[133.359662,35.400516],[133.36007,35.400088],[133.360261,35.39998],[133.36034,35.399819],[133.360465,35.39983],[133.360644,35.399928],[133.360898,35.400284],[133.360927,35.400412],[133.361564,35.400389],[133.362191,35.400325],[133.362741,35.400076],[133.362947,35.400099],[133.363366,35.400039],[133.363315,35.400278],[133.363393,35.400681],[133.363655,35.401066],[133.364016,35.401446],[133.364262,35.40158],[133.364199,35.401379],[133.364075,35.400823],[133.364544,35.400835],[133.364539,35.401417],[133.364643,35.401633],[133.36531,35.401857],[133.365428,35.401774],[133.365508,35.401458],[133.365376,35.401272]]]},"properties":{"code":"312020670","name":"兼久","kihon1":"0670"}},
{"type":"Feature","geometry":{"type":"Polygon","coordinates":[[[133.381525,35.38762],[133.380427,35.388244],[133.380061,35.38856],[133.379988,35.388587],[133.37925,35.388671],[133.378815,35.388763],[133.378754,35.388817],[133.378654,35.389137],[133.378371,35.38911],[133.378046,35.38915],[133.377844,35.389266],[133.377669,35.389432],[133.377577,35.389608],[133.377288,35.389934],[133.377148,35.390197],[133.377128,35.390487],[133.376867,35.390681],[133.376224,35.391037],[133.375834,35.391301],[133.375509,35.391568],[133.374995,35.391734],[133.374608,35.391937],[133.374224,35.391405],[133.374058,35.391093],[133.373878,35.390676],[133.373699,35.39042],[133.373416,35.390155],[133.37333,35.389989],[133.373313,35.389795],[133.373389,35.38939],[133.373334,35.389188],[133.373053,35.388668],[133.372817,35.388285],[133.372713,35.387982],[133.37276,35.387773],[133.372883,35.387628],[133.373279,35.387373],[133.3732,35.387331],[133.372645,35.387517],[133.372406,35.387628],[133.371678,35.38834],[133.371268,35.388647],[133.370973,35.388778],[133.37092,35.388459],[133.370747,35.388048],[133.370407,35.387809],[133.370284,35.387549],[133.370301,35.387111],[133.370257,35.386906],[133.370009,35.386556],[133.369972,35.386339],[133.370047,35.386085],[133.370182,35.385834],[133.370332,35.385626],[133.370421,35.385301],[133.37043,35.384961],[133.370308,35.384227],[133.370319,35.383977],[133.370503,35.383669],[133.370565,35.38329],[133.370553,35.38318],[133.370161,35.383157],[133.369168,35.383148],[133.369134,35.382969],[133.369149,35.382767],[133.369272,35.382505],[133.369663,35.382289],[133.369737,35.382184],[133.37009,35.380928],[133.370219,35.380603],[133.370211,35.380464],[133.369943,35.380241],[133.36938,35.380109],[133.36936,35.379618],[133.369303,35.379419],[133.369267,35.37934],[133.36931,35.378878],[133.369681,35.37874],[133.370668,35.378942],[133.370965,35.37898],[133.371071,35.378921],[133.37123,35.378947],[133.371839,35.378919],[133.373875,35.37885],[133.37394,35.37882],[133.374223,35.378519],[133.37432,35.378466],[133.374563,35.378521],[133.375503,35.37867],[133.376054,35.37914],[133.377415,35.380074],[133.378842,35.381073],[133.379099,35.381234],[133.379349,35.381348],[133.379471,35.381336],[133.380145,35.381117],[133.380435,35.381062],[133.380534,35.381112],[133.380586,35.381249],[133.380662,35.38212],[133.381204,35.382243],[133.381441,35.382456],[133.381536,35.382681],[133.38155,35.382823],[133.381505,35.383061],[133.380479,35.383067],[133.380698,35.38407],[133.381757,35.383908],[133.38194,35.384598],[133.382168,35.38489],[133.382261,35.385085],[133.38213,35.385254],[133.381672,35.385374],[133.381299,35.385527],[133.380748,35.385939],[133.380661,35.385975],[133.380821,35.386253],[133.381381,35.387316],[133.381525,35.38762]]]},"properties":{"code":"312020680","name":"別所","kihon1":"0680"}},
{"type":"Feature","geometry":{"type":"Polygon","coordinates":[[[133.363366,35.400039],[133.362947,35.400099],[133.362741,35.400076],[133.362191,35.400325],[133.361564,35.400389],[133.360927,35.400412],[133.360898,35.400284],[133.360644,35.399928],[133.360465,35.39983],[133.36034,35.399819],[133.360261,35.39998],[133.36007,35.400088],[133.359662,35.400516],[133.358971,35.400556],[133.355623,35.40072],[133.355524,35.398707],[133.355414,35.396776],[133.355282,35.394834],[133.351338,35.395005],[133.351048,35.394121],[133.350806,35.393101],[133.349987,35.393289],[133.349812,35.393015],[133.350008,35.392869],[133.349737,35.392716],[133.349635,35.392571],[133.349412,35.392427],[133.349233,35.392378],[133.34896,35.392161],[133.348377,35.392529],[133.348064,35.39234],[133.347705,35.391977],[133.347324,35.391234],[133.347133,35.391122],[133.346486,35.391038],[133.346184,35.391051],[133.345907,35.391133],[133.34607,35.390935],[133.346214,35.390668],[133.346081,35.390546],[133.346014,35.390403],[133.345826,35.390273],[133.345315,35.390018],[133.345097,35.389937],[133.344475,35.389482],[133.344612,35.389321],[133.344043,35.388925],[133.343801,35.388948],[133.343278,35.388759],[133.343127,35.388672],[133.343266,35.388616],[133.344195,35.388035],[133.344684,35.387704],[133.344974,35.387449],[133.345159,35.387158],[133.345208,35.386776],[133.345133,35.386268],[133.345124,35.386034],[133.345194,35.385941],[133.346412,35.385739],[133.346595,35.385646],[133.347319,35.385354],[133.347591,35.385341],[133.347935,35.385561],[133.348279,35.385857],[133.348508,35.38594],[133.349162,35.386034],[133.349474,35.386102],[133.349606,35.386233],[133.349907,35.386813],[133.35018,35.387106],[133.350602,35.387339],[133.351006,35.387454],[133.351319,35.387609],[133.3515,35.387805],[133.351673,35.388072],[133.352132,35.387807],[133.352585,35.387929],[133.352735,35.388006],[133.352872,35.388217],[133.352922,35.388428],[133.352966,35.388874],[133.353073,35.389106],[133.353243,35.389312],[133.353336,35.389344],[133.353701,35.389338],[133.354192,35.389208],[133.354521,35.389144],[133.355164,35.389083],[133.355418,35.389082],[133.355658,35.389146],[133.355836,35.389279],[133.356099,35.389607],[133.356347,35.389835],[133.356824,35.390212],[133.356967,35.390345],[133.357056,35.390247],[133.357042,35.390119],[133.356846,35.389727],[133.356883,35.389614],[133.356829,35.389411],[133.356846,35.389275],[133.357073,35.389143],[133.357216,35.389345],[133.357734,35.389911],[133.358041,35.390419],[133.358439,35.39092],[133.359168,35.391627],[133.359583,35.391992],[133.360031,35.392263],[133.36046,35.392634],[133.360829,35.393029],[133.360989,35.393298],[133.361084,35.393547],[133.361201,35.394034],[133.361387,35.394401],[133.36177,35.395103],[133.361921,35.395469],[133.362152,35.395833],[133.362471,35.396264],[133.362735,35.396729],[133.362958,35.397255],[133.363089,35.397777],[133.363179,35.398224],[133.363153,35.398579],[133.363188,35.399181],[133.363433,35.399552],[133.363507,35.399777],[133.363366,35.400039]]]},"properties":{"code":"312020690","name":"榎原","kihon1":"0690"}},
{"type":"Feature","geometry":{"type":"Polygon","coordinates":[[[133.360739,35.389728],[133.358443,35.389853],[133.35864,35.390152],[133.358041,35.390419],[133.357734,35.389911],[133.357216,35.389345],[133.357073,35.389143],[133.356846,35.389275],[133.356829,35.389411],[133.356883,35.389614],[133.356846,35.389727],[133.357042,35.390119],[133.357056,35.390247],[133.356967,35.390345],[133.356824,35.390212],[133.356347,35.389835],[133.356099,35.389607],[133.355836,35.389279],[133.355658,35.389146],[133.355418,35.389082],[133.355164,35.389083],[133.354521,35.389144],[133.354192,35.389208],[133.353701,35.389338],[133.353336,35.389344],[133.353243,35.389312],[133.353073,35.389106],[133.352966,35.388874],[133.352922,35.388428],[133.352872,35.388217],[133.352735,35.388006],[133.352585,35.387929],[133.352132,35.387807],[133.35251,35.38759],[133.352378,35.387315],[133.351787,35.386238],[133.351469,35.38569],[133.35169,35.385381],[133.351992,35.385104],[133.352229,35.385063],[133.352446,35.38512],[133.353161,35.385549],[133.354077,35.386019],[133.354662,35.386248],[133.354867,35.386045],[133.355051,35.386046],[133.355801,35.386462],[133.355953,35.386331],[133.356046,35.386134],[133.355942,35.38516],[133.356783,35.385102],[133.356622,35.383182],[133.358103,35.38309],[133.358161,35.382966],[133.358896,35.38164],[133.359035,35.381492],[133.35993,35.381429],[133.359922,35.381146],[133.361175,35.381077],[133.361535,35.385906],[133.362438,35.385846],[133.362339,35.386225],[133.362358,35.386282],[133.362381,35.386499],[133.362504,35.387182],[133.362641,35.387721],[133.36279,35.388474],[133.362794,35.388604],[133.362638,35.388738],[133.362405,35.38876],[133.360625,35.388814],[133.360739,35.389728]]]},"properties":{"code":"312020700","name":"大袋","kihon1":"0700"}},
{"type":"Feature","geometry":{"type":"Polygon","coordinates":[[[133.373023,35.397492],[133.373055,35.397634],[133.372647,35.397458],[133.37252,35.397685],[133.372206,35.397973],[133.372292,35.398082],[133.372192,35.398172],[133.372069,35.398449],[133.371924,35.398558],[133.370935,35.398906],[133.370911,35.399186],[133.370353,35.399681],[133.369951,35.399941],[133.369322,35.400145],[133.369046,35.400166],[133.369078,35.399936],[133.368699,35.399931],[133.368588,35.399966],[133.368192,35.39997],[133.368109,35.399479],[133.368216,35.399091],[133.367776,35.399109],[133.367773,35.399178],[133.367551,35.399189],[133.366576,35.399194],[133.366565,35.399252],[133.366167,35.399308],[133.365928,35.399407],[133.365656,35.398646],[133.365634,35.398483],[133.365771,35.398444],[133.365604,35.397947],[133.365632,35.397562],[133.365515,35.397372],[133.365407,35.396863],[133.365682,35.396294],[133.366127,35.396457],[133.366328,35.396263],[133.365994,35.395985],[133.366142,35.395844],[133.366169,35.395723],[133.366332,35.395422],[133.366771,35.3952],[133.366762,35.39508],[133.366543,35.395014],[133.366337,35.394806],[133.367241,35.394088],[133.367281,35.393948],[133.367571,35.394001],[133.367989,35.393952],[133.368068,35.394046],[133.368286,35.394102],[133.369373,35.393854],[133.369439,35.393683],[133.369666,35.393619],[133.369845,35.39366],[133.370122,35.393367],[133.370634,35.393398],[133.371007,35.393344],[133.371279,35.3932],[133.372139,35.392842],[133.372837,35.392523],[133.372857,35.392764],[133.373065,35.393182],[133.373163,35.393583],[133.373208,35.394076],[133.373436,35.3942],[133.373605,35.394447],[133.373824,35.394645],[133.373904,35.394855],[133.374231,35.395308],[133.374579,35.395503],[133.374794,35.395417],[133.374927,35.395473],[133.37478,35.395749],[133.374622,35.3959],[133.374518,35.396247],[133.374222,35.396557],[133.373769,35.396866],[133.373558,35.396963],[133.37322,35.397208],[133.373032,35.397417],[133.373023,35.397492]]]},"properties":{"code":"312020710","name":"永江","kihon1":"0710"}},
{"type":"Feature","geometry":{"type":"Polygon","coordinates":[[[133.357014,35.40156],[133.355675,35.401636],[133.352146,35.401798],[133.35224,35.402729],[133.350583,35.402812],[133.349499,35.402789],[133.348504,35.402754],[133.348463,35.403749],[133.348425,35.403745],[133.348407,35.40443],[133.347906,35.404295],[133.347811,35.404612],[133.348244,35.404751],[133.34834,35.40531],[133.347984,35.406318],[133.347071,35.406828],[133.346172,35.406644],[133.346383,35.407909],[133.346392,35.408206],[133.346359,35.408406],[133.345089,35.4082],[133.344891,35.40819],[133.34462,35.408271],[133.344306,35.408562],[133.343831,35.408943],[133.343668,35.409021],[133.343167,35.409138],[133.343059,35.409216],[133.342959,35.409386],[133.34287,35.409655],[133.342859,35.409934],[133.342693,35.410716],[133.342363,35.410748],[133.341847,35.410832],[133.341634,35.410906],[133.341478,35.41104],[133.341349,35.411382],[133.341022,35.411712],[133.340912,35.41186],[133.340717,35.412226],[133.340424,35.412655],[133.340359,35.41282],[133.340138,35.412578],[133.340004,35.412381],[133.339869,35.412041],[133.339435,35.411431],[133.33928,35.411243],[133.339188,35.410813],[133.339219,35.41057],[133.339194,35.410247],[133.33909,35.40996],[133.338707,35.409782],[133.33853,35.409675],[133.338187,35.409326],[133.337646,35.409049],[133.337536,35.408968],[133.337469,35.408879],[133.337504,35.408661],[133.337652,35.408443],[133.33777,35.407977],[133.337752,35.407747],[133.33769,35.407545],[133.337442,35.407092],[133.337109,35.406654],[133.336961,35.406169],[133.336704,35.405658],[133.33658,35.405291],[133.33628,35.404852],[133.336223,35.404672],[133.336198,35.404387],[133.336196,35.403944],[133.336067,35.403723],[133.336766,35.403482],[133.337031,35.403478],[133.337373,35.403528],[133.337751,35.403459],[133.338204,35.403236],[133.338961,35.402817],[133.339481,35.402623],[133.339699,35.402562],[133.340269,35.402214],[133.340815,35.402067],[133.341185,35.401995],[133.341605,35.401948],[133.341675,35.402116],[133.342463,35.402099],[133.34346,35.402014],[133.34354,35.402177],[133.343931,35.40208],[133.344821,35.401981],[133.345269,35.401833],[133.345404,35.401715],[133.346055,35.402129],[133.346332,35.402132],[133.347193,35.402236],[133.347804,35.402284],[133.348358,35.402396],[133.348579,35.402416],[133.348969,35.402374],[133.34999,35.402077],[133.350282,35.401915],[133.350432,35.401774],[133.350462,35.401374],[133.350549,35.401239],[133.350709,35.401118],[133.35121,35.400914],[133.352427,35.400836],[133.354066,35.400769],[133.355623,35.40072],[133.358971,35.400556],[133.359028,35.401465],[133.357014,35.40156]]]},"properties":{"code":"312020720","name":"石井","kihon1":"0720"}},
{"type":"Feature","geometry":{"type":"Polygon","coordinates":[[[133.35131,35.409176],[133.351131,35.409208],[133.350964,35.409527],[133.350482,35.409983],[133.350493,35.410253],[133.350641,35.410454],[133.350691,35.410638],[133.350575,35.410957],[133.350161,35.411617],[133.350298,35.411852],[133.350593,35.412206],[133.35045,35.412304],[133.350063,35.412338],[133.349489,35.412283],[133.349164,35.412273],[133.349064,35.41232],[133.34845,35.412989],[133.348309,35.41326],[133.348262,35.413587],[133.348198,35.413702],[133.347708,35.41395],[133.347435,35.414308],[133.347358,35.414529],[133.347326,35.415026],[133.347262,35.415315],[133.346846,35.415144],[133.345459,35.414745],[133.344485,35.414448],[133.343838,35.41428],[133.343627,35.414199],[133.343214,35.413942],[133.342214,35.41343],[133.341703,35.41322],[133.341017,35.412993],[133.340359,35.41282],[133.340424,35.412655],[133.340717,35.412226],[133.340912,35.41186],[133.341022,35.411712],[133.341349,35.411382],[133.341478,35.41104],[133.341634,35.410906],[133.341847,35.410832],[133.342363,35.410748],[133.342693,35.410716],[133.342859,35.409934],[133.34287,35.409655],[133.342959,35.409386],[133.343059,35.409216],[133.343167,35.409138],[133.343668,35.409021],[133.343831,35.408943],[133.344306,35.408562],[133.34462,35.408271],[133.344891,35.40819],[133.345089,35.4082],[133.346359,35.408406],[133.346392,35.408206],[133.346383,35.407909],[133.346172,35.406644],[133.347071,35.406828],[133.347984,35.406318],[133.34834,35.40531],[133.348244,35.404751],[133.347811,35.404612],[133.347906,35.404295],[133.348407,35.40443],[133.348425,35.403745],[133.348463,35.403749],[133.348504,35.402754],[133.349499,35.402789],[133.350583,35.402812],[133.35224,35.402729],[133.352146,35.401798],[133.355675,35.401636],[133.357014,35.40156],[133.357154,35.403438],[133.356492,35.403464],[133.356559,35.404415],[133.355858,35.404453],[133.355927,35.405421],[133.352469,35.40557],[133.352243,35.405792],[133.352458,35.406088],[133.352598,35.406125],[133.353587,35.407284],[133.352248,35.408043],[133.352139,35.40841],[133.352814,35.409031],[133.352476,35.409468],[133.352438,35.409821],[133.352066,35.409672],[133.352227,35.40937],[133.351475,35.409126],[133.35131,35.409176]]]},"properties":{"code":"312020730","name":"奥谷","kihon1":"0730"}},
{"type":"Feature","geometry":{"type":"Polygon","coordinates":[[[133.346695,35.42252],[133.346731,35.422862],[133.34662,35.422936],[133.34621,35.422966],[133.346041,35.423242],[133.345952,35.423268],[133.345563,35.423114],[133.345422,35.423144],[133.345047,35.42344],[133.344905,35.423402],[133.344829,35.423114],[133.344743,35.423014],[133.344276,35.42278],[133.343869,35.422761],[133.343586,35.422785],[133.343546,35.422667],[133.343392,35.422551],[133.343489,35.422476],[133.34339,35.422335],[133.342703,35.421959],[133.342374,35.421751],[133.342075,35.421602],[133.342013,35.421508],[133.341753,35.42136],[133.341745,35.42115],[133.341576,35.420875],[133.34156,35.420716],[133.341768,35.420393],[133.341755,35.420157],[133.341375,35.42003],[133.341281,35.419778],[133.341099,35.419521],[133.34091,35.419337],[133.340632,35.419231],[133.341175,35.418886],[133.341517,35.418514],[133.341354,35.418373],[133.341038,35.41796],[133.340845,35.417637],[133.340915,35.417396],[133.341142,35.417345],[133.341671,35.417585],[133.341839,35.417606],[133.342105,35.41758],[133.342241,35.417526],[133.342424,35.417312],[133.342785,35.416787],[133.342964,35.416378],[133.342787,35.416214],[133.342641,35.41602],[133.342695,35.415852],[133.34284,35.415755],[133.342891,35.415579],[133.343168,35.415471],[133.34323,35.415091],[133.343627,35.414199],[133.343838,35.41428],[133.344485,35.414448],[133.345459,35.414745],[133.346846,35.415144],[133.347262,35.415315],[133.347879,35.415781],[133.347722,35.416327],[133.347613,35.416631],[133.347426,35.416973],[133.347383,35.417126],[133.347203,35.417356],[133.347191,35.417695],[133.347338,35.418054],[133.347404,35.41828],[133.347415,35.418697],[133.347388,35.419187],[133.347336,35.419494],[133.347256,35.419745],[133.347133,35.419996],[133.346996,35.420169],[133.346558,35.420539],[133.346446,35.420665],[133.346417,35.420861],[133.346593,35.421282],[133.346532,35.422342],[133.346545,35.422513],[133.346695,35.42252]]]},"properties":{"code":"312020740","name":"美吉","kihon1":"0740"}},
{"type":"Feature","geometry":{"type":"Polygon","coordinates":[[[133.360729,35.416195],[133.360763,35.415788],[133.360709,35.41557],[133.360558,35.415465],[133.360242,35.415363],[133.359846,35.415267],[133.359658,35.415263],[133.35933,35.415307],[133.359194,35.415276],[133.358686,35.414948],[133.358483,35.414901],[133.357918,35.415025],[133.357411,35.414544],[133.357061,35.414343],[133.356867,35.414347],[133.356322,35.414858],[133.356073,35.41495],[133.355803,35.41498],[133.35547,35.415126],[133.355238,35.415353],[133.355094,35.415572],[133.35459,35.416451],[133.354307,35.416641],[133.353605,35.416931],[133.353543,35.416997],[133.353553,35.417407],[133.35359,35.417576],[133.353589,35.417922],[133.352732,35.418062],[133.352378,35.418076],[133.352022,35.417976],[133.352471,35.417153],[133.351432,35.416941],[133.350956,35.416789],[133.350791,35.416715],[133.349875,35.416027],[133.349606,35.415927],[133.349263,35.415955],[133.349035,35.415939],[133.348576,35.41579],[133.348388,35.415766],[133.347879,35.415781],[133.347262,35.415315],[133.347326,35.415026],[133.347358,35.414529],[133.347435,35.414308],[133.347708,35.41395],[133.348198,35.413702],[133.348262,35.413587],[133.348309,35.41326],[133.34845,35.412989],[133.349064,35.41232],[133.349164,35.412273],[133.349489,35.412283],[133.350063,35.412338],[133.35045,35.412304],[133.350593,35.412206],[133.350298,35.411852],[133.350161,35.411617],[133.350575,35.410957],[133.350691,35.410638],[133.350641,35.410454],[133.350493,35.410253],[133.350482,35.409983],[133.350964,35.409527],[133.351131,35.409208],[133.35131,35.409176],[133.351129,35.410127],[133.351596,35.410295],[133.351732,35.410384],[133.351786,35.410524],[133.351705,35.410824],[133.351529,35.41092],[133.351573,35.411328],[133.351488,35.4117],[133.351581,35.411872],[133.351941,35.411486],[133.35215,35.411107],[133.352314,35.41101],[133.352611,35.411132],[133.352772,35.411259],[133.352796,35.411381],[133.352518,35.411987],[133.352615,35.412096],[133.352796,35.412076],[133.353048,35.411949],[133.353191,35.411926],[133.353615,35.412052],[133.353829,35.412008],[133.353962,35.411778],[133.353663,35.411608],[133.353469,35.411411],[133.353186,35.410948],[133.355907,35.410921],[133.35717,35.411707],[133.358225,35.410978],[133.358941,35.411682],[133.361054,35.410276],[133.36178,35.411009],[133.361241,35.41137],[133.361991,35.412079],[133.362974,35.411452],[133.363839,35.411115],[133.363808,35.412361],[133.36374,35.412799],[133.363652,35.413177],[133.363558,35.413353],[133.363298,35.413695],[133.362861,35.414052],[133.362494,35.414298],[133.362407,35.414481],[133.362113,35.414975],[133.362066,35.415181],[133.361731,35.41522],[133.361612,35.415295],[133.360914,35.415951],[133.360729,35.416195]]]},"properties":{"code":"312020750","name":"宗像","kihon1":"0750"}},
{"type":"Feature","geometry":{"type":"Polygon","coordinates":[[[133.361054,35.410276],[133.358941,35.411682],[133.358225,35.410978],[133.35717,35.411707],[133.355907,35.410921],[133.353186,35.410948],[133.353469,35.411411],[133.353663,35.411608],[133.353962,35.411778],[133.353829,35.412008],[133.353615,35.412052],[133.353191,35.411926],[133.353048,35.411949],[133.352796,35.412076],[133.352615,35.412096],[133.352518,35.411987],[133.352796,35.411381],[133.352772,35.411259],[133.352611,35.411132],[133.352314,35.41101],[133.35215,35.411107],[133.351941,35.411486],[133.351581,35.411872],[133.351488,35.4117],[133.351573,35.411328],[133.351529,35.41092],[133.351705,35.410824],[133.351786,35.410524],[133.351732,35.410384],[133.351596,35.410295],[133.351129,35.410127],[133.35131,35.409176],[133.351475,35.409126],[133.352227,35.40937],[133.352066,35.409672],[133.352438,35.409821],[133.352476,35.409468],[133.352814,35.409031],[133.352139,35.40841],[133.352248,35.408043],[133.353587,35.407284],[133.352598,35.406125],[133.352458,35.406088],[133.352243,35.405792],[133.352469,35.40557],[133.355927,35.405421],[133.355858,35.404453],[133.356559,35.404415],[133.359202,35.404283],[133.359479,35.40805],[133.361619,35.407945],[133.361433,35.408994],[133.361384,35.409412],[133.361216,35.409422],[133.360983,35.409529],[133.361444,35.410007],[133.361054,35.410276]]]},"properties":{"code":"312020760","name":"日原","kihon1":"0760"}},
{"type":"Feature","geometry":{"type":"Polygon","coordinates":[[[133.345907,35.391133],[133.346184,35.391051],[133.346486,35.391038],[133.347133,35.391122],[133.347324,35.391234],[133.347705,35.391977],[133.348064,35.39234],[133.348377,35.392529],[133.34896,35.392161],[133.349233,35.392378],[133.349412,35.392427],[133.349635,35.392571],[133.349737,35.392716],[133.350008,35.392869],[133.349812,35.393015],[133.349987,35.393289],[133.350806,35.393101],[133.351048,35.394121],[133.351338,35.395005],[133.355282,35.394834],[133.355414,35.396776],[133.355524,35.398707],[133.355623,35.40072],[133.354066,35.400769],[133.352427,35.400836],[133.35121,35.400914],[133.344067,35.400425],[133.344288,35.400287],[133.344295,35.400198],[133.344166,35.399966],[133.344096,35.399761],[133.344125,35.399297],[133.344121,35.398821],[133.344217,35.398278],[133.344226,35.397731],[133.344388,35.397359],[133.344491,35.39699],[133.34437,35.396059],[133.344332,35.395587],[133.344354,35.395027],[133.344516,35.394903],[133.346315,35.39492],[133.34599,35.394445],[133.345509,35.393797],[133.3454,35.393534],[133.345301,35.393055],[133.34501,35.392606],[133.344537,35.392167],[133.345275,35.391642],[133.345673,35.391346],[133.345907,35.391133]]]},"properties":{"code":"312020770","name":"橋本","kihon1":"0770"}},
{"type":"Feature","geometry":{"type":"Polygon","coordinates":[[[133.35121,35.400914],[133.350709,35.401118],[133.350549,35.401239],[133.350462,35.401374],[133.350432,35.401774],[133.350282,35.401915],[133.34999,35.402077],[133.348969,35.402374],[133.348579,35.402416],[133.348358,35.402396],[133.347804,35.402284],[133.347193,35.402236],[133.346332,35.402132],[133.346055,35.402129],[133.345404,35.401715],[133.345269,35.401833],[133.344821,35.401981],[133.343931,35.40208],[133.34354,35.402177],[133.34346,35.402014],[133.342463,35.402099],[133.341675,35.402116],[133.341605,35.401948],[133.341185,35.401995],[133.340815,35.402067],[133.340269,35.402214],[133.339699,35.402562],[133.339481,35.402623],[133.338961,35.402817],[133.338204,35.403236],[133.337751,35.403459],[133.337373,35.403528],[133.337031,35.403478],[133.336766,35.403482],[133.336067,35.403723],[133.335236,35.40358],[133.33508,35.403503],[133.334844,35.403149],[133.334481,35.402909],[133.334309,35.402724],[133.334209,35.402538],[133.334215,35.402441],[133.334361,35.402177],[133.334924,35.401535],[133.335127,35.401272],[133.334467,35.401087],[133.334049,35.400926],[133.333916,35.400837],[133.333618,35.400476],[133.333352,35.400094],[133.333251,35.399996],[133.332934,35.399844],[133.332799,35.399742],[133.332432,35.399321],[133.332124,35.399116],[133.331412,35.398853],[133.330985,35.398623],[133.330921,35.39784],[133.331565,35.398123],[133.331879,35.398165],[133.332818,35.398062],[133.333606,35.398022],[133.334379,35.397967],[133.334945,35.397163],[133.335358,35.39707],[133.335668,35.39708],[133.336052,35.39719],[133.336259,35.397217],[133.33661,35.397163],[133.336777,35.397085],[133.337328,35.39675],[133.33764,35.396648],[133.338158,35.396377],[133.338395,35.396311],[133.33882,35.396293],[133.339191,35.3963],[133.339686,35.396356],[133.340751,35.396275],[133.34437,35.396059],[133.344491,35.39699],[133.344388,35.397359],[133.344226,35.397731],[133.344217,35.398278],[133.344121,35.398821],[133.344125,35.399297],[133.344096,35.399761],[133.344166,35.399966],[133.344295,35.400198],[133.344288,35.400287],[133.344067,35.400425],[133.35121,35.400914]]]},"properties":{"code":"312020780","name":"奈喜良","kihon1":"0780"}},
{"type":"Feature","geometry":{"type":"Polygon","coordinates":[[[133.345907,35.391133],[133.345673,35.391346],[133.345275,35.391642],[133.344537,35.392167],[133.34501,35.392606],[133.345301,35.393055],[133.3454,35.393534],[133.345509,35.393797],[133.34599,35.394445],[133.346315,35.39492],[133.344516,35.394903],[133.344354,35.395027],[133.344332,35.395587],[133.34437,35.396059],[133.340751,35.396275],[133.339686,35.396356],[133.339492,35.396267],[133.339387,35.396029],[133.339427,35.394474],[133.340479,35.39442],[133.340652,35.394429],[133.340135,35.392068],[133.338615,35.391661],[133.338504,35.391329],[133.338295,35.39113],[133.338125,35.39106],[133.337697,35.391079],[133.337312,35.391158],[133.337499,35.390838],[133.337759,35.390515],[133.33769,35.390425],[133.337049,35.390383],[133.336618,35.390384],[133.33576,35.388408],[133.3357,35.388124],[133.33569,35.387882],[133.335745,35.387589],[133.335763,35.387305],[133.335687,35.387024],[133.335393,35.386462],[133.335319,35.386157],[133.334939,35.385796],[133.3348,35.385564],[133.334665,35.385132],[133.334247,35.384614],[133.334122,35.384403],[133.334195,35.384183],[133.334589,35.383441],[133.334863,35.383054],[133.334584,35.382574],[133.33414,35.382156],[133.334064,35.382013],[133.334042,35.38175],[133.334078,35.381441],[133.3343,35.381154],[133.334965,35.381816],[133.335157,35.381912],[133.33592,35.381976],[133.336129,35.382023],[133.336506,35.382028],[133.336737,35.382067],[133.337168,35.382223],[133.337571,35.382276],[133.337979,35.382355],[133.338364,35.382337],[133.338466,35.382401],[133.338759,35.382803],[133.338732,35.382944],[133.338492,35.383431],[133.338595,35.383925],[133.33896,35.384742],[133.339092,35.385001],[133.339218,35.385138],[133.339422,35.385256],[133.339837,35.385427],[133.340133,35.38543],[133.341065,35.385332],[133.3414,35.385281],[133.341748,35.385348],[133.341818,35.385407],[133.342044,35.385802],[133.342433,35.386016],[133.342648,35.386248],[133.342767,35.386507],[133.342961,35.386676],[133.343308,35.386879],[133.343283,35.387089],[133.343134,35.387508],[133.342962,35.387853],[133.342941,35.388052],[133.343025,35.38851],[133.343127,35.388672],[133.343278,35.388759],[133.343801,35.388948],[133.344043,35.388925],[133.344612,35.389321],[133.344475,35.389482],[133.345097,35.389937],[133.345315,35.390018],[133.345826,35.390273],[133.346014,35.390403],[133.346081,35.390546],[133.346214,35.390668],[133.34607,35.390935],[133.345907,35.391133]]]},"properties":{"code":"312020790","name":"吉谷","kihon1":"0790"}},
{"type":"Feature","geometry":{"type":"Polygon","coordinates":[[[133.339427,35.394474],[133.336358,35.394655],[133.333961,35.394805],[133.333005,35.393978],[133.332469,35.39353],[133.33213,35.393268],[133.331267,35.392556],[133.329771,35.392082],[133.329929,35.390833],[133.329719,35.390684],[133.329479,35.390635],[133.329523,35.390097],[133.329481,35.389708],[133.329371,35.389503],[133.329473,35.389314],[133.329503,35.389128],[133.329164,35.388868],[133.329072,35.388757],[133.328935,35.38843],[133.328884,35.388216],[133.328619,35.387884],[133.328214,35.387602],[133.327776,35.387443],[133.327387,35.387374],[133.326663,35.387274],[133.326352,35.386913],[133.325299,35.38547],[133.325025,35.385068],[133.325033,35.384659],[133.324971,35.384388],[133.324703,35.384133],[133.324667,35.38397],[133.324688,35.383704],[133.32478,35.38348],[133.325016,35.383177],[133.325116,35.382868],[133.32496,35.382644],[133.32469,35.382413],[133.323813,35.381855],[133.323091,35.38136],[133.32257,35.380904],[133.322123,35.380614],[133.321498,35.380286],[133.321522,35.379884],[133.321723,35.379562],[133.322156,35.378928],[133.322371,35.378659],[133.322803,35.378247],[133.323241,35.378061],[133.323474,35.377853],[133.323661,35.377561],[133.323925,35.377261],[133.323984,35.377076],[133.323919,35.376835],[133.323624,35.376307],[133.323601,35.375977],[133.323825,35.375441],[133.323851,35.374985],[133.323982,35.374782],[133.324335,35.374655],[133.324688,35.374578],[133.325378,35.374509],[133.325658,35.374419],[133.325974,35.37419],[133.32616,35.374155],[133.326462,35.37416],[133.326789,35.374215],[133.327279,35.374339],[133.327671,35.374464],[133.328165,35.374526],[133.328974,35.374691],[133.329418,35.375094],[133.330127,35.375843],[133.330665,35.376171],[133.330788,35.376435],[133.330863,35.376939],[133.331018,35.377468],[133.330966,35.377795],[133.330995,35.377848],[133.331344,35.378064],[133.331664,35.378514],[133.332108,35.378857],[133.332238,35.379113],[133.332312,35.379376],[133.332511,35.379446],[133.333763,35.379541],[133.333955,35.379616],[133.334113,35.379799],[133.334236,35.38022],[133.334271,35.380551],[133.3343,35.381154],[133.334078,35.381441],[133.334042,35.38175],[133.334064,35.382013],[133.33414,35.382156],[133.334584,35.382574],[133.334863,35.383054],[133.334589,35.383441],[133.334195,35.384183],[133.334122,35.384403],[133.334247,35.384614],[133.334665,35.385132],[133.3348,35.385564],[133.334939,35.385796],[133.335319,35.386157],[133.335393,35.386462],[133.335687,35.387024],[133.335763,35.387305],[133.335745,35.387589],[133.33569,35.387882],[133.3357,35.388124],[133.33576,35.388408],[133.336618,35.390384],[133.337049,35.390383],[133.33769,35.390425],[133.337759,35.390515],[133.337499,35.390838],[133.337312,35.391158],[133.337697,35.391079],[133.338125,35.39106],[133.338295,35.39113],[133.338504,35.391329],[133.338615,35.391661],[133.340135,35.392068],[133.340652,35.394429],[133.340479,35.39442],[133.339427,35.394474]]]},"properties":{"code":"312020800","name":"古市","kihon1":"0800"}},
{"type":"Feature","geometry":{"type":"Polygon","coordinates":[[[133.330985,35.398623],[133.330667,35.398823],[133.330257,35.399197],[133.330002,35.399471],[133.329724,35.399605],[133.329498,35.399627],[133.329299,35.399594],[133.329011,35.399432],[133.328668,35.399018],[133.328423,35.398835],[133.328291,35.398813],[133.327903,35.39888],[133.327324,35.399071],[133.327104,35.399035],[133.326906,35.398928],[133.326604,35.398635],[133.326462,35.398401],[133.326265,35.398229],[133.325849,35.398142],[133.325472,35.398142],[133.32528,35.398172],[133.325096,35.398282],[133.324521,35.398693],[133.324021,35.399251],[133.323942,35.39939],[133.323902,35.399796],[133.32382,35.399949],[133.323665,35.400063],[133.32328,35.400192],[133.322537,35.400265],[133.322056,35.400248],[133.321664,35.400303],[133.321332,35.400161],[133.320817,35.399795],[133.32061,35.399711],[133.320232,35.399643],[133.319959,35.399539],[133.319713,35.399408],[133.319514,35.399165],[133.319875,35.39891],[133.320059,35.398605],[133.320141,35.398198],[133.320002,35.397623],[133.319976,35.397439],[133.320005,35.397256],[133.320209,35.396922],[133.320995,35.396216],[133.321361,35.395874],[133.321238,35.395542],[133.321084,35.395334],[133.320918,35.395254],[133.320569,35.39518],[133.320316,35.395012],[133.32012,35.39474],[133.319509,35.394253],[133.319119,35.393927],[133.318503,35.393377],[133.317586,35.3935],[133.317303,35.393483],[133.316931,35.393358],[133.316627,35.393051],[133.31637,35.392849],[133.316066,35.392503],[133.315544,35.392144],[133.315141,35.391975],[133.315084,35.39171],[133.315043,35.391239],[133.315096,35.390754],[133.314996,35.390414],[133.314837,35.390169],[133.314725,35.389729],[133.314506,35.389525],[133.314134,35.389258],[133.314002,35.389055],[133.314241,35.388436],[133.314351,35.388324],[133.314396,35.387996],[133.314344,35.387946],[133.31377,35.387825],[133.313846,35.38764],[133.313677,35.387197],[133.313683,35.386942],[133.3141,35.386725],[133.314243,35.386585],[133.31442,35.38666],[133.316297,35.387245],[133.315543,35.385824],[133.315859,35.385464],[133.316165,35.385249],[133.316415,35.38497],[133.316676,35.384754],[133.317025,35.384568],[133.31718,35.384525],[133.317689,35.384461],[133.317863,35.384399],[133.318081,35.38423],[133.318224,35.384034],[133.318547,35.383735],[133.318665,35.383686],[133.319096,35.383614],[133.319158,35.383546],[133.319343,35.382862],[133.319331,35.38255],[133.319389,35.382167],[133.319449,35.381934],[133.319702,35.381623],[133.319995,35.381124],[133.320498,35.380679],[133.321291,35.380426],[133.321498,35.380286],[133.322123,35.380614],[133.32257,35.380904],[133.323091,35.38136],[133.323813,35.381855],[133.32469,35.382413],[133.32496,35.382644],[133.325116,35.382868],[133.325016,35.383177],[133.32478,35.38348],[133.324688,35.383704],[133.324667,35.38397],[133.324703,35.384133],[133.324971,35.384388],[133.325033,35.384659],[133.325025,35.385068],[133.325299,35.38547],[133.326352,35.386913],[133.326663,35.387274],[133.327387,35.387374],[133.327776,35.387443],[133.328214,35.387602],[133.328619,35.387884],[133.328884,35.388216],[133.328935,35.38843],[133.329072,35.388757],[133.329164,35.388868],[133.329503,35.389128],[133.329473,35.389314],[133.329371,35.389503],[133.329481,35.389708],[133.329523,35.390097],[133.329479,35.390635],[133.329719,35.390684],[133.329929,35.390833],[133.329771,35.392082],[133.331267,35.392556],[133.33213,35.393268],[133.332469,35.39353],[133.333005,35.393978],[133.333961,35.394805],[133.336358,35.394655],[133.339427,35.394474],[133.339387,35.396029],[133.339492,35.396267],[133.339686,35.396356],[133.339191,35.3963],[133.33882,35.396293],[133.338395,35.396311],[133.338158,35.396377],[133.33764,35.396648],[133.337328,35.39675],[133.336777,35.397085],[133.33661,35.397163],[133.336259,35.397217],[133.336052,35.39719],[133.335668,35.39708],[133.335358,35.39707],[133.334945,35.397163],[133.334379,35.397967],[133.333606,35.398022],[133.332818,35.398062],[133.331879,35.398165],[133.331565,35.398123],[133.330921,35.39784],[133.330985,35.398623]]]},"properties":{"code":"312020810","name":"新山","kihon1":"0810"}},
{"type":"Feature","geometry":{"type":"Polygon","coordinates":[[[133.295813,35.452845],[133.295552,35.453108],[133.293863,35.454395],[133.293035,35.455005],[133.292583,35.455354],[133.292116,35.455737],[133.292217,35.45583],[133.29144,35.456658],[133.290646,35.457574],[133.290909,35.457901],[133.290668,35.458059],[133.290438,35.457829],[133.289783,35.458274],[133.289364,35.458622],[133.289081,35.458668],[133.288417,35.458927],[133.287938,35.459131],[133.287776,35.459222],[133.287704,35.459177],[133.286872,35.459857],[133.286012,35.460521],[133.284413,35.461589],[133.28409,35.461841],[133.283473,35.462404],[133.283327,35.462536],[133.282035,35.463516],[133.281678,35.463732],[133.280677,35.464449],[133.280217,35.464748],[133.279908,35.46492],[133.279368,35.465261],[133.278426,35.465812],[133.277835,35.466223],[133.277432,35.466629],[133.27667,35.466124],[133.2764,35.465912],[133.276407,35.465778],[133.276078,35.465567],[133.275837,35.465415],[133.275043,35.464981],[133.274409,35.464705],[133.272792,35.463976],[133.27238,35.463778],[133.272113,35.463706],[133.27153,35.463594],[133.269838,35.463356],[133.269527,35.463297],[133.269239,35.463202],[133.268963,35.463044],[133.268428,35.462609],[133.267424,35.461554],[133.267206,35.461361],[133.266626,35.461066],[133.266415,35.460983],[133.266251,35.461049],[133.265704,35.461423],[133.265296,35.461118],[133.265085,35.461306],[133.263629,35.460216],[133.263271,35.45999],[133.263804,35.459487],[133.262822,35.458744],[133.262412,35.45796],[133.261805,35.456637],[133.260985,35.455052],[133.260785,35.454506],[133.260804,35.453949],[133.260865,35.453725],[133.261045,35.453364],[133.261391,35.452983],[133.261768,35.45272],[133.262797,35.452083],[133.266943,35.449467],[133.268429,35.4485],[133.271097,35.4468],[133.272039,35.446223],[133.27238,35.446078],[133.272961,35.44588],[133.277115,35.44443],[133.278304,35.444005],[133.28525,35.441585],[133.289373,35.440129],[133.292321,35.43914],[133.29255,35.439085],[133.293049,35.439121],[133.293262,35.439189],[133.293591,35.439402],[133.293777,35.439601],[133.293903,35.439862],[133.293945,35.440069],[133.293921,35.44022],[133.293709,35.440697],[133.293702,35.440874],[133.293837,35.441245],[133.294148,35.441124],[133.295331,35.440702],[133.295381,35.440579],[133.295245,35.440305],[133.295447,35.440135],[133.296149,35.439692],[133.29692,35.439281],[133.297262,35.439183],[133.297904,35.439027],[133.29856,35.438903],[133.299904,35.438438],[133.300435,35.439478],[133.30057,35.439801],[133.300779,35.440733],[133.30092,35.441189],[133.301187,35.442313],[133.301659,35.442067],[133.302116,35.441975],[133.302389,35.441767],[133.302549,35.441728],[133.302868,35.441718],[133.303401,35.441592],[133.303738,35.441446],[133.304553,35.441333],[133.304635,35.441352],[133.305037,35.442087],[133.304604,35.442209],[133.304681,35.442345],[133.303918,35.442769],[133.303328,35.443073],[133.303172,35.443095],[133.302818,35.443084],[133.302706,35.443189],[133.302429,35.443193],[133.302468,35.443367],[133.302316,35.443377],[133.302228,35.443045],[133.302109,35.44317],[133.301594,35.443187],[133.301515,35.442897],[133.300945,35.443016],[133.300974,35.443355],[133.300907,35.443405],[133.300003,35.443698],[133.300277,35.444382],[133.300722,35.445371],[133.30087,35.445568],[133.302107,35.446921],[133.302714,35.447534],[133.302408,35.448037],[133.301631,35.447659],[133.301462,35.447735],[133.300298,35.448701],[133.299991,35.448966],[133.299605,35.44923],[133.299482,35.449424],[133.29934,35.449385],[133.299034,35.449613],[133.298046,35.450304],[133.297705,35.449947],[133.296887,35.450476],[133.296025,35.451069],[133.296104,35.451291],[133.294807,35.452092],[133.295051,35.452274],[133.295783,35.45278],[133.295813,35.452845]]]},"properties":{"code":"312020820","name":"彦名町","kihon1":"0820"}},
{"type":"Feature","geometry":{"type":"Polygon","coordinates":[[[133.268108,35.475895],[133.267224,35.476459],[133.266226,35.477113],[133.265743,35.477364],[133.26506,35.477662],[133.26438,35.477935],[133.263315,35.478267],[133.262427,35.478464],[133.261717,35.478638],[133.261357,35.478749],[133.260694,35.479065],[133.260001,35.479166],[133.259672,35.479295],[133.259449,35.479434],[133.259047,35.47982],[133.258652,35.480301],[133.257114,35.479106],[133.255773,35.478118],[133.25493,35.478812],[133.255485,35.477376],[133.256057,35.477538],[133.256165,35.477263],[133.255624,35.477047],[133.255701,35.476504],[133.254717,35.476152],[133.255202,35.475366],[133.254919,35.475293],[133.254054,35.474728],[133.252776,35.474031],[133.252183,35.473731],[133.251736,35.47339],[133.249026,35.471362],[133.250113,35.47033],[133.250375,35.470097],[133.250759,35.469925],[133.251126,35.469856],[133.251371,35.469842],[133.251736,35.469889],[133.253199,35.47032],[133.253728,35.469837],[133.255659,35.468095],[133.256293,35.467489],[133.256889,35.466966],[133.256821,35.467114],[133.256975,35.46722],[133.257129,35.46722],[133.257363,35.466999],[133.257355,35.466876],[133.257237,35.466786],[133.257263,35.466634],[133.257023,35.466233],[133.256967,35.466025],[133.256995,35.465797],[133.257224,35.465476],[133.259353,35.463581],[133.259949,35.462991],[133.260495,35.462502],[133.263271,35.45999],[133.263629,35.460216],[133.265085,35.461306],[133.265296,35.461118],[133.265704,35.461423],[133.266251,35.461049],[133.266415,35.460983],[133.266626,35.461066],[133.267206,35.461361],[133.267424,35.461554],[133.268428,35.462609],[133.268963,35.463044],[133.269239,35.463202],[133.269527,35.463297],[133.269838,35.463356],[133.27153,35.463594],[133.272113,35.463706],[133.27238,35.463778],[133.272792,35.463976],[133.274409,35.464705],[133.275043,35.464981],[133.275837,35.465415],[133.276078,35.465567],[133.275285,35.466339],[133.275015,35.466637],[133.274316,35.467303],[133.272731,35.468904],[133.272259,35.469448],[133.271693,35.470168],[133.270653,35.471248],[133.269859,35.472178],[133.269198,35.472821],[133.26898,35.473061],[133.268086,35.473972],[133.266984,35.475492],[133.268108,35.475895]]]},"properties":{"code":"312020830","name":"大崎","kihon1":"0830"}},
{"type":"Feature","geometry":{"type":"Polygon","coordinates":[[[133.257011,35.481914],[133.256153,35.481269],[133.255857,35.481059],[133.254605,35.482178],[133.25356,35.481365],[133.251541,35.483139],[133.251422,35.483052],[133.250589,35.483794],[133.250199,35.484166],[133.249848,35.484462],[133.249309,35.484955],[133.248713,35.484537],[133.247472,35.485731],[133.247657,35.485877],[133.246484,35.486987],[133.245782,35.487615],[133.245277,35.487273],[133.244654,35.487847],[133.243619,35.487106],[133.24309,35.486502],[133.242981,35.486416],[133.24254,35.48631],[133.242465,35.486409],[133.241657,35.486986],[133.241165,35.487266],[133.240431,35.48691],[133.240037,35.486682],[133.239275,35.486503],[133.239172,35.486444],[133.238654,35.485955],[133.238526,35.485914],[133.238838,35.485548],[133.239009,35.48556],[133.239255,35.485357],[133.239539,35.484994],[133.239828,35.484513],[133.240292,35.484764],[133.240473,35.484705],[133.240657,35.48454],[133.24096,35.484194],[133.240943,35.484015],[133.242237,35.482869],[133.242259,35.482651],[133.240475,35.481535],[133.240133,35.481355],[133.239831,35.481152],[133.239641,35.480891],[133.239694,35.48051],[133.240625,35.479463],[133.240924,35.479461],[133.240998,35.479331],[133.241197,35.479118],[133.241071,35.478986],[133.240958,35.478972],[133.240713,35.479228],[133.240674,35.479204],[133.241057,35.478795],[133.241178,35.478856],[133.24365,35.4762],[133.24396,35.475839],[133.244293,35.47549],[133.244388,35.475436],[133.24469,35.475406],[133.244939,35.47543],[133.246748,35.473359],[133.246758,35.473372],[133.24861,35.474655],[133.248748,35.475594],[133.248139,35.476292],[133.247955,35.476568],[133.247779,35.476764],[133.248113,35.476986],[133.24829,35.476943],[133.248402,35.476975],[133.248993,35.476289],[133.249033,35.476308],[133.249425,35.475851],[133.24938,35.475821],[133.249916,35.475233],[133.250503,35.474555],[133.250545,35.474579],[133.250939,35.474119],[133.250897,35.473886],[133.250411,35.474382],[133.249708,35.473866],[133.249324,35.474221],[133.247897,35.473172],[133.247732,35.472999],[133.247709,35.472719],[133.247787,35.472551],[133.247941,35.472372],[133.248569,35.471799],[133.249026,35.471362],[133.251736,35.47339],[133.252183,35.473731],[133.252776,35.474031],[133.254054,35.474728],[133.254919,35.475293],[133.255202,35.475366],[133.254717,35.476152],[133.255701,35.476504],[133.255624,35.477047],[133.256165,35.477263],[133.256057,35.477538],[133.255485,35.477376],[133.25493,35.478812],[133.255773,35.478118],[133.257114,35.479106],[133.258652,35.480301],[133.258507,35.480504],[133.257841,35.48119],[133.257397,35.481555],[133.257011,35.481914]]]},"properties":{"code":"312020840","name":"葭津","kihon1":"0840"}},
{"type":"Feature","geometry":{"type":"Polygon","coordinates":[[[133.270034,35.49404],[133.269378,35.49451],[133.268717,35.495055],[133.26833,35.495289],[133.268172,35.495423],[133.267915,35.495721],[133.267594,35.496033],[133.267148,35.496499],[133.266939,35.496677],[133.266613,35.497055],[133.266151,35.497405],[133.265882,35.497641],[133.265631,35.497801],[133.265456,35.497966],[133.265385,35.498107],[133.264982,35.498588],[133.26408,35.499401],[133.263827,35.49967],[133.263348,35.500042],[133.263076,35.500309],[133.262924,35.500505],[133.262714,35.500873],[133.262411,35.501165],[133.261252,35.50039],[133.261123,35.500357],[133.257483,35.498215],[133.256198,35.497486],[133.256017,35.497409],[133.255857,35.497679],[133.255395,35.498067],[133.255134,35.49816],[133.254915,35.498184],[133.254769,35.498138],[133.254566,35.497993],[133.254354,35.497897],[133.254096,35.497995],[133.253851,35.497966],[133.253743,35.497865],[133.253766,35.497742],[133.253496,35.497688],[133.253263,35.497711],[133.253201,35.497777],[133.253004,35.497655],[133.252876,35.497402],[133.252474,35.497286],[133.252008,35.496927],[133.251669,35.496922],[133.251512,35.496818],[133.251005,35.496805],[133.250506,35.496624],[133.250381,35.496864],[133.250258,35.496819],[133.24949,35.496309],[133.248576,35.495762],[133.247856,35.495376],[133.247149,35.495135],[133.24631,35.494958],[133.245869,35.494776],[133.245372,35.494464],[133.24486,35.49411],[133.244448,35.493682],[133.244024,35.493108],[133.243499,35.492435],[133.242986,35.491952],[133.242508,35.49162],[133.242047,35.491401],[133.241622,35.491102],[133.241264,35.49056],[133.240798,35.489741],[133.24032,35.488949],[133.239445,35.488289],[133.238418,35.487612],[133.237493,35.486874],[133.236361,35.486025],[133.23835,35.486016],[133.238526,35.485914],[133.238654,35.485955],[133.239172,35.486444],[133.239275,35.486503],[133.240037,35.486682],[133.240431,35.48691],[133.241165,35.487266],[133.241657,35.486986],[133.242465,35.486409],[133.24254,35.48631],[133.242981,35.486416],[133.24309,35.486502],[133.243619,35.487106],[133.244654,35.487847],[133.245277,35.487273],[133.245782,35.487615],[133.246484,35.486987],[133.247657,35.485877],[133.247472,35.485731],[133.248713,35.484537],[133.249309,35.484955],[133.249848,35.484462],[133.250199,35.484166],[133.250589,35.483794],[133.251422,35.483052],[133.251541,35.483139],[133.25356,35.481365],[133.254605,35.482178],[133.255857,35.481059],[133.256153,35.481269],[133.257011,35.481914],[133.259286,35.483574],[133.258428,35.484326],[133.258825,35.484644],[133.259149,35.48488],[133.258339,35.485659],[133.25843,35.485728],[133.258068,35.486076],[133.25815,35.486238],[133.258395,35.4864],[133.258404,35.48651],[133.258058,35.486858],[133.259277,35.487637],[133.259764,35.48762],[133.260693,35.487622],[133.260801,35.487644],[133.260627,35.488064],[133.261056,35.488173],[133.261187,35.487825],[133.261458,35.488065],[133.261839,35.488271],[133.261894,35.488373],[133.261835,35.488517],[133.261865,35.488623],[133.262208,35.488892],[133.262243,35.48907],[133.263377,35.489981],[133.263176,35.490146],[133.263901,35.490495],[133.264408,35.491147],[133.264619,35.491355],[133.264868,35.491379],[133.264941,35.491304],[133.265521,35.491628],[133.266993,35.492422],[133.268138,35.493048],[133.268641,35.49334],[133.270034,35.49404]]]},"properties":{"code":"312020850","name":"大篠津町","kihon1":"0850"}},
{"type":"Feature","geometry":{"type":"Polygon","coordinates":[[[133.281134,35.485506],[133.280817,35.485872],[133.28055,35.486056],[133.280127,35.486298],[133.27989,35.486472],[133.279465,35.486837],[133.27869,35.48738],[133.27835,35.487656],[133.278179,35.487827],[133.277603,35.488249],[133.276971,35.488589],[133.276796,35.488714],[133.27604,35.489101],[133.275688,35.489361],[133.275353,35.489734],[133.274769,35.49024],[133.274337,35.490512],[133.273922,35.490816],[133.273712,35.491005],[133.273101,35.491477],[133.272467,35.492074],[133.271438,35.492925],[133.270661,35.493498],[133.270236,35.49384],[133.270034,35.49404],[133.268641,35.49334],[133.268138,35.493048],[133.266993,35.492422],[133.265521,35.491628],[133.264941,35.491304],[133.264868,35.491379],[133.264619,35.491355],[133.264408,35.491147],[133.263901,35.490495],[133.263176,35.490146],[133.263377,35.489981],[133.262243,35.48907],[133.262208,35.488892],[133.261865,35.488623],[133.261835,35.488517],[133.261894,35.488373],[133.261839,35.488271],[133.261458,35.488065],[133.261187,35.487825],[133.261056,35.488173],[133.260627,35.488064],[133.260801,35.487644],[133.260693,35.487622],[133.259764,35.48762],[133.259277,35.487637],[133.258058,35.486858],[133.258404,35.48651],[133.258395,35.4864],[133.25815,35.486238],[133.258068,35.486076],[133.25843,35.485728],[133.258339,35.485659],[133.259149,35.48488],[133.258825,35.484644],[133.258428,35.484326],[133.259286,35.483574],[133.257011,35.481914],[133.257397,35.481555],[133.257841,35.48119],[133.258507,35.480504],[133.258652,35.480301],[133.259047,35.47982],[133.259449,35.479434],[133.259672,35.479295],[133.260001,35.479166],[133.260694,35.479065],[133.261357,35.478749],[133.261717,35.478638],[133.262427,35.478464],[133.263315,35.478267],[133.26438,35.477935],[133.26506,35.477662],[133.265743,35.477364],[133.266226,35.477113],[133.267224,35.476459],[133.268108,35.475895],[133.270166,35.477178],[133.270783,35.477538],[133.272257,35.47829],[133.273466,35.478985],[133.274788,35.479782],[133.275127,35.480074],[133.275286,35.480259],[133.275283,35.480477],[133.275469,35.480636],[133.27769,35.482656],[133.28032,35.48477],[133.281134,35.485506]]]},"properties":{"code":"312020860","name":"和田町","kihon1":"0860"}},
{"type":"Feature","geometry":{"type":"Polygon","coordinates":[[[133.283473,35.462404],[133.284103,35.463218],[133.284894,35.46421],[133.285541,35.464977],[133.286106,35.465389],[133.288432,35.466936],[133.290659,35.468761],[133.290768,35.469035],[133.291339,35.46961],[133.291727,35.470022],[133.292316,35.470759],[133.2928,35.4705],[133.293287,35.471086],[133.293901,35.471897],[133.294533,35.47275],[133.296191,35.474805],[133.29717,35.476157],[133.296568,35.476478],[133.295888,35.476872],[133.29552,35.477063],[133.294816,35.477508],[133.294434,35.477648],[133.294073,35.477822],[133.293882,35.477867],[133.293505,35.478034],[133.293065,35.478306],[133.292701,35.478509],[133.292269,35.47882],[133.291885,35.479009],[133.291588,35.479204],[133.291304,35.479423],[133.290994,35.479584],[133.290329,35.480085],[133.289722,35.480402],[133.289414,35.480671],[133.288609,35.481066],[133.287486,35.481565],[133.287266,35.481687],[133.286903,35.482024],[133.286054,35.482665],[133.2856,35.482871],[133.285023,35.483262],[133.284486,35.483495],[133.283965,35.483847],[133.283069,35.484558],[133.282713,35.484769],[133.282436,35.484892],[133.281622,35.485214],[133.281134,35.485506],[133.28032,35.48477],[133.27769,35.482656],[133.275469,35.480636],[133.275283,35.480477],[133.275286,35.480259],[133.275127,35.480074],[133.274788,35.479782],[133.273466,35.478985],[133.272257,35.47829],[133.270783,35.477538],[133.270166,35.477178],[133.268108,35.475895],[133.266984,35.475492],[133.268086,35.473972],[133.26898,35.473061],[133.269198,35.472821],[133.269859,35.472178],[133.270653,35.471248],[133.271693,35.470168],[133.272259,35.469448],[133.272731,35.468904],[133.274316,35.467303],[133.275015,35.466637],[133.275285,35.466339],[133.276078,35.465567],[133.276407,35.465778],[133.2764,35.465912],[133.27667,35.466124],[133.277432,35.466629],[133.277835,35.466223],[133.278426,35.465812],[133.279368,35.465261],[133.279908,35.46492],[133.280217,35.464748],[133.280677,35.464449],[133.281678,35.463732],[133.282035,35.463516],[133.283327,35.462536],[133.283473,35.462404]]]},"properties":{"code":"312020870","name":"富益町","kihon1":"0870"}},
{"type":"Feature","geometry":{"type":"Polygon","coordinates":[[[133.311004,35.470837],[133.310946,35.470869],[133.310802,35.470628],[133.310685,35.470515],[133.310369,35.470644],[133.310249,35.4708],[133.309873,35.470978],[133.309615,35.471006],[133.309315,35.470924],[133.308591,35.471194],[133.308558,35.471257],[133.308147,35.471464],[133.307736,35.471508],[133.30712,35.471727],[133.306599,35.472026],[133.306169,35.472236],[133.305058,35.472738],[133.304089,35.473137],[133.302308,35.473891],[133.301911,35.47405],[133.301307,35.474316],[133.300637,35.474336],[133.299351,35.474819],[133.299125,35.475005],[133.29861,35.475324],[133.298372,35.47551],[133.297871,35.475745],[133.29717,35.476157],[133.296191,35.474805],[133.294533,35.47275],[133.293901,35.471897],[133.293287,35.471086],[133.2928,35.4705],[133.292316,35.470759],[133.291727,35.470022],[133.291339,35.46961],[133.290768,35.469035],[133.290659,35.468761],[133.288432,35.466936],[133.286106,35.465389],[133.285541,35.464977],[133.284894,35.46421],[133.284103,35.463218],[133.283473,35.462404],[133.28409,35.461841],[133.284413,35.461589],[133.286012,35.460521],[133.286872,35.459857],[133.287704,35.459177],[133.287776,35.459222],[133.287938,35.459131],[133.288417,35.458927],[133.289081,35.458668],[133.289364,35.458622],[133.289783,35.458274],[133.290438,35.457829],[133.290668,35.458059],[133.290909,35.457901],[133.290646,35.457574],[133.29144,35.456658],[133.292217,35.45583],[133.292116,35.455737],[133.292583,35.455354],[133.293035,35.455005],[133.293863,35.454395],[133.295552,35.453108],[133.295813,35.452845],[133.295961,35.452943],[133.296951,35.453767],[133.297137,35.454004],[133.297453,35.454719],[133.298643,35.456921],[133.298873,35.457239],[133.299249,35.45767],[133.300858,35.459465],[133.302372,35.46118],[133.303225,35.462111],[133.304089,35.46307],[133.304956,35.46311],[133.305118,35.46316],[133.305418,35.463457],[133.306276,35.464059],[133.30705,35.464844],[133.307767,35.465656],[133.307966,35.465933],[133.308596,35.466894],[133.308949,35.46771],[133.309517,35.468666],[133.309875,35.469113],[133.310309,35.469756],[133.311004,35.470837]]]},"properties":{"code":"312020880","name":"夜見町","kihon1":"0880"}},
{"type":"Feature","geometry":{"type":"Polygon","coordinates":[[[133.388281,35.429027],[133.388045,35.429336],[133.387567,35.429869],[133.387217,35.429673],[133.3867,35.430279],[133.386455,35.430139],[133.385908,35.430806],[133.385648,35.430747],[133.385459,35.43063],[133.385321,35.430896],[133.385286,35.431074],[133.385333,35.431413],[133.38521,35.431568],[133.384999,35.431738],[133.384276,35.431873],[133.383959,35.431982],[133.383799,35.432206],[133.383286,35.432347],[133.383234,35.43168],[133.383264,35.431517],[133.383269,35.431059],[133.383217,35.430219],[133.383141,35.430349],[133.382882,35.430552],[133.382811,35.43075],[133.382507,35.431111],[133.382272,35.431233],[133.382145,35.431342],[133.380999,35.431442],[133.380906,35.430473],[133.380855,35.42963],[133.38084,35.428765],[133.380735,35.428295],[133.380675,35.427796],[133.3806,35.426641],[133.380568,35.425765],[133.380522,35.424851],[133.380515,35.42427],[133.380491,35.423757],[133.379325,35.423851],[133.379281,35.423062],[133.379339,35.422997],[133.379247,35.422397],[133.379244,35.422094],[133.379509,35.422006],[133.38003,35.422228],[133.380413,35.421781],[133.380476,35.422876],[133.381197,35.422835],[133.382815,35.422695],[133.382949,35.423499],[133.382972,35.423519],[133.385119,35.423382],[133.385686,35.423318],[133.385711,35.422986],[133.385809,35.422784],[133.386075,35.422561],[133.38614,35.422387],[133.386271,35.422284],[133.386285,35.422061],[133.386264,35.421388],[133.388008,35.421258],[133.388586,35.421166],[133.38879,35.421679],[133.389469,35.421571],[133.390324,35.421406],[133.390413,35.422099],[133.389293,35.422198],[133.389534,35.423989],[133.388233,35.424101],[133.388406,35.425339],[133.388466,35.425823],[133.387893,35.425919],[133.387989,35.426862],[133.387807,35.426946],[133.387934,35.427247],[133.388014,35.427665],[133.388014,35.428423],[133.388495,35.428507],[133.388389,35.428823],[133.388281,35.429027]]]},"properties":{"code":"312020890","name":"蚊屋","kihon1":"0890"}},
{"type":"Feature","geometry":{"type":"Polygon","coordinates":[[[133.397034,35.42495],[133.396291,35.425518],[133.396168,35.425333],[133.395765,35.425148],[133.395354,35.425263],[133.393841,35.428467],[133.39358,35.428601],[133.392444,35.428651],[133.391212,35.428724],[133.390535,35.428783],[133.390285,35.428984],[133.389271,35.429063],[133.38886,35.42912],[133.388753,35.429232],[133.388281,35.429027],[133.388389,35.428823],[133.388495,35.428507],[133.388014,35.428423],[133.388014,35.427665],[133.387934,35.427247],[133.387807,35.426946],[133.387989,35.426862],[133.387893,35.425919],[133.388466,35.425823],[133.388406,35.425339],[133.388233,35.424101],[133.389534,35.423989],[133.389293,35.422198],[133.390413,35.422099],[133.392338,35.421911],[133.392949,35.421867],[133.39401,35.422209],[133.394399,35.421432],[133.394607,35.421091],[133.394696,35.421116],[133.39686,35.421832],[133.396227,35.423126],[133.397208,35.423211],[133.39724,35.424118],[133.397024,35.424122],[133.397034,35.42495]]]},"properties":{"code":"312020900","name":"今在家","kihon1":"0900"}},
{"type":"Feature","geometry":{"type":"Polygon","coordinates":[[[133.394031,35.453504],[133.393625,35.453503],[133.393466,35.453563],[133.393211,35.453732],[133.393117,35.454114],[133.392946,35.454113],[133.392954,35.453884],[133.392832,35.453678],[133.392623,35.453562],[133.392302,35.453489],[133.391696,35.453558],[133.391643,35.453242],[133.391425,35.452301],[133.391256,35.451451],[133.391029,35.450381],[133.391413,35.450234],[133.391526,35.449906],[133.391403,35.449549],[133.391218,35.448914],[133.390995,35.448318],[133.390966,35.448104],[133.390991,35.447642],[133.391041,35.447178],[133.391048,35.446863],[133.390776,35.446115],[133.390662,35.44607],[133.390313,35.44535],[133.389748,35.444727],[133.388863,35.444375],[133.388503,35.443859],[133.387959,35.443597],[133.387827,35.443363],[133.387735,35.44246],[133.387705,35.442407],[133.387272,35.442122],[133.386736,35.441591],[133.386647,35.44143],[133.386652,35.440991],[133.3865,35.440694],[133.386544,35.440108],[133.386684,35.439812],[133.386787,35.439432],[133.386868,35.439007],[133.386453,35.438952],[133.386361,35.438705],[133.38569,35.438732],[133.38533,35.439032],[133.385124,35.438991],[133.384706,35.438788],[133.384352,35.438697],[133.384201,35.438629],[133.384009,35.438611],[133.384204,35.438391],[133.38474,35.438221],[133.385099,35.437993],[133.385342,35.437683],[133.385374,35.437564],[133.385139,35.437449],[133.385203,35.437212],[133.385374,35.436833],[133.385629,35.436476],[133.385692,35.436132],[133.385567,35.435822],[133.385569,35.435639],[133.385443,35.435414],[133.385505,35.43536],[133.385294,35.435056],[133.385157,35.434945],[133.38521,35.434789],[133.385057,35.434545],[133.385026,35.434431],[133.384855,35.434159],[133.384955,35.433883],[133.384921,35.433736],[133.384732,35.433458],[133.384601,35.433366],[133.384479,35.433064],[133.384234,35.432945],[133.384123,35.432372],[133.384121,35.432257],[133.384249,35.432158],[133.384999,35.431738],[133.38521,35.431568],[133.385333,35.431413],[133.385286,35.431074],[133.385321,35.430896],[133.385459,35.43063],[133.385648,35.430747],[133.385908,35.430806],[133.386455,35.430139],[133.3867,35.430279],[133.387217,35.429673],[133.387567,35.429869],[133.388045,35.429336],[133.388281,35.429027],[133.388753,35.429232],[133.38886,35.42912],[133.389271,35.429063],[133.390285,35.428984],[133.390535,35.428783],[133.391212,35.428724],[133.392444,35.428651],[133.39358,35.428601],[133.393841,35.428467],[133.393291,35.429583],[133.393002,35.430084],[133.3927,35.430442],[133.392737,35.431743],[133.393069,35.431352],[133.396041,35.432999],[133.395856,35.433094],[133.394789,35.433381],[133.394102,35.433494],[133.393558,35.433487],[133.393075,35.433462],[133.393016,35.433496],[133.393006,35.434748],[133.392953,35.434825],[133.392819,35.434971],[133.392616,35.434903],[133.392735,35.436356],[133.391542,35.436421],[133.391572,35.43663],[133.391765,35.438333],[133.390617,35.438404],[133.390726,35.439759],[133.391032,35.439748],[133.391059,35.439916],[133.3913,35.439877],[133.391572,35.440519],[133.391766,35.441128],[133.391746,35.441938],[133.391429,35.443085],[133.391455,35.443482],[133.391094,35.443495],[133.391129,35.443824],[133.39123,35.444222],[133.391415,35.444615],[133.391626,35.444924],[133.391955,35.445531],[133.392129,35.445976],[133.392449,35.44687],[133.392568,35.447161],[133.392684,35.447539],[133.392927,35.448048],[133.393129,35.448606],[133.393195,35.448878],[133.393326,35.450035],[133.393526,35.45101],[133.393648,35.45166],[133.393826,35.452476],[133.394031,35.453504]]]},"properties":{"code":"312020910","name":"二本木","kihon1":"0910"}},
{"type":"Feature","geometry":{"type":"Polygon","coordinates":[[[133.378521,35.430361],[133.378496,35.430042],[133.378434,35.429815],[133.378203,35.429745],[133.37671,35.429933],[133.374964,35.430142],[133.374838,35.430127],[133.374302,35.429949],[133.37402,35.430218],[133.37389,35.430291],[133.373047,35.430417],[133.373153,35.430016],[133.37323,35.429516],[133.373334,35.429086],[133.373748,35.427066],[133.374013,35.427048],[133.373957,35.427337],[133.374071,35.427363],[133.374173,35.427131],[133.37435,35.427097],[133.375202,35.427071],[133.37586,35.427069],[133.376495,35.427103],[133.37716,35.42718],[133.378603,35.427399],[133.379564,35.427697],[133.380016,35.427885],[133.380735,35.428295],[133.38084,35.428765],[133.380855,35.42963],[133.380331,35.42957],[133.379879,35.430204],[133.378913,35.430302],[133.378521,35.430361]]]},"properties":{"code":"312020920","name":"熊党","kihon1":"0920"}},
{"type":"Feature","geometry":{"type":"Polygon","coordinates":[[[133.380413,35.421781],[133.38003,35.422228],[133.379509,35.422006],[133.379244,35.422094],[133.379247,35.422397],[133.379339,35.422997],[133.379281,35.423062],[133.379325,35.423851],[133.380491,35.423757],[133.380515,35.42427],[133.380522,35.424851],[133.380568,35.425765],[133.3806,35.426641],[133.380675,35.427796],[133.380735,35.428295],[133.380016,35.427885],[133.379564,35.427697],[133.378603,35.427399],[133.37716,35.42718],[133.376495,35.427103],[133.37586,35.427069],[133.375202,35.427071],[133.37435,35.427097],[133.374173,35.427131],[133.374071,35.427363],[133.373957,35.427337],[133.374013,35.427048],[133.374152,35.425905],[133.374235,35.424575],[133.374231,35.424349],[133.373069,35.424336],[133.37329,35.423837],[133.373389,35.423393],[133.373487,35.422339],[133.374419,35.422696],[133.374533,35.422322],[133.375446,35.42085],[133.376024,35.419975],[133.376583,35.41909],[133.377021,35.418426],[133.377195,35.418224],[133.377462,35.418271],[133.378448,35.418223],[133.379113,35.418169],[133.37932,35.419636],[133.379362,35.420109],[133.37948,35.42102],[133.381196,35.420873],[133.380413,35.421781]]]},"properties":{"code":"312020930","name":"浦津","kihon1":"0930"}},
{"type":"Feature","geometry":{"type":"Polygon","coordinates":[[[133.378521,35.430361],[133.378074,35.430494],[133.377368,35.43068],[133.376838,35.430805],[133.376933,35.431499],[133.377041,35.431672],[133.376919,35.431875],[133.376659,35.433316],[133.376464,35.433803],[133.376398,35.433747],[133.376003,35.433182],[133.375896,35.432947],[133.375823,35.43268],[133.375611,35.432071],[133.375091,35.432099],[133.375133,35.432647],[133.374437,35.432717],[133.373075,35.432605],[133.371886,35.432753],[133.371335,35.432841],[133.370163,35.433105],[133.3703,35.433528],[133.369356,35.433769],[133.368224,35.43415],[133.367316,35.434421],[133.367077,35.433199],[133.366931,35.432542],[133.36678,35.431747],[133.366671,35.431266],[133.366568,35.430799],[133.366486,35.43016],[133.366401,35.42985],[133.366317,35.429366],[133.36618,35.428699],[133.366129,35.428378],[133.366071,35.428014],[133.366053,35.427685],[133.366075,35.42681],[133.366139,35.425598],[133.366206,35.424742],[133.367124,35.424713],[133.369,35.42464],[133.368995,35.424853],[133.369031,35.425413],[133.369134,35.425844],[133.369185,35.426172],[133.369375,35.426083],[133.369789,35.425696],[133.370168,35.42525],[133.370487,35.424667],[133.370608,35.424709],[133.371929,35.425255],[133.372151,35.425362],[133.372802,35.424719],[133.373069,35.424336],[133.374231,35.424349],[133.374235,35.424575],[133.374152,35.425905],[133.374013,35.427048],[133.373748,35.427066],[133.373334,35.429086],[133.37323,35.429516],[133.373153,35.430016],[133.373047,35.430417],[133.37389,35.430291],[133.37402,35.430218],[133.374302,35.429949],[133.374838,35.430127],[133.374964,35.430142],[133.37671,35.429933],[133.378203,35.429745],[133.378434,35.429815],[133.378496,35.430042],[133.378521,35.430361]]]},"properties":{"code":"312020940","name":"吉岡","kihon1":"0940"}},
{"type":"Feature","geometry":{"type":"Polygon","coordinates":[[[133.397114,35.411068],[133.396064,35.411043],[133.395658,35.411527],[133.395304,35.411891],[133.39477,35.412109],[133.393883,35.412348],[133.393736,35.411628],[133.393598,35.410506],[133.393588,35.409029],[133.393391,35.407236],[133.393111,35.407256],[133.39114,35.407442],[133.390175,35.407554],[133.389275,35.407644],[133.387635,35.407794],[133.387576,35.407439],[133.387502,35.406626],[133.387469,35.405795],[133.38775,35.405812],[133.387962,35.405761],[133.388691,35.405686],[133.390121,35.405606],[133.391012,35.405534],[133.391009,35.405457],[133.391842,35.405425],[133.391929,35.405401],[133.393272,35.405344],[133.393645,35.405294],[133.394496,35.405233],[133.3946,35.405015],[133.396657,35.404953],[133.39806,35.404902],[133.398138,35.404873],[133.3984,35.404602],[133.398744,35.404155],[133.398902,35.404193],[133.400064,35.40524],[133.400021,35.405569],[133.399833,35.405768],[133.398891,35.406287],[133.397773,35.406841],[133.397366,35.407051],[133.397357,35.407336],[133.397277,35.408634],[133.397205,35.409653],[133.397114,35.411068]]]},"properties":{"code":"312020950","name":"一部","kihon1":"0950"}},
{"type":"Feature","geometry":{"type":"Polygon","coordinates":[[[133.391679,35.414152],[133.389956,35.414316],[133.388117,35.414506],[133.3875,35.414536],[133.383509,35.414907],[133.383328,35.413526],[133.383121,35.412048],[133.385225,35.411866],[133.384949,35.409915],[133.387647,35.409663],[133.387521,35.408711],[133.387747,35.408681],[133.387635,35.407794],[133.389275,35.407644],[133.390175,35.407554],[133.39114,35.407442],[133.393111,35.407256],[133.393391,35.407236],[133.393588,35.409029],[133.393598,35.410506],[133.393736,35.411628],[133.393883,35.412348],[133.393316,35.412536],[133.392299,35.412778],[133.391525,35.412891],[133.391679,35.414152]]]},"properties":{"code":"312020960","name":"上新印","kihon1":"0960"}},
{"type":"Feature","geometry":{"type":"Polygon","coordinates":[[[133.400874,35.425756],[133.400693,35.425819],[133.400651,35.425992],[133.400443,35.425986],[133.398927,35.425996],[133.398211,35.42599],[133.398177,35.425353],[133.397615,35.425181],[133.397034,35.42495],[133.397024,35.424122],[133.39724,35.424118],[133.397208,35.423211],[133.396227,35.423126],[133.39686,35.421832],[133.394696,35.421116],[133.394607,35.421091],[133.394399,35.421432],[133.39401,35.422209],[133.392949,35.421867],[133.392338,35.421911],[133.390413,35.422099],[133.390324,35.421406],[133.389469,35.421571],[133.38879,35.421679],[133.388586,35.421166],[133.390259,35.421016],[133.390049,35.419327],[133.389917,35.418325],[133.392218,35.418107],[133.391949,35.416065],[133.391679,35.414152],[133.391525,35.412891],[133.392299,35.412778],[133.393316,35.412536],[133.393883,35.412348],[133.39477,35.412109],[133.395304,35.411891],[133.395658,35.411527],[133.396064,35.411043],[133.397114,35.411068],[133.397076,35.411656],[133.396975,35.412928],[133.396928,35.413777],[133.398027,35.413836],[133.397948,35.414894],[133.398849,35.414337],[133.399198,35.414109],[133.399953,35.413585],[133.400491,35.413247],[133.400439,35.413665],[133.400068,35.41766],[133.401017,35.417715],[133.400965,35.415774],[133.400926,35.415088],[133.401262,35.415087],[133.401399,35.416238],[133.401516,35.417271],[133.402332,35.417365],[133.402086,35.418018],[133.402408,35.41819],[133.402447,35.41829],[133.402435,35.418715],[133.402338,35.418971],[133.401922,35.419345],[133.401793,35.419526],[133.401276,35.419522],[133.401284,35.419937],[133.401219,35.421002],[133.401129,35.421973],[133.400995,35.423746],[133.40093,35.424618],[133.400913,35.425321],[133.400874,35.425756]]]},"properties":{"code":"312020970","name":"赤井手","kihon1":"0970"}},
{"type":"Feature","geometry":{"type":"Polygon","coordinates":[[[133.388586,35.421166],[133.388008,35.421258],[133.386264,35.421388],[133.386285,35.422061],[133.386271,35.422284],[133.38614,35.422387],[133.386075,35.422561],[133.385809,35.422784],[133.385711,35.422986],[133.385686,35.423318],[133.385119,35.423382],[133.382972,35.423519],[133.382949,35.423499],[133.382815,35.422695],[133.381197,35.422835],[133.380476,35.422876],[133.380413,35.421781],[133.381196,35.420873],[133.37948,35.42102],[133.379362,35.420109],[133.37932,35.419636],[133.379113,35.418169],[133.378448,35.418223],[133.377462,35.418271],[133.377195,35.418224],[133.379161,35.416421],[133.379621,35.415863],[133.380058,35.415239],[133.381659,35.415075],[133.383509,35.414907],[133.3875,35.414536],[133.388117,35.414506],[133.389956,35.414316],[133.391679,35.414152],[133.391949,35.416065],[133.392218,35.418107],[133.389917,35.418325],[133.390049,35.419327],[133.390259,35.421016],[133.388586,35.421166]]]},"properties":{"code":"312020980","name":"下新印","kihon1":"0980"}},
{"type":"Feature","geometry":{"type":"Polygon","coordinates":[[[133.373069,35.424336],[133.372802,35.424719],[133.372151,35.425362],[133.371929,35.425255],[133.370608,35.424709],[133.370487,35.424667],[133.370168,35.42525],[133.369789,35.425696],[133.369375,35.426083],[133.369185,35.426172],[133.369134,35.425844],[133.369031,35.425413],[133.368995,35.424853],[133.369,35.42464],[133.367124,35.424713],[133.366206,35.424742],[133.366317,35.423105],[133.366379,35.421405],[133.366427,35.420602],[133.366539,35.419701],[133.366644,35.419112],[133.36686,35.418589],[133.367143,35.417531],[133.367602,35.41638],[133.367943,35.415726],[133.368322,35.415083],[133.368619,35.414651],[133.368866,35.414507],[133.369174,35.414101],[133.370159,35.413222],[133.373649,35.41015],[133.374628,35.409254],[133.37533,35.408665],[133.375932,35.408123],[133.376719,35.407554],[133.377365,35.407189],[133.37767,35.406991],[133.37857,35.406525],[133.378819,35.406362],[133.379649,35.405969],[133.380391,35.405547],[133.380653,35.405421],[133.380891,35.405869],[133.381308,35.406548],[133.381261,35.406762],[133.381087,35.406965],[133.380122,35.407753],[133.379697,35.408283],[133.379201,35.409154],[133.379291,35.409318],[133.37925,35.409581],[133.379198,35.410346],[133.379212,35.411029],[133.379123,35.411613],[133.379196,35.41238],[133.379419,35.412165],[133.380068,35.411728],[133.380229,35.411762],[133.380424,35.412222],[133.380485,35.41244],[133.380541,35.412855],[133.38054,35.413082],[133.380491,35.41345],[133.380664,35.413643],[133.380242,35.414879],[133.380058,35.415239],[133.379621,35.415863],[133.379161,35.416421],[133.377195,35.418224],[133.377021,35.418426],[133.376583,35.41909],[133.376024,35.419975],[133.375446,35.42085],[133.374533,35.422322],[133.374419,35.422696],[133.373487,35.422339],[133.373389,35.423393],[133.37329,35.423837],[133.373069,35.424336]]]},"properties":{"code":"312020990","name":"古豊千","kihon1":"0990"}},
{"type":"Feature","geometry":{"type":"Polygon","coordinates":[[[133.383509,35.414907],[133.381659,35.415075],[133.380058,35.415239],[133.380242,35.414879],[133.380664,35.413643],[133.380491,35.41345],[133.38054,35.413082],[133.380541,35.412855],[133.380485,35.41244],[133.380424,35.412222],[133.380229,35.411762],[133.380068,35.411728],[133.379419,35.412165],[133.379196,35.41238],[133.379123,35.411613],[133.379212,35.411029],[133.379198,35.410346],[133.37925,35.409581],[133.379291,35.409318],[133.379201,35.409154],[133.379697,35.408283],[133.380122,35.407753],[133.381087,35.406965],[133.381261,35.406762],[133.381308,35.406548],[133.380891,35.405869],[133.380653,35.405421],[133.38099,35.405248],[133.381647,35.404918],[133.382267,35.404685],[133.382558,35.405192],[133.382994,35.405854],[133.383694,35.406155],[133.383809,35.406292],[133.384812,35.40605],[133.385031,35.406025],[133.385162,35.406065],[133.386103,35.405892],[133.386795,35.405833],[133.387469,35.405795],[133.387502,35.406626],[133.387576,35.407439],[133.387635,35.407794],[133.387747,35.408681],[133.387521,35.408711],[133.387647,35.409663],[133.384949,35.409915],[133.385225,35.411866],[133.383121,35.412048],[133.383328,35.413526],[133.383509,35.414907]]]},"properties":{"code":"312021000","name":"高島","kihon1":"1000"}},
{"type":"Feature","geometry":{"type":"Polygon","coordinates":[[[133.387469,35.405795],[133.386795,35.405833],[133.386103,35.405892],[133.385162,35.406065],[133.385031,35.406025],[133.384812,35.40605],[133.383809,35.406292],[133.383694,35.406155],[133.382994,35.405854],[133.382558,35.405192],[133.382267,35.404685],[133.382956,35.404426],[133.385315,35.403521],[133.386138,35.403262],[133.38714,35.402914],[133.38803,35.402666],[133.388659,35.402502],[133.390376,35.401972],[133.391513,35.401655],[133.392638,35.401192],[133.393173,35.400906],[133.393782,35.400406],[133.394254,35.401672],[133.394419,35.402214],[133.394585,35.402245],[133.394684,35.402476],[133.39458,35.402715],[133.394745,35.402853],[133.394655,35.403028],[133.394389,35.403104],[133.394249,35.403261],[133.393294,35.403374],[133.393132,35.403547],[133.393213,35.403878],[133.39317,35.404077],[133.393272,35.405344],[133.391929,35.405401],[133.391842,35.405425],[133.391009,35.405457],[133.391012,35.405534],[133.390121,35.405606],[133.388691,35.405686],[133.387962,35.405761],[133.38775,35.405812],[133.387469,35.405795]]]},"properties":{"code":"312021010","name":"東八幡","kihon1":"1010"}},
{"type":"Feature","geometry":{"type":"Polygon","coordinates":[[[133.400064,35.40524],[133.398902,35.404193],[133.398744,35.404155],[133.3984,35.404602],[133.398138,35.404873],[133.39806,35.404902],[133.396657,35.404953],[133.3946,35.405015],[133.394496,35.405233],[133.393645,35.405294],[133.393272,35.405344],[133.39317,35.404077],[133.393213,35.403878],[133.393132,35.403547],[133.393294,35.403374],[133.394249,35.403261],[133.394389,35.403104],[133.394655,35.403028],[133.394745,35.402853],[133.39458,35.402715],[133.394684,35.402476],[133.394585,35.402245],[133.394419,35.402214],[133.394254,35.401672],[133.393782,35.400406],[133.39504,35.3994],[133.395632,35.398864],[133.395942,35.398635],[133.396027,35.398776],[133.396597,35.399244],[133.39801,35.400092],[133.397908,35.400619],[133.397633,35.402138],[133.399958,35.402069],[133.400011,35.402142],[133.399963,35.40268],[133.399945,35.403213],[133.400022,35.403875],[133.400042,35.404609],[133.400064,35.40524]]]},"properties":{"code":"312021020","name":"水浜","kihon1":"1020"}},
{"type":"Feature","geometry":{"type":"Polygon","coordinates":[[[133.408005,35.431507],[133.408009,35.431252],[133.40791,35.431285],[133.407571,35.431771],[133.407349,35.43221],[133.407133,35.43257],[133.406457,35.433547],[133.40608,35.434054],[133.406172,35.433203],[133.404918,35.433125],[133.405036,35.431722],[133.40491,35.431718],[133.405041,35.430282],[133.405231,35.427926],[133.405402,35.427852],[133.405494,35.427037],[133.40534,35.42688],[133.405361,35.426749],[133.404121,35.426672],[133.40422,35.425299],[133.403048,35.425243],[133.403025,35.425493],[133.402116,35.425438],[133.402098,35.425733],[133.401641,35.425717],[133.401599,35.425534],[133.401701,35.425149],[133.401703,35.42456],[133.40164,35.424133],[133.401513,35.423758],[133.401456,35.423705],[133.400995,35.423746],[133.401129,35.421973],[133.401219,35.421002],[133.401284,35.419937],[133.401276,35.419522],[133.401793,35.419526],[133.401922,35.419345],[133.402338,35.418971],[133.402435,35.418715],[133.402447,35.41829],[133.402408,35.41819],[133.402086,35.418018],[133.402332,35.417365],[133.401516,35.417271],[133.401399,35.416238],[133.40169,35.416234],[133.401654,35.415494],[133.401576,35.414538],[133.401834,35.414524],[133.401892,35.414711],[133.402068,35.414719],[133.402062,35.413934],[133.402156,35.413565],[133.402529,35.413938],[133.402768,35.414354],[133.402853,35.414688],[133.402941,35.414843],[133.403069,35.414954],[133.40342,35.415053],[133.403616,35.415184],[133.403686,35.415308],[133.403728,35.415536],[133.404272,35.41535],[133.404251,35.415176],[133.404516,35.415061],[133.404482,35.414929],[133.404328,35.413855],[133.404195,35.41269],[133.403997,35.412043],[133.40383,35.411683],[133.403577,35.41139],[133.404121,35.411002],[133.404742,35.410579],[133.405135,35.41029],[133.40605,35.409655],[133.406321,35.409434],[133.406583,35.409677],[133.407051,35.409648],[133.408175,35.409551],[133.409382,35.409426],[133.411908,35.409185],[133.412053,35.410166],[133.412584,35.410104],[133.413798,35.409994],[133.416206,35.409764],[133.417896,35.40961],[133.418009,35.410581],[133.418303,35.410545],[133.419876,35.410409],[133.420046,35.410211],[133.420242,35.41025],[133.420516,35.410376],[133.420681,35.410491],[133.420986,35.410253],[133.421071,35.410228],[133.421406,35.410269],[133.421675,35.410349],[133.421929,35.410385],[133.422235,35.410355],[133.422522,35.410381],[133.423379,35.410583],[133.423643,35.410591],[133.424036,35.410549],[133.425046,35.410341],[133.425496,35.410352],[133.425807,35.410389],[133.426589,35.410446],[133.426863,35.410436],[133.427536,35.410294],[133.427917,35.410244],[133.428547,35.410113],[133.428946,35.41],[133.429295,35.409951],[133.429536,35.409951],[133.430019,35.410011],[133.430286,35.410001],[133.430845,35.409881],[133.431224,35.409981],[133.431511,35.409993],[133.431872,35.409937],[133.432871,35.409902],[133.433722,35.409889],[133.433883,35.409845],[133.434371,35.409611],[133.435072,35.409471],[133.435191,35.409392],[133.435387,35.40913],[133.435512,35.409021],[133.436352,35.408812],[133.436638,35.408701],[133.437096,35.408444],[133.437385,35.408188],[133.437843,35.407946],[133.438533,35.407723],[133.438998,35.407598],[133.43925,35.407598],[133.439605,35.407648],[133.439989,35.407642],[133.440382,35.40761],[133.440802,35.407469],[133.441133,35.407304],[133.441451,35.407112],[133.442084,35.406667],[133.442675,35.406368],[133.442663,35.406626],[133.442856,35.407514],[133.442863,35.407787],[133.442816,35.408112],[133.442703,35.408422],[133.442365,35.408855],[133.442124,35.409405],[133.442039,35.409657],[133.441995,35.410154],[133.442021,35.410366],[133.442151,35.410567],[133.442883,35.410842],[133.443072,35.411003],[133.443042,35.411115],[133.442873,35.411289],[133.442201,35.412063],[133.442029,35.412227],[133.441738,35.412564],[133.441753,35.412751],[133.441725,35.413954],[133.442398,35.414701],[133.441045,35.414859],[133.439254,35.415024],[133.437993,35.415062],[133.43636,35.415122],[133.435716,35.415182],[133.434689,35.415471],[133.43431,35.415557],[133.433673,35.415742],[133.432837,35.415908],[133.431814,35.416069],[133.430573,35.416295],[133.429137,35.416503],[133.428678,35.416538],[133.426318,35.416571],[133.425255,35.416601],[133.422962,35.416641],[133.422278,35.416595],[133.418655,35.416235],[133.417584,35.416139],[133.417453,35.416564],[133.417411,35.416611],[133.416936,35.416699],[133.417001,35.417068],[133.416573,35.416956],[133.41651,35.416969],[133.415969,35.417447],[133.415734,35.417629],[133.415948,35.418496],[133.416465,35.420348],[133.41652,35.420408],[133.416986,35.420658],[133.417038,35.42072],[133.417348,35.421733],[133.41742,35.422005],[133.417592,35.422115],[133.417859,35.422103],[133.417909,35.423298],[133.417098,35.423344],[133.416721,35.423322],[133.416028,35.423219],[133.41581,35.423245],[133.415397,35.42343],[133.415038,35.423639],[133.414887,35.423808],[133.414677,35.423893],[133.413893,35.423899],[133.413612,35.42399],[133.413367,35.424107],[133.413181,35.424263],[133.413179,35.424478],[133.413034,35.424777],[133.4128,35.424975],[133.412634,35.425069],[133.412265,35.425187],[133.411843,35.425223],[133.411715,35.425455],[133.411796,35.425831],[133.411627,35.425897],[133.411701,35.42618],[133.410546,35.426344],[133.410761,35.426991],[133.411195,35.428416],[133.411345,35.429039],[133.411425,35.429718],[133.410867,35.429799],[133.410483,35.429716],[133.409767,35.430238],[133.409032,35.430673],[133.409122,35.430804],[133.408747,35.430991],[133.408654,35.431106],[133.408005,35.431507]]]},"properties":{"code":"312021030","name":"尾高","kihon1":"1030"}},
{"type":"Feature","geometry":{"type":"Polygon","coordinates":[[[133.449388,35.417472],[133.449141,35.417395],[133.448206,35.417161],[133.447703,35.417071],[133.447302,35.417027],[133.446827,35.417025],[133.446381,35.417057],[133.445371,35.417176],[133.444447,35.417322],[133.443546,35.417481],[133.443177,35.417574],[133.441549,35.418106],[133.440539,35.418463],[133.440058,35.418707],[133.439257,35.419443],[133.438984,35.419662],[133.438698,35.419833],[133.438416,35.419959],[133.437962,35.420069],[133.43693,35.420233],[133.436028,35.420431],[133.434646,35.420784],[133.432049,35.421395],[133.431267,35.421532],[133.431046,35.42155],[133.428954,35.422012],[133.427828,35.422236],[133.425148,35.42272],[133.420777,35.423108],[133.420439,35.423009],[133.4198,35.422927],[133.419278,35.422884],[133.419087,35.422926],[133.41856,35.423125],[133.417909,35.423298],[133.417859,35.422103],[133.417592,35.422115],[133.41742,35.422005],[133.417348,35.421733],[133.417038,35.42072],[133.416986,35.420658],[133.41652,35.420408],[133.416465,35.420348],[133.415948,35.418496],[133.415734,35.417629],[133.415969,35.417447],[133.41651,35.416969],[133.416573,35.416956],[133.417001,35.417068],[133.416936,35.416699],[133.417411,35.416611],[133.417453,35.416564],[133.417584,35.416139],[133.418655,35.416235],[133.422278,35.416595],[133.422962,35.416641],[133.425255,35.416601],[133.426318,35.416571],[133.428678,35.416538],[133.429137,35.416503],[133.430573,35.416295],[133.431814,35.416069],[133.432837,35.415908],[133.433673,35.415742],[133.43431,35.415557],[133.434689,35.415471],[133.435716,35.415182],[133.43636,35.415122],[133.437993,35.415062],[133.439254,35.415024],[133.441045,35.414859],[133.442398,35.414701],[133.443106,35.414604],[133.443979,35.414568],[133.444408,35.414583],[133.445405,35.414689],[133.447306,35.414994],[133.448138,35.415136],[133.448872,35.41531],[133.449659,35.41566],[133.449911,35.415814],[133.450094,35.416015],[133.450253,35.416124],[133.450878,35.416293],[133.451633,35.41637],[133.45215,35.416441],[133.45225,35.41672],[133.452001,35.416841],[133.452029,35.417003],[133.451821,35.417157],[133.451695,35.417454],[133.451507,35.417743],[133.451046,35.417498],[133.450738,35.417408],[133.450173,35.417322],[133.449865,35.417324],[133.449602,35.417385],[133.449388,35.417472]]]},"properties":{"code":"312021040","name":"岡成","kihon1":"1040"}},
{"type":"Feature","geometry":{"type":"Polygon","coordinates":[[[133.423607,35.432621],[133.423346,35.432459],[133.422504,35.431816],[133.421946,35.431329],[133.421548,35.430837],[133.421414,35.430385],[133.421249,35.429915],[133.421153,35.429759],[133.42052,35.429193],[133.420129,35.428871],[133.419103,35.427977],[133.418989,35.42786],[133.418591,35.427586],[133.418211,35.427212],[133.418322,35.427026],[133.418017,35.426976],[133.417671,35.426805],[133.417337,35.426878],[133.417215,35.426942],[133.417022,35.427205],[133.416438,35.427636],[133.41633,35.427839],[133.41614,35.428575],[133.416045,35.428753],[133.41587,35.428952],[133.415689,35.429281],[133.415517,35.429452],[133.415336,35.429568],[133.415125,35.42964],[133.414859,35.429825],[133.414589,35.429892],[133.414404,35.429802],[133.414368,35.430108],[133.414412,35.430285],[133.41456,35.43055],[133.414532,35.430657],[133.414319,35.430924],[133.414502,35.431022],[133.414547,35.431141],[133.414563,35.431697],[133.414619,35.432015],[133.414752,35.432381],[133.414777,35.432532],[133.41472,35.432897],[133.414789,35.433507],[133.414728,35.433684],[133.414402,35.434307],[133.414502,35.434499],[133.414489,35.43477],[133.414664,35.434965],[133.414724,35.435172],[133.4147,35.435546],[133.414757,35.435697],[133.415153,35.435996],[133.415263,35.43618],[133.415024,35.436209],[133.414789,35.436143],[133.414596,35.436178],[133.414406,35.436125],[133.414097,35.435892],[133.414001,35.435894],[133.413646,35.436522],[133.413896,35.436675],[133.413907,35.43693],[133.414029,35.437013],[133.414353,35.437077],[133.414358,35.437192],[133.41408,35.437252],[133.412947,35.437107],[133.412698,35.43697],[133.412097,35.436864],[133.411445,35.436692],[133.411319,35.437067],[133.411108,35.437469],[133.410774,35.437386],[133.410512,35.437287],[133.410681,35.436788],[133.411043,35.435593],[133.411282,35.434682],[133.411349,35.434361],[133.411325,35.434237],[133.410184,35.434237],[133.410037,35.434275],[133.409952,35.434216],[133.409997,35.43354],[133.410084,35.433252],[133.41021,35.433158],[133.410426,35.433087],[133.410752,35.433042],[133.410705,35.432536],[133.41065,35.43221],[133.41059,35.432079],[133.4079,35.432106],[133.408005,35.431507],[133.408654,35.431106],[133.408747,35.430991],[133.409122,35.430804],[133.409032,35.430673],[133.409767,35.430238],[133.410483,35.429716],[133.410867,35.429799],[133.411425,35.429718],[133.411345,35.429039],[133.411195,35.428416],[133.410761,35.426991],[133.410546,35.426344],[133.411701,35.42618],[133.411627,35.425897],[133.411796,35.425831],[133.411715,35.425455],[133.411843,35.425223],[133.412265,35.425187],[133.412634,35.425069],[133.4128,35.424975],[133.413034,35.424777],[133.413179,35.424478],[133.413181,35.424263],[133.413367,35.424107],[133.413612,35.42399],[133.413893,35.423899],[133.414677,35.423893],[133.414887,35.423808],[133.415038,35.423639],[133.415397,35.42343],[133.41581,35.423245],[133.416028,35.423219],[133.416721,35.423322],[133.417098,35.423344],[133.417909,35.423298],[133.41856,35.423125],[133.419087,35.422926],[133.419278,35.422884],[133.4198,35.422927],[133.420439,35.423009],[133.420777,35.423108],[133.425148,35.42272],[133.427828,35.422236],[133.428954,35.422012],[133.431046,35.42155],[133.431267,35.421532],[133.432049,35.421395],[133.434646,35.420784],[133.436028,35.420431],[133.43693,35.420233],[133.437962,35.420069],[133.438416,35.419959],[133.438698,35.419833],[133.438984,35.419662],[133.439257,35.419443],[133.440058,35.418707],[133.440539,35.418463],[133.441549,35.418106],[133.443177,35.417574],[133.443546,35.417481],[133.444447,35.417322],[133.445371,35.417176],[133.446381,35.417057],[133.446827,35.417025],[133.447302,35.417027],[133.447703,35.417071],[133.448206,35.417161],[133.449141,35.417395],[133.449388,35.417472],[133.449025,35.417627],[133.448005,35.418004],[133.447013,35.41833],[133.446641,35.418478],[133.446345,35.418734],[133.44589,35.419229],[133.445343,35.419562],[133.444999,35.419712],[133.444338,35.419933],[133.443173,35.42001],[133.442724,35.420064],[133.441768,35.420318],[133.441285,35.420428],[133.440904,35.420535],[133.440049,35.420835],[133.439532,35.421091],[133.439218,35.421293],[133.438839,35.421615],[133.438264,35.422305],[133.438167,35.422465],[133.437954,35.422598],[133.437442,35.422693],[133.436879,35.422906],[133.435748,35.423329],[133.435255,35.423708],[133.434778,35.424006],[133.434558,35.424091],[133.434179,35.424185],[133.433807,35.424489],[133.433633,35.4247],[133.433463,35.42499],[133.432994,35.425609],[133.432884,35.425534],[133.432857,35.4253],[133.432771,35.42509],[133.432454,35.424914],[133.432057,35.424875],[133.431188,35.42488],[133.430927,35.424916],[133.430823,35.424987],[133.430366,35.425549],[133.429937,35.426053],[133.429798,35.426185],[133.429613,35.42621],[133.429418,35.426148],[133.429154,35.426001],[133.42911,35.425743],[133.428997,35.425709],[133.428737,35.425846],[133.42832,35.426211],[133.428163,35.426408],[133.428051,35.426682],[133.428081,35.426822],[133.428202,35.427017],[133.428061,35.427489],[133.427896,35.427854],[133.427741,35.428287],[133.42749,35.428807],[133.42735,35.429053],[133.426701,35.42999],[133.426277,35.430437],[133.425906,35.430758],[133.425662,35.430765],[133.424987,35.430341],[133.424823,35.430376],[133.425003,35.430627],[133.42544,35.431018],[133.425493,35.431098],[133.425277,35.431278],[133.425157,35.4313],[133.42489,35.431236],[133.424766,35.431337],[133.424898,35.431621],[133.424823,35.431694],[133.42454,35.431762],[133.424522,35.43186],[133.424607,35.432539],[133.424448,35.432608],[133.424067,35.432535],[133.423883,35.432677],[133.423734,35.432695],[133.423607,35.432621]]]},"properties":{"code":"312021050","name":"泉","kihon1":"1050"}},
{"type":"Feature","geometry":{"type":"Polygon","coordinates":[[[133.399071,35.436515],[133.39903,35.436513],[133.398784,35.43541],[133.398744,35.434056],[133.39874,35.43279],[133.398749,35.432366],[133.398811,35.430958],[133.398952,35.430332],[133.399165,35.429729],[133.399343,35.429402],[133.399683,35.428629],[133.39984,35.428363],[133.400152,35.428028],[133.400441,35.427492],[133.400562,35.427206],[133.400699,35.426704],[133.400851,35.425973],[133.400874,35.425756],[133.400913,35.425321],[133.40093,35.424618],[133.400995,35.423746],[133.401456,35.423705],[133.401513,35.423758],[133.40164,35.424133],[133.401703,35.42456],[133.401701,35.425149],[133.401599,35.425534],[133.401641,35.425717],[133.402098,35.425733],[133.402116,35.425438],[133.403025,35.425493],[133.403048,35.425243],[133.40422,35.425299],[133.404121,35.426672],[133.405361,35.426749],[133.40534,35.42688],[133.405494,35.427037],[133.405402,35.427852],[133.405231,35.427926],[133.405041,35.430282],[133.40491,35.431718],[133.403816,35.431661],[133.403339,35.436736],[133.399071,35.436515]]]},"properties":{"code":"312021060","name":"下郷","kihon1":"1060"}},
{"type":"Feature","geometry":{"type":"Polygon","coordinates":[[[133.442675,35.406368],[133.442084,35.406667],[133.441451,35.407112],[133.441133,35.407304],[133.440802,35.407469],[133.440382,35.40761],[133.439989,35.407642],[133.439605,35.407648],[133.43925,35.407598],[133.438998,35.407598],[133.438533,35.407723],[133.437843,35.407946],[133.437385,35.408188],[133.437096,35.408444],[133.436638,35.408701],[133.436352,35.408812],[133.435512,35.409021],[133.435387,35.40913],[133.435191,35.409392],[133.435072,35.409471],[133.434371,35.409611],[133.433883,35.409845],[133.433722,35.409889],[133.432871,35.409902],[133.431872,35.409937],[133.431511,35.409993],[133.431224,35.409981],[133.430845,35.409881],[133.430286,35.410001],[133.430019,35.410011],[133.429536,35.409951],[133.429295,35.409951],[133.428946,35.41],[133.428547,35.410113],[133.427917,35.410244],[133.427536,35.410294],[133.426863,35.410436],[133.426589,35.410446],[133.425807,35.410389],[133.425496,35.410352],[133.425046,35.410341],[133.424036,35.410549],[133.423643,35.410591],[133.423379,35.410583],[133.422522,35.410381],[133.422235,35.410355],[133.421929,35.410385],[133.421675,35.410349],[133.421406,35.410269],[133.421071,35.410228],[133.420986,35.410253],[133.420681,35.410491],[133.420516,35.410376],[133.420242,35.41025],[133.420046,35.410211],[133.419876,35.410409],[133.418303,35.410545],[133.418009,35.410581],[133.417896,35.40961],[133.416206,35.409764],[133.413798,35.409994],[133.412584,35.410104],[133.412053,35.410166],[133.411908,35.409185],[133.409382,35.409426],[133.408175,35.409551],[133.407051,35.409648],[133.406583,35.409677],[133.406321,35.409434],[133.406739,35.409127],[133.40721,35.408708],[133.407816,35.408052],[133.408316,35.407481],[133.408767,35.406822],[133.409223,35.40608],[133.409404,35.405723],[133.409557,35.405323],[133.409657,35.404988],[133.409839,35.404571],[133.410139,35.404078],[133.410398,35.40379],[133.41065,35.403578],[133.411106,35.403278],[133.411816,35.402882],[133.412144,35.402729],[133.413179,35.402182],[133.414183,35.401677],[133.415301,35.401165],[133.416647,35.400629],[133.41712,35.400431],[133.418085,35.400149],[133.41872,35.399985],[133.418995,35.399948],[133.419588,35.399946],[133.420325,35.399961],[133.420632,35.399924],[133.420969,35.39984],[133.421313,35.399657],[133.421943,35.399192],[133.422044,35.399317],[133.422267,35.399465],[133.422556,35.399562],[133.423049,35.399661],[133.423727,35.399747],[133.424115,35.399757],[133.424465,35.399723],[133.425095,35.399601],[133.425617,35.399609],[133.425945,35.399585],[133.429159,35.399128],[133.429529,35.399066],[133.430023,35.398933],[133.430348,35.398799],[133.430637,35.398639],[133.431084,35.398316],[133.431362,35.398023],[133.431558,35.397897],[133.431873,35.397806],[133.43245,35.397673],[133.432852,35.397434],[133.433015,35.397403],[133.433779,35.397621],[133.434112,35.397736],[133.434466,35.397827],[133.434648,35.397845],[133.435186,35.397776],[133.43547,35.397764],[133.435946,35.397824],[133.436114,35.397801],[133.436839,35.397319],[133.437087,35.397123],[133.437396,35.396687],[133.437539,35.39669],[133.43784,35.396949],[133.438802,35.397205],[133.439184,35.397336],[133.439769,35.397648],[133.440059,35.397767],[133.440682,35.397963],[133.441042,35.398111],[133.441197,35.398217],[133.441494,35.398347],[133.441944,35.398716],[133.442149,35.398851],[133.442318,35.398899],[133.442709,35.398919],[133.443382,35.398994],[133.443638,35.398895],[133.443713,35.398653],[133.443998,35.398528],[133.444623,35.398509],[133.444939,35.398477],[133.444885,35.398621],[133.444882,35.398896],[133.445121,35.399478],[133.445087,35.399598],[133.444802,35.400076],[133.444586,35.400475],[133.444454,35.400937],[133.444411,35.401251],[133.444467,35.40166],[133.444486,35.401993],[133.444548,35.402337],[133.444444,35.402567],[133.444494,35.403322],[133.444446,35.403578],[133.444273,35.403701],[133.444088,35.403997],[133.443658,35.404461],[133.443396,35.405093],[133.442675,35.406368]]]},"properties":{"code":"312021070","name":"日下","kihon1":"1070"}},
{"type":"Feature","geometry":{"type":"Polygon","coordinates":[[[133.430464,35.391617],[133.43006,35.391794],[133.429505,35.392103],[133.429069,35.392399],[133.428571,35.39281],[133.428192,35.39319],[133.427987,35.393333],[133.427593,35.393487],[133.427047,35.393596],[133.426313,35.393792],[133.425977,35.393917],[133.425001,35.394372],[133.424699,35.394567],[133.424495,35.394755],[133.42432,35.394848],[133.424017,35.39487],[133.423447,35.395006],[133.422878,35.395278],[133.422274,35.395676],[133.421557,35.396037],[133.419653,35.396869],[133.419248,35.397032],[133.417827,35.397519],[133.417243,35.397707],[133.416504,35.397895],[133.415872,35.397929],[133.415742,35.398015],[133.415241,35.398167],[133.414802,35.398207],[133.414334,35.398322],[133.414119,35.398345],[133.413697,35.398467],[133.413509,35.39845],[133.413111,35.398265],[133.412995,35.398304],[133.413326,35.399271],[133.413538,35.399558],[133.413901,35.399802],[133.414011,35.399847],[133.413566,35.400042],[133.412217,35.40067],[133.41189,35.400179],[133.411703,35.400127],[133.411337,35.400108],[133.410392,35.400282],[133.410168,35.400098],[133.409654,35.399988],[133.409422,35.399872],[133.409244,35.399677],[133.409145,35.399288],[133.408942,35.399018],[133.408297,35.39847],[133.407929,35.398295],[133.407445,35.398209],[133.40688,35.398128],[133.405956,35.398148],[133.405297,35.398133],[133.40491,35.398108],[133.404633,35.398017],[133.404466,35.397872],[133.404167,35.397358],[133.404175,35.397269],[133.404577,35.397243],[133.405026,35.397113],[133.405224,35.397024],[133.405406,35.396869],[133.405606,35.396612],[133.405907,35.396059],[133.406026,35.395802],[133.406257,35.395084],[133.406475,35.394609],[133.406946,35.394915],[133.407088,35.394772],[133.408033,35.395377],[133.409708,35.393581],[133.410037,35.393781],[133.410344,35.393432],[133.411528,35.392162],[133.411499,35.391742],[133.411713,35.391685],[133.412085,35.391681],[133.412427,35.391584],[133.412737,35.391304],[133.412844,35.391],[133.413259,35.390993],[133.413428,35.390924],[133.41363,35.390453],[133.41386,35.390359],[133.414159,35.390319],[133.414506,35.390209],[133.414714,35.390086],[133.41485,35.389782],[133.415046,35.389642],[133.415431,35.389531],[133.416101,35.389537],[133.416609,35.389289],[133.417043,35.389151],[133.417372,35.389087],[133.417858,35.389196],[133.418075,35.38916],[133.418345,35.38903],[133.418882,35.388731],[133.419208,35.388495],[133.419356,35.388499],[133.419619,35.388708],[133.420028,35.388947],[133.420547,35.389073],[133.421,35.389221],[133.421078,35.389362],[133.420634,35.389446],[133.420579,35.389486],[133.420892,35.39009],[133.42107,35.390057],[133.42142,35.390101],[133.421673,35.390192],[133.421846,35.390212],[133.422119,35.390184],[133.423042,35.390147],[133.423569,35.390383],[133.424113,35.3906],[133.424498,35.390707],[133.424815,35.390761],[133.425503,35.390839],[133.426643,35.39103],[133.427033,35.391051],[133.428472,35.391183],[133.428902,35.391261],[133.429777,35.391531],[133.430464,35.391617]]]},"properties":{"code":"312021080","name":"石州府","kihon1":"1080"}},
{"type":"Feature","geometry":{"type":"Polygon","coordinates":[[[133.411106,35.403278],[133.410435,35.402551],[133.410308,35.402533],[133.408889,35.403145],[133.408263,35.40334],[133.407458,35.403528],[133.407266,35.403734],[133.406632,35.404045],[133.406381,35.404212],[133.406113,35.404271],[133.405359,35.404381],[133.404569,35.404624],[133.404314,35.404768],[133.40397,35.404863],[133.403514,35.404959],[133.403299,35.404962],[133.403268,35.404575],[133.402641,35.404592],[133.402325,35.40473],[133.401416,35.405192],[133.401807,35.404505],[133.4019,35.40445],[133.402083,35.404199],[133.401921,35.403801],[133.402293,35.402955],[133.402139,35.402457],[133.402274,35.401711],[133.402198,35.40145],[133.402276,35.400872],[133.40237,35.400442],[133.402401,35.400169],[133.402463,35.399974],[133.402579,35.399785],[133.402759,35.399601],[133.402907,35.399222],[133.403045,35.398985],[133.403026,35.398884],[133.402698,35.398735],[133.402688,35.398554],[133.402946,35.398067],[133.403096,35.397873],[133.403387,35.397599],[133.4036,35.39744],[133.403976,35.397294],[133.404175,35.397269],[133.404167,35.397358],[133.404466,35.397872],[133.404633,35.398017],[133.40491,35.398108],[133.405297,35.398133],[133.405956,35.398148],[133.40688,35.398128],[133.407445,35.398209],[133.407929,35.398295],[133.408297,35.39847],[133.408942,35.399018],[133.409145,35.399288],[133.409244,35.399677],[133.409422,35.399872],[133.409654,35.399988],[133.410168,35.400098],[133.410392,35.400282],[133.411337,35.400108],[133.411703,35.400127],[133.41189,35.400179],[133.412217,35.40067],[133.413566,35.400042],[133.414011,35.399847],[133.413901,35.399802],[133.413538,35.399558],[133.413326,35.399271],[133.412995,35.398304],[133.413111,35.398265],[133.413509,35.39845],[133.413697,35.398467],[133.414119,35.398345],[133.414334,35.398322],[133.414802,35.398207],[133.415241,35.398167],[133.415742,35.398015],[133.415872,35.397929],[133.416504,35.397895],[133.417243,35.397707],[133.417827,35.397519],[133.419248,35.397032],[133.419653,35.396869],[133.421557,35.396037],[133.422274,35.395676],[133.422878,35.395278],[133.423447,35.395006],[133.424017,35.39487],[133.42432,35.394848],[133.424495,35.394755],[133.424699,35.394567],[133.425001,35.394372],[133.425977,35.393917],[133.426313,35.393792],[133.427047,35.393596],[133.427593,35.393487],[133.427987,35.393333],[133.428192,35.39319],[133.428571,35.39281],[133.429069,35.392399],[133.429505,35.392103],[133.43006,35.391794],[133.430464,35.391617],[133.431007,35.391509],[133.431316,35.391489],[133.431652,35.391525],[133.432539,35.391671],[133.433017,35.391656],[133.434019,35.391548],[133.434918,35.391423],[133.435726,35.391234],[133.436538,35.391087],[133.437745,35.390884],[133.438941,35.390705],[133.439865,35.390604],[133.440311,35.390518],[133.440535,35.39043],[133.440801,35.390614],[133.441239,35.39078],[133.441933,35.390965],[133.442197,35.391067],[133.442847,35.391474],[133.443423,35.392014],[133.443785,35.392196],[133.444136,35.392289],[133.444409,35.392299],[133.444795,35.392257],[133.445107,35.392289],[133.445331,35.392402],[133.445571,35.392594],[133.445924,35.392976],[133.446082,35.393192],[133.446409,35.393707],[133.446654,35.394264],[133.446988,35.394694],[133.447066,35.394845],[133.446957,35.395017],[133.446633,35.395316],[133.44616,35.395543],[133.446095,35.395638],[133.446097,35.395839],[133.446151,35.396562],[133.446079,35.396786],[133.445556,35.39712],[133.44537,35.397742],[133.445268,35.397974],[133.444939,35.398477],[133.444623,35.398509],[133.443998,35.398528],[133.443713,35.398653],[133.443638,35.398895],[133.443382,35.398994],[133.442709,35.398919],[133.442318,35.398899],[133.442149,35.398851],[133.441944,35.398716],[133.441494,35.398347],[133.441197,35.398217],[133.441042,35.398111],[133.440682,35.397963],[133.440059,35.397767],[133.439769,35.397648],[133.439184,35.397336],[133.438802,35.397205],[133.43784,35.396949],[133.437539,35.39669],[133.437396,35.396687],[133.437087,35.397123],[133.436839,35.397319],[133.436114,35.397801],[133.435946,35.397824],[133.43547,35.397764],[133.435186,35.397776],[133.434648,35.397845],[133.434466,35.397827],[133.434112,35.397736],[133.433779,35.397621],[133.433015,35.397403],[133.432852,35.397434],[133.43245,35.397673],[133.431873,35.397806],[133.431558,35.397897],[133.431362,35.398023],[133.431084,35.398316],[133.430637,35.398639],[133.430348,35.398799],[133.430023,35.398933],[133.429529,35.399066],[133.429159,35.399128],[133.425945,35.399585],[133.425617,35.399609],[133.425095,35.399601],[133.424465,35.399723],[133.424115,35.399757],[133.423727,35.399747],[133.423049,35.399661],[133.422556,35.399562],[133.422267,35.399465],[133.422044,35.399317],[133.421943,35.399192],[133.421313,35.399657],[133.420969,35.39984],[133.420632,35.399924],[133.420325,35.399961],[133.419588,35.399946],[133.418995,35.399948],[133.41872,35.399985],[133.418085,35.400149],[133.41712,35.400431],[133.416647,35.400629],[133.415301,35.401165],[133.414183,35.401677],[133.413179,35.402182],[133.412144,35.402729],[133.411816,35.402882],[133.411106,35.403278]]]},"properties":{"code":"312021090","name":"福万","kihon1":"1090"}},
{"type":"Feature","geometry":{"type":"Polygon","coordinates":[[[133.401399,35.416238],[133.401262,35.415087],[133.400926,35.415088],[133.400965,35.415774],[133.401017,35.417715],[133.400068,35.41766],[133.400439,35.413665],[133.400491,35.413247],[133.399953,35.413585],[133.399198,35.414109],[133.398849,35.414337],[133.397948,35.414894],[133.398027,35.413836],[133.396928,35.413777],[133.396975,35.412928],[133.397076,35.411656],[133.397114,35.411068],[133.397205,35.409653],[133.397277,35.408634],[133.397357,35.407336],[133.397366,35.407051],[133.397773,35.406841],[133.398891,35.406287],[133.399833,35.405768],[133.400021,35.405569],[133.400064,35.40524],[133.400042,35.404609],[133.401279,35.404594],[133.40159,35.404575],[133.401807,35.404505],[133.401416,35.405192],[133.402325,35.40473],[133.402641,35.404592],[133.403268,35.404575],[133.403299,35.404962],[133.403514,35.404959],[133.40397,35.404863],[133.404314,35.404768],[133.404569,35.404624],[133.405359,35.404381],[133.406113,35.404271],[133.406381,35.404212],[133.406632,35.404045],[133.407266,35.403734],[133.407458,35.403528],[133.408263,35.40334],[133.408889,35.403145],[133.410308,35.402533],[133.410435,35.402551],[133.411106,35.403278],[133.41065,35.403578],[133.410398,35.40379],[133.410139,35.404078],[133.409839,35.404571],[133.409657,35.404988],[133.409557,35.405323],[133.409404,35.405723],[133.409223,35.40608],[133.408767,35.406822],[133.408316,35.407481],[133.407816,35.408052],[133.40721,35.408708],[133.406739,35.409127],[133.406321,35.409434],[133.40605,35.409655],[133.405135,35.41029],[133.404742,35.410579],[133.404121,35.411002],[133.403577,35.41139],[133.40383,35.411683],[133.403997,35.412043],[133.404195,35.41269],[133.404328,35.413855],[133.404482,35.414929],[133.404516,35.415061],[133.404251,35.415176],[133.404272,35.41535],[133.403728,35.415536],[133.403686,35.415308],[133.403616,35.415184],[133.40342,35.415053],[133.403069,35.414954],[133.402941,35.414843],[133.402853,35.414688],[133.402768,35.414354],[133.402529,35.413938],[133.402156,35.413565],[133.402062,35.413934],[133.402068,35.414719],[133.401892,35.414711],[133.401834,35.414524],[133.401576,35.414538],[133.401654,35.415494],[133.40169,35.416234],[133.401399,35.416238]]]},"properties":{"code":"312021100","name":"河岡","kihon1":"1100"}},
{"type":"Feature","geometry":{"type":"Polygon","coordinates":[[[133.238526,35.485914],[133.23835,35.486016],[133.236361,35.486025],[133.234696,35.484325],[133.227005,35.477211],[133.247373,35.462603],[133.248323,35.462001],[133.256463,35.456244],[133.259035,35.454364],[133.260579,35.453341],[133.262264,35.452317],[133.266121,35.449891],[133.268408,35.448434],[133.270763,35.446919],[133.271775,35.446312],[133.272148,35.446118],[133.272643,35.445933],[133.276841,35.444485],[133.277948,35.444097],[133.279594,35.443511],[133.282332,35.442562],[133.283594,35.442105],[133.285183,35.441551],[133.28909,35.440165],[133.291925,35.43917],[133.292333,35.439048],[133.292471,35.439045],[133.299174,35.436841],[133.300557,35.436331],[133.302961,35.434805],[133.309745,35.430472],[133.319157,35.412478],[133.31986,35.412991],[133.321048,35.412638],[133.321424,35.413362],[133.321138,35.413381],[133.320866,35.413514],[133.320777,35.413404],[133.319427,35.414192],[133.319139,35.414379],[133.318564,35.415039],[133.317785,35.415944],[133.31752,35.416415],[133.317492,35.416688],[133.317606,35.416951],[133.317999,35.417452],[133.319316,35.419042],[133.320589,35.420616],[133.320895,35.420846],[133.321331,35.420974],[133.321699,35.421033],[133.32187,35.420989],[133.322018,35.420858],[133.322709,35.419053],[133.322869,35.419048],[133.322868,35.419354],[133.322751,35.41948],[133.322767,35.419618],[133.32266,35.420065],[133.322547,35.420162],[133.322336,35.420555],[133.322338,35.420775],[133.322473,35.420971],[133.322853,35.421321],[133.323023,35.421408],[133.323418,35.421526],[133.323537,35.421479],[133.324172,35.421635],[133.324534,35.42176],[133.325175,35.422019],[133.325261,35.422102],[133.325289,35.422296],[133.32533,35.422572],[133.325187,35.422539],[133.324868,35.422545],[133.322949,35.422896],[133.322988,35.422984],[133.322324,35.423123],[133.322103,35.423248],[133.321893,35.423312],[133.321562,35.423507],[133.321493,35.423779],[133.321782,35.424184],[133.32183,35.424382],[133.321845,35.424681],[133.321771,35.424851],[133.321592,35.424995],[133.321375,35.425057],[133.321274,35.425266],[133.321084,35.425388],[133.320927,35.425334],[133.320873,35.425511],[133.32089,35.425645],[133.320589,35.425686],[133.320532,35.425557],[133.320595,35.425462],[133.319995,35.425553],[133.320138,35.425618],[133.320163,35.425732],[133.320025,35.425807],[133.320296,35.427055],[133.320708,35.428758],[133.321155,35.430617],[133.32122,35.430665],[133.322409,35.430817],[133.3224,35.430867],[133.322301,35.431371],[133.32217,35.431351],[133.321969,35.432223],[133.322286,35.432257],[133.322262,35.432459],[133.322488,35.432573],[133.322428,35.432701],[133.322416,35.432728],[133.321612,35.432559],[133.321032,35.432526],[133.320091,35.432501],[133.319409,35.433218],[133.319431,35.433233],[133.320107,35.432541],[133.320626,35.432558],[133.320554,35.433126],[133.3206,35.433128],[133.320683,35.432561],[133.321347,35.432575],[133.321268,35.433177],[133.321498,35.433205],[133.32143,35.433303],[133.321098,35.433614],[133.320992,35.433626],[133.320225,35.433717],[133.32022,35.433752],[133.319756,35.433806],[133.319737,35.433712],[133.319465,35.433748],[133.319479,35.433844],[133.318653,35.433941],[133.31826,35.43341],[133.31804,35.433259],[133.317608,35.432667],[133.317656,35.432639],[133.317326,35.432172],[133.317213,35.432218],[133.316643,35.431375],[133.315113,35.43209],[133.314627,35.432327],[133.312833,35.433161],[133.311408,35.433562],[133.311484,35.433744],[133.310023,35.43416],[133.307482,35.434872],[133.3075,35.434983],[133.308218,35.436662],[133.308368,35.436743],[133.309365,35.436716],[133.311271,35.436597],[133.312659,35.436446],[133.313045,35.43644],[133.313057,35.43649],[133.313073,35.436559],[133.312782,35.436623],[133.311237,35.436786],[133.309492,35.436892],[133.309359,35.436899],[133.309069,35.437031],[133.308535,35.437128],[133.308022,35.437183],[133.30646,35.437729],[133.305967,35.437973],[133.3053,35.438327],[133.305258,35.43827],[133.305265,35.438194],[133.306295,35.437599],[133.307896,35.437032],[133.307985,35.436838],[133.307255,35.435086],[133.307191,35.434955],[133.303573,35.435979],[133.303559,35.436011],[133.30311,35.436575],[133.302895,35.436899],[133.302712,35.437014],[133.302434,35.437361],[133.302077,35.437739],[133.301848,35.43788],[133.301561,35.437969],[133.301061,35.438287],[133.300791,35.438542],[133.300431,35.438514],[133.300293,35.438315],[133.299904,35.438438],[133.29856,35.438903],[133.297904,35.439027],[133.297262,35.439183],[133.29692,35.439281],[133.296149,35.439692],[133.295447,35.440135],[133.295245,35.440305],[133.295381,35.440579],[133.295331,35.440702],[133.294148,35.441124],[133.293837,35.441245],[133.293702,35.440874],[133.293709,35.440697],[133.293921,35.44022],[133.293945,35.440069],[133.293903,35.439862],[133.293777,35.439601],[133.293591,35.439402],[133.293262,35.439189],[133.293049,35.439121],[133.29255,35.439085],[133.292321,35.43914],[133.289373,35.440129],[133.28525,35.441585],[133.278304,35.444005],[133.277115,35.44443],[133.272961,35.44588],[133.27238,35.446078],[133.272039,35.446223],[133.271097,35.4468],[133.268429,35.4485],[133.266943,35.449467],[133.262797,35.452083],[133.261768,35.45272],[133.261391,35.452983],[133.261045,35.453364],[133.260865,35.453725],[133.260804,35.453949],[133.260785,35.454506],[133.260985,35.455052],[133.261805,35.456637],[133.262412,35.45796],[133.262822,35.458744],[133.263804,35.459487],[133.263271,35.45999],[133.260495,35.462502],[133.259949,35.462991],[133.259353,35.463581],[133.257224,35.465476],[133.256995,35.465797],[133.256967,35.466025],[133.257023,35.466233],[133.257263,35.466634],[133.257237,35.466786],[133.257355,35.466876],[133.257363,35.466999],[133.257129,35.46722],[133.256975,35.46722],[133.256821,35.467114],[133.256889,35.466966],[133.256293,35.467489],[133.255659,35.468095],[133.253728,35.469837],[133.253199,35.47032],[133.251736,35.469889],[133.251371,35.469842],[133.251126,35.469856],[133.250759,35.469925],[133.250375,35.470097],[133.250113,35.47033],[133.249026,35.471362],[133.248569,35.471799],[133.247941,35.472372],[133.247787,35.472551],[133.247709,35.472719],[133.247732,35.472999],[133.247897,35.473172],[133.249324,35.474221],[133.249708,35.473866],[133.250411,35.474382],[133.250897,35.473886],[133.250939,35.474119],[133.250545,35.474579],[133.250503,35.474555],[133.249916,35.475233],[133.24938,35.475821],[133.249425,35.475851],[133.249033,35.476308],[133.248993,35.476289],[133.248402,35.476975],[133.24829,35.476943],[133.248113,35.476986],[133.247779,35.476764],[133.247955,35.476568],[133.248139,35.476292],[133.248748,35.475594],[133.24861,35.474655],[133.246758,35.473372],[133.246748,35.473359],[133.244939,35.47543],[133.24469,35.475406],[133.244388,35.475436],[133.244293,35.47549],[133.24396,35.475839],[133.24365,35.4762],[133.241178,35.478856],[133.241057,35.478795],[133.240674,35.479204],[133.240713,35.479228],[133.240958,35.478972],[133.241071,35.478986],[133.241197,35.479118],[133.240998,35.479331],[133.240924,35.479461],[133.240625,35.479463],[133.239694,35.48051],[133.239641,35.480891],[133.239831,35.481152],[133.240133,35.481355],[133.240475,35.481535],[133.242259,35.482651],[133.242237,35.482869],[133.240943,35.484015],[133.24096,35.484194],[133.240657,35.48454],[133.240473,35.484705],[133.240292,35.484764],[133.239828,35.484513],[133.239539,35.484994],[133.239255,35.485357],[133.239009,35.48556],[133.238838,35.485548],[133.238526,35.485914]]]},"properties":{"code":"312021110","name":"中海","kihon1":"1110"}},
{"type":"Feature","geometry":{"type":"Polygon","coordinates":[[[133.360383,35.453496],[133.360544,35.453642],[133.360838,35.453975],[133.361001,35.454233],[133.361196,35.454704],[133.36128,35.45498],[133.361364,35.455539],[133.361426,35.456141],[133.36072,35.456202],[133.359538,35.456319],[133.35896,35.456393],[133.357722,35.45667],[133.35672,35.456902],[133.356339,35.456974],[133.356006,35.456023],[133.355466,35.454543],[133.356467,35.454364],[133.357455,35.454166],[133.360022,35.45355],[133.360383,35.453496]]]},"properties":{"code":"31202112001","name":"皆生温泉一丁目","kihon1":"1120"}},
{"type":"Feature","geometry":{"type":"Polygon","coordinates":[[[133.365739,35.452324],[133.36582,35.452808],[133.366267,35.455152],[133.366352,35.455639],[133.363248,35.455942],[133.362079,35.456063],[133.361426,35.456141],[133.361364,35.455539],[133.36128,35.45498],[133.361196,35.454704],[133.361001,35.454233],[133.360838,35.453975],[133.360544,35.453642],[133.360383,35.453496],[133.360533,35.453421],[133.361049,35.453299],[133.361256,35.453299],[133.362404,35.453118],[133.362339,35.452902],[133.364789,35.452482],[133.365739,35.452324]]]},"properties":{"code":"31202112002","name":"皆生温泉二丁目","kihon1":"1120"}},
{"type":"Feature","geometry":{"type":"Polygon","coordinates":[[[133.370296,35.457573],[133.369967,35.457632],[133.369512,35.457779],[133.369266,35.457884],[133.368856,35.457911],[133.368399,35.458069],[133.368046,35.458044],[133.367783,35.458122],[133.367564,35.458276],[133.367326,35.458571],[133.367101,35.459094],[133.367026,35.459093],[133.366884,35.458798],[133.36657,35.458611],[133.366262,35.458557],[133.365872,35.458608],[133.365699,35.458693],[133.365537,35.458846],[133.365268,35.459309],[133.364977,35.459338],[133.364848,35.459306],[133.36465,35.459092],[133.364348,35.4589],[133.364176,35.458886],[133.363184,35.45895],[133.363083,35.459102],[133.363059,35.4595],[133.36273,35.459546],[133.362619,35.459522],[133.362377,35.459181],[133.362031,35.459009],[133.361784,35.458993],[133.361544,35.457257],[133.361426,35.456141],[133.362079,35.456063],[133.363248,35.455942],[133.366352,35.455639],[133.367911,35.455495],[133.369671,35.455315],[133.369865,35.455815],[133.370102,35.456628],[133.370278,35.457387],[133.370296,35.457573]]]},"properties":{"code":"31202112003","name":"皆生温泉三丁目","kihon1":"1120"}},
{"type":"Feature","geometry":{"type":"Polygon","coordinates":[[[133.361784,35.458993],[133.361327,35.459094],[133.361097,35.459343],[133.361024,35.459678],[133.360788,35.459639],[133.360396,35.459619],[133.360202,35.459393],[133.359951,35.459242],[133.35953,35.459164],[133.359268,35.459224],[133.359089,35.459321],[133.358857,35.459543],[133.358524,35.460038],[133.358372,35.46004],[133.358219,35.459832],[133.358033,35.459662],[133.357533,35.459505],[133.357174,35.459526],[133.356946,35.459619],[133.356705,35.459781],[133.356499,35.460307],[133.356341,35.460371],[133.356168,35.46034],[133.355782,35.460015],[133.355525,35.459883],[133.355329,35.459846],[133.355069,35.459857],[133.354866,35.459939],[133.354652,35.460109],[133.354503,35.460301],[133.354356,35.460582],[133.354193,35.460635],[133.354036,35.459956],[133.353655,35.458538],[133.353297,35.457434],[133.355187,35.457142],[133.356339,35.456974],[133.35672,35.456902],[133.357722,35.45667],[133.35896,35.456393],[133.359538,35.456319],[133.36072,35.456202],[133.361426,35.456141],[133.361544,35.457257],[133.361784,35.458993]]]},"properties":{"code":"31202112004","name":"皆生温泉四丁目","kihon1":"1120"}},
{"type":"Feature","geometry":{"type":"Polygon","coordinates":[[[133.35205,35.452528],[133.352091,35.45281],[133.352587,35.454706],[133.35268,35.455117],[133.352193,35.455203],[133.352804,35.457515],[133.351567,35.457752],[133.350794,35.455476],[133.349947,35.452998],[133.351967,35.452515],[133.352071,35.452484],[133.35205,35.452528]]]},"properties":{"code":"31202113001","name":"新開一丁目","kihon1":"1130"}},
{"type":"Feature","geometry":{"type":"Polygon","coordinates":[[[133.349947,35.452998],[133.350794,35.455476],[133.351567,35.457752],[133.350566,35.457995],[133.349174,35.458304],[133.347895,35.458466],[133.347651,35.458476],[133.347328,35.457503],[133.346723,35.455459],[133.34663,35.455116],[133.346368,35.453923],[133.346353,35.453879],[133.348992,35.453249],[133.349897,35.453009],[133.349947,35.452998]]]},"properties":{"code":"31202113002","name":"新開二丁目","kihon1":"1130"}},
{"type":"Feature","geometry":{"type":"Polygon","coordinates":[[[133.354193,35.460635],[133.354077,35.4606],[133.353737,35.460216],[133.353454,35.460074],[133.353142,35.460017],[133.352948,35.460021],[133.352689,35.460086],[133.352517,35.460174],[133.352374,35.46033],[133.352201,35.460733],[133.351858,35.460737],[133.351346,35.460377],[133.351127,35.460294],[133.350817,35.460273],[133.350619,35.460293],[133.350416,35.46037],[133.350296,35.460463],[133.350076,35.460741],[133.350016,35.460974],[133.34994,35.461082],[133.349586,35.461124],[133.349238,35.460808],[133.348806,35.460669],[133.348378,35.460739],[133.347919,35.459294],[133.347651,35.458476],[133.347895,35.458466],[133.349174,35.458304],[133.350566,35.457995],[133.351567,35.457752],[133.352804,35.457515],[133.353297,35.457434],[133.353655,35.458538],[133.354036,35.459956],[133.354193,35.460635]]]},"properties":{"code":"31202113003","name":"新開三丁目","kihon1":"1130"}},
{"type":"Feature","geometry":{"type":"Polygon","coordinates":[[[133.348378,35.460739],[133.348044,35.460973],[133.34795,35.461109],[133.347895,35.461338],[133.347667,35.461543],[133.347376,35.461594],[133.347114,35.46132],[133.34697,35.461228],[133.346737,35.461164],[133.346456,35.461165],[133.346142,35.461249],[133.345906,35.461475],[133.345739,35.461934],[133.345351,35.462014],[133.345155,35.461963],[133.34477,35.461745],[133.344568,35.461706],[133.344254,35.461726],[133.343941,35.461907],[133.343808,35.462094],[133.343746,35.462415],[133.34348,35.462409],[133.343098,35.462502],[133.342756,35.462242],[133.342518,35.462147],[133.342127,35.462142],[133.342082,35.462223],[133.341709,35.462425],[133.341736,35.462718],[133.341636,35.462914],[133.341514,35.462985],[133.341171,35.463046],[133.340847,35.463307],[133.340716,35.463379],[133.340666,35.463485],[133.340503,35.463572],[133.340321,35.463463],[133.340552,35.463347],[133.340876,35.463098],[133.340877,35.462969],[133.341483,35.462867],[133.34151,35.462818],[133.34139,35.46241],[133.341253,35.462275],[133.34114,35.462035],[133.340491,35.461337],[133.340104,35.46096],[133.339762,35.460812],[133.339073,35.460563],[133.338514,35.460261],[133.340139,35.459867],[133.341776,35.459477],[133.343361,35.45911],[133.344814,35.458875],[133.34609,35.458529],[133.346555,35.458479],[133.347651,35.458476],[133.347919,35.459294],[133.348378,35.460739]]]},"properties":{"code":"31202113004","name":"新開四丁目","kihon1":"1130"}},
{"type":"Feature","geometry":{"type":"Polygon","coordinates":[[[133.346368,35.453923],[133.34663,35.455116],[133.346723,35.455459],[133.347328,35.457503],[133.347651,35.458476],[133.346555,35.458479],[133.34609,35.458529],[133.344814,35.458875],[133.344661,35.458316],[133.344073,35.45633],[133.343551,35.454665],[133.343625,35.454646],[133.344807,35.45434],[133.346368,35.453923]]]},"properties":{"code":"31202113005","name":"新開五丁目","kihon1":"1130"}},
{"type":"Feature","geometry":{"type":"Polygon","coordinates":[[[133.343551,35.454665],[133.344073,35.45633],[133.344661,35.458316],[133.344814,35.458875],[133.343361,35.45911],[133.341776,35.459477],[133.340824,35.45723],[133.340684,35.456884],[133.340218,35.455498],[133.340643,35.455385],[133.342235,35.454987],[133.343551,35.454665]]]},"properties":{"code":"31202113006","name":"新開六丁目","kihon1":"1130"}},
{"type":"Feature","geometry":{"type":"Polygon","coordinates":[[[133.340218,35.455498],[133.340684,35.456884],[133.340824,35.45723],[133.341776,35.459477],[133.340139,35.459867],[133.338514,35.460261],[133.33815,35.459971],[133.337813,35.459539],[133.337564,35.459051],[133.336143,35.457059],[133.336067,35.456914],[133.335983,35.456586],[133.338414,35.455948],[133.340211,35.4555],[133.340218,35.455498]]]},"properties":{"code":"31202113007","name":"新開七丁目","kihon1":"1130"}},
{"type":"Feature","geometry":{"type":"Polygon","coordinates":[[[133.39874,35.43279],[133.398284,35.432752],[133.39762,35.43283],[133.397472,35.433052],[133.397606,35.433274],[133.397633,35.433395],[133.397595,35.433609],[133.397392,35.433827],[133.396706,35.433427],[133.396041,35.432999],[133.393069,35.431352],[133.392737,35.431743],[133.3927,35.430442],[133.393002,35.430084],[133.393291,35.429583],[133.393841,35.428467],[133.395354,35.425263],[133.395765,35.425148],[133.396168,35.425333],[133.396291,35.425518],[133.397034,35.42495],[133.397615,35.425181],[133.398177,35.425353],[133.398211,35.42599],[133.398927,35.425996],[133.400443,35.425986],[133.400651,35.425992],[133.400693,35.425819],[133.400874,35.425756],[133.400851,35.425973],[133.400699,35.426704],[133.400562,35.427206],[133.400441,35.427492],[133.400152,35.428028],[133.39984,35.428363],[133.399683,35.428629],[133.399343,35.429402],[133.399165,35.429729],[133.398952,35.430332],[133.398811,35.430958],[133.398749,35.432366],[133.39874,35.43279]]]},"properties":{"code":"312021140","name":"流通町","kihon1":"1140"}},
{"type":"Feature","geometry":{"type":"Polygon","coordinates":[[[133.361158,35.429251],[133.359956,35.429449],[133.357887,35.429802],[133.356339,35.430062],[133.356227,35.428292],[133.356196,35.42769],[133.356379,35.427617],[133.356177,35.426067],[133.356159,35.425904],[133.357107,35.425991],[133.35835,35.426121],[133.358853,35.426237],[133.359253,35.426374],[133.359521,35.426502],[133.359881,35.426718],[133.360143,35.426876],[133.360295,35.427017],[133.360489,35.427208],[133.360712,35.427496],[133.36093,35.427895],[133.361074,35.428287],[133.361237,35.428914],[133.360247,35.429095],[133.360258,35.42915],[133.360982,35.429022],[133.361028,35.429205],[133.361158,35.429251]]]},"properties":{"code":"31202115001","name":"車尾南一丁目","kihon1":"1150"}},
{"type":"Feature","geometry":{"type":"Polygon","coordinates":[[[133.36132,35.429224],[133.361158,35.429251],[133.361028,35.429205],[133.360982,35.429022],[133.360258,35.42915],[133.360247,35.429095],[133.361237,35.428914],[133.361074,35.428287],[133.36093,35.427895],[133.360712,35.427496],[133.360489,35.427208],[133.360295,35.427017],[133.360432,35.426695],[133.36264,35.426231],[133.362657,35.425499],[133.36264,35.425207],[133.363586,35.424445],[133.363558,35.423297],[133.366317,35.423105],[133.366206,35.424742],[133.366139,35.425598],[133.366075,35.42681],[133.366053,35.427685],[133.366071,35.428014],[133.366129,35.428378],[133.362586,35.428997],[133.36132,35.429224]]]},"properties":{"code":"31202115002","name":"車尾南二丁目","kihon1":"1150"}},
{"type":"Feature","geometry":{"type":"Polygon","coordinates":[[[133.358723,35.423436],[133.358626,35.424194],[133.358474,35.425168],[133.35835,35.426121],[133.357107,35.425991],[133.356159,35.425904],[133.354173,35.425703],[133.354244,35.425385],[133.354361,35.425247],[133.35472,35.424972],[133.354934,35.42476],[133.355225,35.424288],[133.355448,35.424179],[133.356102,35.424013],[133.356152,35.42391],[133.356177,35.423569],[133.358723,35.423436]]]},"properties":{"code":"31202116001","name":"観音寺新町一丁目","kihon1":"1160"}},
{"type":"Feature","geometry":{"type":"Polygon","coordinates":[[[133.360552,35.421394],[133.360574,35.421871],[133.360584,35.423349],[133.358723,35.423436],[133.356177,35.423569],[133.356174,35.422959],[133.356641,35.422294],[133.357146,35.421778],[133.357345,35.421618],[133.357492,35.421574],[133.359027,35.421502],[133.360552,35.421394]]]},"properties":{"code":"31202116002","name":"観音寺新町二丁目","kihon1":"1160"}},
{"type":"Feature","geometry":{"type":"Polygon","coordinates":[[[133.360584,35.423349],[133.360633,35.425377],[133.360624,35.425771],[133.360546,35.426052],[133.360437,35.426257],[133.360258,35.426461],[133.359881,35.426718],[133.359521,35.426502],[133.359253,35.426374],[133.358853,35.426237],[133.35835,35.426121],[133.358474,35.425168],[133.358626,35.424194],[133.358723,35.423436],[133.360584,35.423349]]]},"properties":{"code":"31202116003","name":"観音寺新町三丁目","kihon1":"1160"}},
{"type":"Feature","geometry":{"type":"Polygon","coordinates":[[[133.360584,35.423349],[133.361765,35.423304],[133.36228,35.423297],[133.362601,35.424392],[133.36264,35.425207],[133.362657,35.425499],[133.36264,35.426231],[133.360432,35.426695],[133.360295,35.427017],[133.360143,35.426876],[133.359881,35.426718],[133.360258,35.426461],[133.360437,35.426257],[133.360546,35.426052],[133.360624,35.425771],[133.360633,35.425377],[133.360584,35.423349]]]},"properties":{"code":"31202116004","name":"観音寺新町四丁目","kihon1":"1160"}},
{"type":"Feature","geometry":{"type":"Polygon","coordinates":[[[133.363558,35.423297],[133.363586,35.424445],[133.36264,35.425207],[133.362601,35.424392],[133.36228,35.423297],[133.361765,35.423304],[133.360584,35.423349],[133.360574,35.421871],[133.360552,35.421394],[133.360986,35.42138],[133.361473,35.421404],[133.361769,35.42147],[133.362135,35.421862],[133.362433,35.421951],[133.362739,35.421892],[133.363503,35.421633],[133.363558,35.423297]]]},"properties":{"code":"31202116005","name":"観音寺新町五丁目","kihon1":"1160"}},
{"type":"Feature","geometry":{"type":"Polygon","coordinates":[[[133.426278,35.454687],[133.427396,35.455424],[133.427609,35.45554],[133.427471,35.45566],[133.4273,35.456034],[133.427266,35.456267],[133.427301,35.456536],[133.427263,35.457082],[133.427039,35.457416],[133.426771,35.457561],[133.426413,35.457729],[133.425748,35.458069],[133.423905,35.45918],[133.423825,35.459139],[133.423751,35.458957],[133.423548,35.458879],[133.423091,35.458602],[133.422569,35.458408],[133.421794,35.4583],[133.422335,35.457716],[133.422891,35.457161],[133.42497,35.455708],[133.42522,35.455558],[133.425673,35.455224],[133.425785,35.455324],[133.426278,35.454687]]]},"properties":{"code":"31202117001","name":"淀江町西原九区","kihon1":"1170"}},
{"type":"Feature","geometry":{"type":"Polygon","coordinates":[[[133.426278,35.454687],[133.425785,35.455324],[133.425673,35.455224],[133.42522,35.455558],[133.42497,35.455708],[133.422891,35.457161],[133.422335,35.457716],[133.421794,35.4583],[133.421383,35.458153],[133.420797,35.457791],[133.420386,35.457632],[133.419718,35.457524],[133.419365,35.457522],[133.418525,35.45709],[133.417692,35.45681],[133.417034,35.456456],[133.416841,35.456312],[133.417381,35.455223],[133.418022,35.453823],[133.418338,35.453222],[133.418956,35.453576],[133.419418,35.453811],[133.419566,35.453424],[133.419905,35.452833],[133.420263,35.452968],[133.420493,35.452637],[133.420957,35.452856],[133.421177,35.452578],[133.42141,35.452625],[133.421635,35.45232],[133.421916,35.452493],[133.422212,35.452065],[133.422841,35.452408],[133.423453,35.452793],[133.423995,35.453163],[133.424302,35.453353],[133.425029,35.45385],[133.426278,35.454687]]]},"properties":{"code":"31202117002","name":"淀江町西原一〇区","kihon1":"1170"}},
{"type":"Feature","geometry":{"type":"Polygon","coordinates":[[[133.416841,35.456312],[133.413428,35.455303],[133.412694,35.455321],[133.412614,35.455291],[133.412053,35.454942],[133.411905,35.454813],[133.411827,35.45467],[133.411536,35.454482],[133.411237,35.454138],[133.411147,35.454117],[133.411117,35.454331],[133.411042,35.454427],[133.41082,35.454352],[133.410129,35.454215],[133.409815,35.454589],[133.409641,35.454283],[133.409527,35.454182],[133.409086,35.454051],[133.409206,35.45361],[133.409294,35.4532],[133.409307,35.452659],[133.409405,35.451825],[133.409471,35.451496],[133.409551,35.450786],[133.409668,35.450311],[133.40911,35.450107],[133.409095,35.44971],[133.409135,35.449563],[133.409528,35.449207],[133.409204,35.448865],[133.409021,35.44864],[133.408796,35.448233],[133.411022,35.446302],[133.413952,35.445387],[133.41495,35.445451],[133.415731,35.445313],[133.416336,35.445162],[133.416738,35.444982],[133.417141,35.444893],[133.418277,35.444763],[133.423625,35.448947],[133.424089,35.448717],[133.425064,35.448411],[133.425584,35.448332],[133.42601,35.448358],[133.427645,35.448574],[133.428522,35.448577],[133.4291,35.448527],[133.429003,35.448835],[133.428648,35.449575],[133.428265,35.450539],[133.428179,35.451086],[133.428117,35.452154],[133.427944,35.454336],[133.42788,35.45507],[133.427715,35.455399],[133.427609,35.45554],[133.427396,35.455424],[133.426278,35.454687],[133.425029,35.45385],[133.424302,35.453353],[133.423995,35.453163],[133.423453,35.452793],[133.422841,35.452408],[133.422212,35.452065],[133.421916,35.452493],[133.421635,35.45232],[133.42141,35.452625],[133.421177,35.452578],[133.420957,35.452856],[133.420493,35.452637],[133.420263,35.452968],[133.419905,35.452833],[133.419566,35.453424],[133.419418,35.453811],[133.418956,35.453576],[133.418338,35.453222],[133.418022,35.453823],[133.417381,35.455223],[133.416841,35.456312]]]},"properties":{"code":"31202117003","name":"淀江町西原一一区","kihon1":"1170"}},
{"type":"Feature","geometry":{"type":"Polygon","coordinates":[[[133.434559,35.462639],[133.433693,35.462531],[133.433328,35.462508],[133.432622,35.462528],[133.432269,35.462475],[133.431905,35.462381],[133.431584,35.462896],[133.431236,35.463572],[133.430371,35.463398],[133.430196,35.463529],[133.429681,35.463596],[133.42916,35.463693],[133.428864,35.463569],[133.428832,35.46363],[133.428161,35.463336],[133.427944,35.463851],[133.427591,35.46392],[133.427253,35.464346],[133.427218,35.463972],[133.426365,35.46391],[133.426256,35.464198],[133.426188,35.464188],[133.426342,35.463748],[133.426058,35.463685],[133.426046,35.463629],[133.426663,35.463786],[133.426695,35.463705],[133.427654,35.463783],[133.427713,35.462937],[133.427059,35.461892],[133.427051,35.461838],[133.426604,35.461616],[133.426577,35.461653],[133.426173,35.461444],[133.42555,35.46192],[133.425748,35.462662],[133.425809,35.46295],[133.425691,35.46297],[133.425567,35.462623],[133.425364,35.462246],[133.425409,35.461825],[133.425522,35.461517],[133.426004,35.461145],[133.426111,35.461176],[133.426349,35.461143],[133.426497,35.461253],[133.426917,35.461464],[133.427028,35.461559],[133.427215,35.461845],[133.427743,35.461599],[133.42844,35.461467],[133.42886,35.461428],[133.429167,35.461463],[133.429514,35.461594],[133.429776,35.46154],[133.429785,35.461836],[133.430101,35.461888],[133.430795,35.461963],[133.430681,35.461131],[133.432132,35.460904],[133.432634,35.460892],[133.432825,35.460934],[133.433297,35.461394],[133.433702,35.461159],[133.434888,35.462535],[133.434985,35.462693],[133.434559,35.462639]]]},"properties":{"code":"31202118001","name":"淀江町淀江一区","kihon1":"1180"}},
{"type":"Feature","geometry":{"type":"Polygon","coordinates":[[[133.430681,35.461131],[133.430795,35.461963],[133.430101,35.461888],[133.429785,35.461836],[133.429776,35.46154],[133.429514,35.461594],[133.429167,35.461463],[133.42886,35.461428],[133.42844,35.461467],[133.427743,35.461599],[133.427215,35.461845],[133.427028,35.461559],[133.426917,35.461464],[133.426497,35.461253],[133.426349,35.461143],[133.427301,35.460862],[133.427867,35.460733],[133.428553,35.460653],[133.429102,35.460661],[133.429455,35.460629],[133.429652,35.460659],[133.429949,35.460632],[133.430153,35.460513],[133.430255,35.460324],[133.430395,35.460315],[133.430618,35.46067],[133.430681,35.461131]]]},"properties":{"code":"31202118002","name":"淀江町淀江二区","kihon1":"1180"}},
{"type":"Feature","geometry":{"type":"Polygon","coordinates":[[[133.426349,35.461143],[133.426111,35.461176],[133.426004,35.461145],[133.426011,35.460916],[133.42582,35.460598],[133.426295,35.46034],[133.426472,35.460351],[133.426759,35.460198],[133.42682,35.460082],[133.427344,35.459871],[133.427843,35.459752],[133.427982,35.460082],[133.428358,35.459993],[133.428836,35.459907],[133.428809,35.459837],[133.429127,35.459747],[133.429186,35.460038],[133.429276,35.460037],[133.429332,35.460223],[133.429427,35.460203],[133.429455,35.460629],[133.429102,35.460661],[133.428553,35.460653],[133.427867,35.460733],[133.427301,35.460862],[133.426349,35.461143]]]},"properties":{"code":"31202118003","name":"淀江町淀江三区","kihon1":"1180"}},
{"type":"Feature","geometry":{"type":"Polygon","coordinates":[[[133.433702,35.461159],[133.433297,35.461394],[133.432825,35.460934],[133.432634,35.460892],[133.432132,35.460904],[133.430681,35.461131],[133.430618,35.46067],[133.430395,35.460315],[133.430255,35.460324],[133.430153,35.460513],[133.429949,35.460632],[133.429652,35.460659],[133.429455,35.460629],[133.429427,35.460203],[133.429332,35.460223],[133.429276,35.460037],[133.429186,35.460038],[133.429127,35.459747],[133.428809,35.459837],[133.428836,35.459907],[133.428358,35.459993],[133.427982,35.460082],[133.427843,35.459752],[133.428104,35.459687],[133.428174,35.459603],[133.428134,35.459487],[133.428681,35.459352],[133.42911,35.459275],[133.429127,35.459347],[133.429462,35.459286],[133.429667,35.459277],[133.42967,35.459092],[133.430165,35.459055],[133.4302,35.459243],[133.431242,35.459149],[133.431224,35.458501],[133.43159,35.458581],[133.431967,35.458629],[133.432242,35.458615],[133.433434,35.458573],[133.434728,35.458587],[133.43471,35.459631],[133.43422,35.459623],[133.434877,35.460225],[133.435275,35.460623],[133.43504,35.46053],[133.434836,35.460544],[133.434513,35.460638],[133.434282,35.460808],[133.433702,35.461159]]]},"properties":{"code":"31202118004","name":"淀江町淀江四区","kihon1":"1180"}},
{"type":"Feature","geometry":{"type":"Polygon","coordinates":[[[133.427843,35.459752],[133.427344,35.459871],[133.42682,35.460082],[133.426759,35.460198],[133.426472,35.460351],[133.426295,35.46034],[133.42582,35.460598],[133.425351,35.460099],[133.425144,35.460003],[133.425785,35.459673],[133.425897,35.45982],[133.426676,35.459441],[133.426782,35.459603],[133.427076,35.459476],[133.427012,35.459384],[133.427198,35.459298],[133.427148,35.459228],[133.427513,35.459064],[133.427446,35.45892],[133.427662,35.458843],[133.42828,35.458667],[133.429223,35.458602],[133.43014,35.458523],[133.430925,35.458476],[133.431224,35.458501],[133.431242,35.459149],[133.4302,35.459243],[133.430165,35.459055],[133.42967,35.459092],[133.429667,35.459277],[133.429462,35.459286],[133.429127,35.459347],[133.42911,35.459275],[133.428681,35.459352],[133.428134,35.459487],[133.428174,35.459603],[133.428104,35.459687],[133.427843,35.459752]]]},"properties":{"code":"31202118005","name":"淀江町淀江五区","kihon1":"1180"}},
{"type":"Feature","geometry":{"type":"Polygon","coordinates":[[[133.431224,35.458501],[133.430925,35.458476],[133.43014,35.458523],[133.429223,35.458602],[133.42828,35.458667],[133.427662,35.458843],[133.427579,35.458548],[133.42772,35.458511],[133.427648,35.458297],[133.42755,35.458309],[133.427362,35.457861],[133.42738,35.457613],[133.42753,35.457547],[133.427503,35.457778],[133.428079,35.457719],[133.428153,35.45802],[133.428483,35.457963],[133.428472,35.457607],[133.428814,35.457555],[133.428766,35.457362],[133.429003,35.45737],[133.429194,35.45703],[133.429457,35.456742],[133.431364,35.458048],[133.432242,35.458615],[133.431967,35.458629],[133.43159,35.458581],[133.431224,35.458501]]]},"properties":{"code":"31202118006","name":"淀江町淀江六区","kihon1":"1180"}},
{"type":"Feature","geometry":{"type":"Polygon","coordinates":[[[133.425144,35.460003],[133.424773,35.459789],[133.424219,35.459335],[133.423905,35.45918],[133.425748,35.458069],[133.426413,35.457729],[133.426771,35.457561],[133.4269,35.45776],[133.427233,35.457626],[133.42738,35.457613],[133.427362,35.457861],[133.42755,35.458309],[133.427648,35.458297],[133.42772,35.458511],[133.427579,35.458548],[133.427662,35.458843],[133.427446,35.45892],[133.427513,35.459064],[133.427148,35.459228],[133.427198,35.459298],[133.427012,35.459384],[133.427076,35.459476],[133.426782,35.459603],[133.426676,35.459441],[133.425897,35.45982],[133.425785,35.459673],[133.425144,35.460003]]]},"properties":{"code":"31202118007","name":"淀江町淀江七区","kihon1":"1180"}},
{"type":"Feature","geometry":{"type":"Polygon","coordinates":[[[133.434728,35.458587],[133.433434,35.458573],[133.432242,35.458615],[133.431364,35.458048],[133.429457,35.456742],[133.429194,35.45703],[133.429003,35.45737],[133.428766,35.457362],[133.428814,35.457555],[133.428472,35.457607],[133.428483,35.457963],[133.428153,35.45802],[133.428079,35.457719],[133.427503,35.457778],[133.42753,35.457547],[133.42738,35.457613],[133.427233,35.457626],[133.4269,35.45776],[133.426771,35.457561],[133.427039,35.457416],[133.427263,35.457082],[133.427301,35.456536],[133.427266,35.456267],[133.4273,35.456034],[133.427471,35.45566],[133.427609,35.45554],[133.427715,35.455399],[133.42788,35.45507],[133.427944,35.454336],[133.428117,35.452154],[133.428179,35.451086],[133.428265,35.450539],[133.428648,35.449575],[133.429003,35.448835],[133.429373,35.448696],[133.430527,35.448723],[133.431637,35.448735],[133.431771,35.448685],[133.433499,35.448691],[133.433775,35.448576],[133.434021,35.448396],[133.434789,35.447218],[133.434956,35.446993],[133.435016,35.4484],[133.434888,35.449155],[133.434737,35.451174],[133.434675,35.452246],[133.434734,35.453431],[133.434811,35.454463],[133.434829,35.45527],[133.434818,35.456629],[133.434801,35.457641],[133.434824,35.458482],[133.434728,35.458587]]]},"properties":{"code":"31202118008","name":"淀江町淀江八区","kihon1":"1180"}},
{"type":"Feature","geometry":{"type":"Polygon","coordinates":[[[133.434559,35.462639],[133.434603,35.463141],[133.43467,35.464322],[133.434607,35.465553],[133.434587,35.466262],[133.434499,35.468576],[133.433372,35.468517],[133.433249,35.468486],[133.432053,35.468543],[133.432129,35.469552],[133.429198,35.469717],[133.429127,35.469413],[133.428733,35.468579],[133.428699,35.468862],[133.428784,35.469025],[133.428686,35.46949],[133.428544,35.469505],[133.428404,35.469215],[133.428399,35.469098],[133.428488,35.468901],[133.4285,35.46841],[133.428446,35.468258],[133.428329,35.46816],[133.42838,35.468059],[133.428732,35.468199],[133.42888,35.467678],[133.428922,35.467253],[133.42883,35.467141],[133.428658,35.467069],[133.428604,35.46686],[133.428596,35.466465],[133.428641,35.466393],[133.42858,35.466242],[133.428624,35.466172],[133.428189,35.465245],[133.427289,35.465103],[133.427253,35.464346],[133.427591,35.46392],[133.427944,35.463851],[133.428161,35.463336],[133.428832,35.46363],[133.428864,35.463569],[133.42916,35.463693],[133.429681,35.463596],[133.430196,35.463529],[133.430371,35.463398],[133.431236,35.463572],[133.431584,35.462896],[133.431905,35.462381],[133.432269,35.462475],[133.432622,35.462528],[133.433328,35.462508],[133.433693,35.462531],[133.434559,35.462639]]]},"properties":{"code":"312021190","name":"淀江町今津","kihon1":"1190"}},
{"type":"Feature","geometry":{"type":"Polygon","coordinates":[[[133.418277,35.444763],[133.417141,35.444893],[133.416738,35.444982],[133.416336,35.445162],[133.416386,35.444941],[133.416657,35.44411],[133.416775,35.443868],[133.417153,35.443351],[133.417097,35.443141],[133.41687,35.442808],[133.416354,35.442295],[133.418563,35.441591],[133.422176,35.440174],[133.422464,35.440131],[133.42376,35.439297],[133.424388,35.43883],[133.425364,35.437203],[133.426259,35.435389],[133.426597,35.435523],[133.426605,35.436337],[133.426679,35.437455],[133.426676,35.43952],[133.426693,35.44098],[133.426667,35.441454],[133.42554,35.441403],[133.422677,35.441386],[133.420562,35.444669],[133.419157,35.444649],[133.418277,35.444763]]]},"properties":{"code":"312021200","name":"淀江町福頼","kihon1":"1200"}},
{"type":"Feature","geometry":{"type":"Polygon","coordinates":[[[133.426259,35.435389],[133.425364,35.437203],[133.424388,35.43883],[133.42376,35.439297],[133.422464,35.440131],[133.422176,35.440174],[133.418563,35.441591],[133.416354,35.442295],[133.415996,35.44195],[133.415714,35.44162],[133.415196,35.440718],[133.414777,35.439769],[133.4136,35.440342],[133.413336,35.440482],[133.413473,35.440091],[133.414015,35.439203],[133.414503,35.43895],[133.414536,35.438601],[133.414751,35.438509],[133.416339,35.438502],[133.416626,35.438663],[133.41673,35.438892],[133.416997,35.439019],[133.417559,35.439039],[133.417861,35.43918],[133.418167,35.439214],[133.419453,35.438811],[133.420012,35.43879],[133.420651,35.438574],[133.421501,35.43818],[133.423203,35.43686],[133.423383,35.435323],[133.423527,35.433893],[133.423607,35.432621],[133.425022,35.434322],[133.425876,35.435194],[133.426259,35.435389]]]},"properties":{"code":"312021210","name":"淀江町平岡","kihon1":"1210"}},
{"type":"Feature","geometry":{"type":"Polygon","coordinates":[[[133.429003,35.448835],[133.4291,35.448527],[133.428522,35.448577],[133.427645,35.448574],[133.42601,35.448358],[133.425584,35.448332],[133.425064,35.448411],[133.424089,35.448717],[133.423625,35.448947],[133.418277,35.444763],[133.419157,35.444649],[133.420562,35.444669],[133.422677,35.441386],[133.42554,35.441403],[133.426667,35.441454],[133.426693,35.44098],[133.428163,35.441667],[133.431397,35.443026],[133.432417,35.443639],[133.434926,35.44589],[133.434956,35.446993],[133.434789,35.447218],[133.434021,35.448396],[133.433775,35.448576],[133.433499,35.448691],[133.431771,35.448685],[133.431637,35.448735],[133.430527,35.448723],[133.429373,35.448696],[133.429003,35.448835]]]},"properties":{"code":"312021220","name":"淀江町福井","kihon1":"1220"}},
{"type":"Feature","geometry":{"type":"Polygon","coordinates":[[[133.455548,35.455592],[133.455113,35.456429],[133.45508,35.456701],[133.455181,35.457269],[133.455366,35.458009],[133.455307,35.458229],[133.45526,35.458842],[133.455337,35.459142],[133.455575,35.459348],[133.455614,35.45967],[133.455582,35.460155],[133.455509,35.460441],[133.455063,35.460784],[133.454654,35.460988],[133.4541,35.461373],[133.453913,35.461418],[133.453464,35.461658],[133.453074,35.462023],[133.452838,35.461953],[133.45173,35.461866],[133.450964,35.461858],[133.449929,35.461774],[133.449732,35.462127],[133.449024,35.461903],[133.448515,35.461586],[133.447978,35.46134],[133.447626,35.461223],[133.447161,35.461146],[133.446764,35.461162],[133.446225,35.461158],[133.445838,35.461196],[133.445308,35.461203],[133.444884,35.46129],[133.444415,35.461512],[133.444115,35.461813],[133.443457,35.46235],[133.442853,35.462387],[133.442022,35.462585],[133.441639,35.462582],[133.441674,35.462403],[133.441786,35.462229],[133.441783,35.459966],[133.441722,35.459783],[133.441509,35.459722],[133.438183,35.459681],[133.43471,35.459631],[133.434728,35.458587],[133.434824,35.458482],[133.434801,35.457641],[133.434818,35.456629],[133.434829,35.45527],[133.443542,35.455444],[133.450763,35.455613],[133.455548,35.455592]]]},"properties":{"code":"31202123001","name":"淀江町福岡北尾","kihon1":"1230"}},
{"type":"Feature","geometry":{"type":"Polygon","coordinates":[[[133.455548,35.455592],[133.450763,35.455613],[133.443542,35.455444],[133.434829,35.45527],[133.434811,35.454463],[133.434734,35.453431],[133.434675,35.452246],[133.434737,35.451174],[133.434888,35.449155],[133.435016,35.4484],[133.434956,35.446993],[133.435407,35.446647],[133.444023,35.446745],[133.444372,35.445668],[133.445077,35.445398],[133.445416,35.445136],[133.44574,35.445081],[133.44628,35.445682],[133.446615,35.445892],[133.447444,35.44584],[133.447933,35.445982],[133.44945,35.445889],[133.449617,35.446051],[133.449865,35.446421],[133.449876,35.446731],[133.450331,35.447435],[133.456249,35.447891],[133.458255,35.447998],[133.458285,35.4491],[133.458628,35.449849],[133.458876,35.450253],[133.459012,35.450622],[133.458883,35.450873],[133.459047,35.451345],[133.459099,35.451667],[133.458475,35.451972],[133.4577,35.452599],[133.457273,35.453113],[133.456982,35.454087],[133.456484,35.454703],[133.455958,35.455251],[133.455548,35.455592]]]},"properties":{"code":"31202123002","name":"淀江町福岡上淀","kihon1":"1230"}},
{"type":"Feature","geometry":{"type":"Polygon","coordinates":[[[133.468767,35.422628],[133.468777,35.422713],[133.469271,35.42281],[133.469592,35.422772],[133.469842,35.422809],[133.470027,35.422897],[133.470384,35.423013],[133.470912,35.4234],[133.471043,35.423437],[133.471364,35.423377],[133.471601,35.423636],[133.471718,35.423873],[133.472038,35.424401],[133.472863,35.42515],[133.474285,35.425935],[133.475547,35.426874],[133.476605,35.42762],[133.476931,35.427649],[133.477029,35.427695],[133.477884,35.428354],[133.479267,35.429442],[133.479151,35.430193],[133.47903,35.431354],[133.478944,35.43171],[133.478988,35.432182],[133.479253,35.432816],[133.479857,35.433893],[133.480229,35.434706],[133.480343,35.435187],[133.480409,35.435686],[133.480558,35.436987],[133.480236,35.43707],[133.480066,35.437273],[133.479711,35.437418],[133.479611,35.437528],[133.479403,35.437594],[133.479311,35.437731],[133.479275,35.437971],[133.479157,35.438158],[133.478497,35.438312],[133.47812,35.438626],[133.477589,35.438833],[133.47733,35.438968],[133.477098,35.439009],[133.47685,35.439239],[133.476657,35.439227],[133.476009,35.439497],[133.475375,35.439693],[133.474844,35.439921],[133.474018,35.439989],[133.471219,35.440096],[133.471022,35.440453],[133.470605,35.440904],[133.470085,35.44127],[133.469902,35.441543],[133.469471,35.441858],[133.466303,35.443805],[133.466075,35.444225],[133.465824,35.445194],[133.465507,35.445938],[133.464755,35.447072],[133.464184,35.447476],[133.463388,35.447741],[133.461145,35.448053],[133.460373,35.448093],[133.458255,35.447998],[133.456249,35.447891],[133.450331,35.447435],[133.449876,35.446731],[133.449865,35.446421],[133.449617,35.446051],[133.44945,35.445889],[133.447933,35.445982],[133.447444,35.44584],[133.446615,35.445892],[133.44628,35.445682],[133.44574,35.445081],[133.445416,35.445136],[133.445077,35.445398],[133.444372,35.445668],[133.444023,35.446745],[133.435407,35.446647],[133.434956,35.446993],[133.434926,35.44589],[133.434859,35.443732],[133.434854,35.442438],[133.434885,35.440625],[133.434962,35.440118],[133.434887,35.439542],[133.434993,35.439405],[133.435353,35.439513],[133.437476,35.439514],[133.439929,35.439532],[133.44119,35.439504],[133.442429,35.439401],[133.443299,35.439152],[133.44418,35.438745],[133.444766,35.43819],[133.445065,35.437282],[133.445834,35.436143],[133.446326,35.435152],[133.446472,35.434422],[133.447049,35.43407],[133.447419,35.433697],[133.447426,35.433059],[133.447292,35.432815],[133.447413,35.432178],[133.447694,35.431617],[133.448321,35.430871],[133.448648,35.43033],[133.448906,35.429844],[133.449317,35.429604],[133.449876,35.429154],[133.450794,35.428908],[133.451443,35.428575],[133.452025,35.428347],[133.452286,35.428273],[133.452788,35.427965],[133.453049,35.428003],[133.453819,35.427902],[133.454234,35.427762],[133.454701,35.427445],[133.455038,35.427157],[133.455372,35.427064],[133.455635,35.426894],[133.456057,35.42679],[133.4564,35.426621],[133.45717,35.426436],[133.457533,35.426325],[133.458237,35.426372],[133.459494,35.426128],[133.461495,35.425495],[133.466948,35.423466],[133.468767,35.422628]]]},"properties":{"code":"312021240","name":"淀江町稲吉","kihon1":"1240"}},
{"type":"Feature","geometry":{"type":"Polygon","coordinates":[[[133.446472,35.434422],[133.446326,35.435152],[133.445834,35.436143],[133.445065,35.437282],[133.444766,35.43819],[133.44418,35.438745],[133.443299,35.439152],[133.442429,35.439401],[133.44119,35.439504],[133.439929,35.439532],[133.437476,35.439514],[133.435353,35.439513],[133.434993,35.439405],[133.435369,35.439239],[133.435479,35.439104],[133.435611,35.438243],[133.436217,35.437329],[133.436859,35.437334],[133.437213,35.436417],[133.437239,35.436117],[133.437063,35.435459],[133.436774,35.434688],[133.437695,35.434282],[133.438384,35.434156],[133.438657,35.434308],[133.439327,35.433863],[133.440015,35.433793],[133.440409,35.433421],[133.440662,35.433366],[133.441441,35.433372],[133.44167,35.433411],[133.442289,35.433341],[133.442817,35.433307],[133.443299,35.433254],[133.443921,35.432921],[133.444334,35.432905],[133.445089,35.433005],[133.445524,35.433045],[133.445728,35.433272],[133.445861,35.433686],[133.446472,35.434422]]]},"properties":{"code":"312021250","name":"淀江町高井谷","kihon1":"1250"}},
{"type":"Feature","geometry":{"type":"Polygon","coordinates":[[[133.434926,35.44589],[133.432417,35.443639],[133.431397,35.443026],[133.431305,35.441502],[133.430905,35.439602],[133.430824,35.437769],[133.430506,35.436679],[133.430326,35.435896],[133.430062,35.435082],[133.429844,35.433861],[133.429906,35.432917],[133.431012,35.431223],[133.431373,35.430358],[133.431781,35.429794],[133.432365,35.42915],[133.437026,35.428901],[133.439424,35.428888],[133.44235,35.428941],[133.444646,35.428789],[133.446154,35.428895],[133.446719,35.429026],[133.449317,35.429604],[133.448906,35.429844],[133.448648,35.43033],[133.448321,35.430871],[133.447694,35.431617],[133.447413,35.432178],[133.447292,35.432815],[133.447426,35.433059],[133.447419,35.433697],[133.447049,35.43407],[133.446472,35.434422],[133.445861,35.433686],[133.445728,35.433272],[133.445524,35.433045],[133.445089,35.433005],[133.444334,35.432905],[133.443921,35.432921],[133.443299,35.433254],[133.442817,35.433307],[133.442289,35.433341],[133.44167,35.433411],[133.441441,35.433372],[133.440662,35.433366],[133.440409,35.433421],[133.440015,35.433793],[133.439327,35.433863],[133.438657,35.434308],[133.438384,35.434156],[133.437695,35.434282],[133.436774,35.434688],[133.437063,35.435459],[133.437239,35.436117],[133.437213,35.436417],[133.436859,35.437334],[133.436217,35.437329],[133.435611,35.438243],[133.435479,35.439104],[133.435369,35.439239],[133.434993,35.439405],[133.434887,35.439542],[133.434962,35.440118],[133.434885,35.440625],[133.434854,35.442438],[133.434859,35.443732],[133.434926,35.44589]]]},"properties":{"code":"312021260","name":"淀江町中西尾","kihon1":"1260"}},
{"type":"Feature","geometry":{"type":"Polygon","coordinates":[[[133.429906,35.432917],[133.429844,35.433861],[133.430062,35.435082],[133.430326,35.435896],[133.430506,35.436679],[133.430824,35.437769],[133.430905,35.439602],[133.431305,35.441502],[133.431397,35.443026],[133.428163,35.441667],[133.426693,35.44098],[133.426676,35.43952],[133.426679,35.437455],[133.426605,35.436337],[133.426597,35.435523],[133.427055,35.435564],[133.427456,35.435479],[133.428091,35.435241],[133.428323,35.434771],[133.428807,35.434333],[133.429079,35.433761],[133.429332,35.433385],[133.429906,35.432917]]]},"properties":{"code":"312021270","name":"淀江町富繁","kihon1":"1270"}},
{"type":"Feature","geometry":{"type":"Polygon","coordinates":[[[133.429906,35.432917],[133.429332,35.433385],[133.429079,35.433761],[133.428807,35.434333],[133.428323,35.434771],[133.428091,35.435241],[133.427456,35.435479],[133.427055,35.435564],[133.426597,35.435523],[133.426259,35.435389],[133.425876,35.435194],[133.425022,35.434322],[133.423607,35.432621],[133.423734,35.432695],[133.423883,35.432677],[133.424067,35.432535],[133.424448,35.432608],[133.424607,35.432539],[133.424522,35.43186],[133.42454,35.431762],[133.424823,35.431694],[133.424898,35.431621],[133.424766,35.431337],[133.42489,35.431236],[133.425157,35.4313],[133.425277,35.431278],[133.425493,35.431098],[133.42544,35.431018],[133.425003,35.430627],[133.424823,35.430376],[133.424987,35.430341],[133.425662,35.430765],[133.425906,35.430758],[133.426277,35.430437],[133.426701,35.42999],[133.42735,35.429053],[133.42749,35.428807],[133.427741,35.428287],[133.427896,35.427854],[133.428061,35.427489],[133.428202,35.427017],[133.428081,35.426822],[133.428051,35.426682],[133.428163,35.426408],[133.42832,35.426211],[133.428737,35.425846],[133.428997,35.425709],[133.42911,35.425743],[133.429154,35.426001],[133.429418,35.426148],[133.429613,35.42621],[133.429798,35.426185],[133.429937,35.426053],[133.430366,35.425549],[133.430823,35.424987],[133.430927,35.424916],[133.431188,35.42488],[133.432057,35.424875],[133.432454,35.424914],[133.432771,35.42509],[133.432857,35.4253],[133.432884,35.425534],[133.432994,35.425609],[133.433463,35.42499],[133.433633,35.4247],[133.433807,35.424489],[133.434179,35.424185],[133.434558,35.424091],[133.434778,35.424006],[133.435255,35.423708],[133.435748,35.423329],[133.436879,35.422906],[133.437265,35.423216],[133.437565,35.423574],[133.438094,35.424302],[133.438621,35.425173],[133.440203,35.426401],[133.440393,35.426272],[133.440559,35.426249],[133.440747,35.426316],[133.440934,35.426454],[133.441079,35.426502],[133.441405,35.426475],[133.441769,35.426365],[133.442103,35.426379],[133.442876,35.426617],[133.443195,35.426575],[133.443458,35.426472],[133.444081,35.426525],[133.445082,35.426467],[133.446765,35.427061],[133.447069,35.42711],[133.447454,35.427083],[133.447803,35.426985],[133.448122,35.426993],[133.448498,35.427073],[133.4488,35.427307],[133.449031,35.427421],[133.449546,35.427413],[133.449921,35.427594],[133.450406,35.427621],[133.45114,35.42749],[133.451786,35.427453],[133.452126,35.427503],[133.45261,35.427697],[133.452788,35.427965],[133.452286,35.428273],[133.452025,35.428347],[133.451443,35.428575],[133.450794,35.428908],[133.449876,35.429154],[133.449317,35.429604],[133.446719,35.429026],[133.446154,35.428895],[133.444646,35.428789],[133.44235,35.428941],[133.439424,35.428888],[133.437026,35.428901],[133.432365,35.42915],[133.431781,35.429794],[133.431373,35.430358],[133.431012,35.431223],[133.429906,35.432917]]]},"properties":{"code":"312021280","name":"淀江町西尾原","kihon1":"1280"}},
{"type":"Feature","geometry":{"type":"Polygon","coordinates":[[[133.452788,35.427965],[133.45261,35.427697],[133.452126,35.427503],[133.451786,35.427453],[133.45114,35.42749],[133.450406,35.427621],[133.449921,35.427594],[133.449546,35.427413],[133.449031,35.427421],[133.4488,35.427307],[133.448498,35.427073],[133.448122,35.426993],[133.447803,35.426985],[133.447454,35.427083],[133.447069,35.42711],[133.446765,35.427061],[133.445082,35.426467],[133.444081,35.426525],[133.443458,35.426472],[133.443195,35.426575],[133.442876,35.426617],[133.442103,35.426379],[133.441769,35.426365],[133.441405,35.426475],[133.441079,35.426502],[133.440934,35.426454],[133.440747,35.426316],[133.440559,35.426249],[133.440393,35.426272],[133.440203,35.426401],[133.438621,35.425173],[133.438094,35.424302],[133.437565,35.423574],[133.437265,35.423216],[133.436879,35.422906],[133.437442,35.422693],[133.437954,35.422598],[133.438167,35.422465],[133.438264,35.422305],[133.438839,35.421615],[133.439218,35.421293],[133.439532,35.421091],[133.440049,35.420835],[133.440904,35.420535],[133.441285,35.420428],[133.441768,35.420318],[133.442724,35.420064],[133.443173,35.42001],[133.444338,35.419933],[133.444999,35.419712],[133.445343,35.419562],[133.44589,35.419229],[133.446345,35.418734],[133.446641,35.418478],[133.447013,35.41833],[133.448005,35.418004],[133.449025,35.417627],[133.449388,35.417472],[133.449602,35.417385],[133.449865,35.417324],[133.450173,35.417322],[133.450738,35.417408],[133.451046,35.417498],[133.451507,35.417743],[133.451695,35.417454],[133.451821,35.417157],[133.452029,35.417003],[133.452001,35.416841],[133.45225,35.41672],[133.45215,35.416441],[133.45243,35.416279],[133.452584,35.416111],[133.452906,35.416006],[133.453199,35.416071],[133.453529,35.416189],[133.453937,35.416196],[133.454091,35.416037],[133.454517,35.415845],[133.454904,35.415745],[133.455225,35.415743],[133.45542,35.415784],[133.455975,35.415775],[133.456288,35.416051],[133.456676,35.416213],[133.457204,35.416122],[133.457319,35.416136],[133.457675,35.416315],[133.457869,35.416329],[133.458293,35.416208],[133.458592,35.416249],[133.458775,35.416392],[133.458965,35.416433],[133.459585,35.41648],[133.459803,35.416428],[133.460137,35.416407],[133.46119,35.416248],[133.461387,35.416113],[133.461852,35.416057],[133.462445,35.416198],[133.462761,35.41645],[133.463007,35.416505],[133.463248,35.416339],[133.463549,35.416022],[133.463774,35.415976],[133.464377,35.415915],[133.465103,35.41579],[133.465436,35.415858],[133.465631,35.41593],[133.466184,35.416409],[133.466116,35.416705],[133.466214,35.416961],[133.466655,35.417258],[133.46685,35.417227],[133.467199,35.417069],[133.467352,35.41707],[133.467429,35.41732],[133.467736,35.41769],[133.467421,35.418038],[133.467457,35.418098],[133.467353,35.418335],[133.467298,35.418643],[133.467369,35.418833],[133.467597,35.419079],[133.467784,35.419465],[133.468037,35.420206],[133.468171,35.420394],[133.468132,35.420456],[133.468527,35.420712],[133.468612,35.420828],[133.468718,35.421087],[133.468966,35.421868],[133.468888,35.422014],[133.468767,35.422628],[133.466948,35.423466],[133.461495,35.425495],[133.459494,35.426128],[133.458237,35.426372],[133.457533,35.426325],[133.45717,35.426436],[133.4564,35.426621],[133.456057,35.42679],[133.455635,35.426894],[133.455372,35.427064],[133.455038,35.427157],[133.454701,35.427445],[133.454234,35.427762],[133.453819,35.427902],[133.453049,35.428003],[133.452788,35.427965]]]},"properties":{"code":"312021290","name":"淀江町本宮","kihon1":"1290"}},
{"type":"Feature","geometry":{"type":"Polygon","coordinates":[[[133.399315,35.438269],[133.399092,35.440485],[133.399142,35.441186],[133.397505,35.440536],[133.39697,35.440334],[133.396905,35.440154],[133.39706,35.439965],[133.396599,35.43978],[133.396293,35.440096],[133.395935,35.440235],[133.395692,35.440295],[133.395244,35.440513],[133.395079,35.440534],[133.394989,35.44063],[133.394832,35.440474],[133.394489,35.440262],[133.393404,35.440232],[133.39315,35.440086],[133.393057,35.439934],[133.392929,35.43863],[133.392902,35.4381],[133.392735,35.436356],[133.392616,35.434903],[133.392819,35.434971],[133.392953,35.434825],[133.395469,35.436189],[133.398946,35.43806],[133.399315,35.438269]]]},"properties":{"code":"31202130001","name":"淀江町佐陀佐陀一部","kihon1":"1300"}},
{"type":"Feature","geometry":{"type":"Polygon","coordinates":[[[133.399142,35.441186],[133.399248,35.442326],[133.399601,35.443655],[133.399908,35.445168],[133.400025,35.445941],[133.40016,35.446478],[133.400292,35.447109],[133.399744,35.446931],[133.396064,35.445624],[133.393293,35.444647],[133.393413,35.443854],[133.393656,35.443028],[133.39356,35.441885],[133.393802,35.441507],[133.394196,35.441298],[133.394342,35.440804],[133.394487,35.440595],[133.394489,35.440262],[133.394832,35.440474],[133.394989,35.44063],[133.395079,35.440534],[133.395244,35.440513],[133.395692,35.440295],[133.395935,35.440235],[133.396293,35.440096],[133.396599,35.43978],[133.39706,35.439965],[133.396905,35.440154],[133.39697,35.440334],[133.397505,35.440536],[133.399142,35.441186]]]},"properties":{"code":"31202130002","name":"淀江町佐陀佐陀二部","kihon1":"1300"}},
{"type":"Feature","geometry":{"type":"Polygon","coordinates":[[[133.394305,35.448533],[133.393129,35.448606],[133.392927,35.448048],[133.392684,35.447539],[133.392568,35.447161],[133.392449,35.44687],[133.392129,35.445976],[133.391955,35.445531],[133.391626,35.444924],[133.391415,35.444615],[133.39123,35.444222],[133.391129,35.443824],[133.391094,35.443495],[133.391455,35.443482],[133.391429,35.443085],[133.391746,35.441938],[133.391766,35.441128],[133.391572,35.440519],[133.3913,35.439877],[133.391059,35.439916],[133.391032,35.439748],[133.390726,35.439759],[133.390617,35.438404],[133.391765,35.438333],[133.391572,35.43663],[133.391542,35.436421],[133.392735,35.436356],[133.392902,35.4381],[133.392929,35.43863],[133.393057,35.439934],[133.39315,35.440086],[133.393404,35.440232],[133.394489,35.440262],[133.394487,35.440595],[133.394342,35.440804],[133.394196,35.441298],[133.393802,35.441507],[133.39356,35.441885],[133.393656,35.443028],[133.393413,35.443854],[133.393293,35.444647],[133.393386,35.445607],[133.393323,35.445947],[133.393543,35.44682],[133.393847,35.448168],[133.394213,35.448105],[133.394305,35.448533]]]},"properties":{"code":"31202130003","name":"淀江町佐陀佐陀三部","kihon1":"1300"}},
{"type":"Feature","geometry":{"type":"Polygon","coordinates":[[[133.39874,35.43279],[133.398744,35.434056],[133.398784,35.43541],[133.39903,35.436513],[133.399071,35.436515],[133.399029,35.436608],[133.399428,35.437961],[133.399315,35.438269],[133.398946,35.43806],[133.395469,35.436189],[133.392953,35.434825],[133.393006,35.434748],[133.393016,35.433496],[133.393075,35.433462],[133.393558,35.433487],[133.394102,35.433494],[133.394789,35.433381],[133.395856,35.433094],[133.396041,35.432999],[133.396706,35.433427],[133.397392,35.433827],[133.397595,35.433609],[133.397633,35.433395],[133.397606,35.433274],[133.397472,35.433052],[133.39762,35.43283],[133.398284,35.432752],[133.39874,35.43279]]]},"properties":{"code":"31202130004","name":"淀江町佐陀桜台","kihon1":"1300"}},
{"type":"Feature","geometry":{"type":"Polygon","coordinates":[[[133.396955,35.44934],[133.397022,35.449954],[133.393326,35.450035],[133.393195,35.448878],[133.393129,35.448606],[133.394305,35.448533],[133.395373,35.448471],[133.396627,35.448286],[133.396955,35.44934]]]},"properties":{"code":"31202130005","name":"淀江町佐陀佐陀浜","kihon1":"1300"}},
{"type":"Feature","geometry":{"type":"Polygon","coordinates":[[[133.400292,35.447109],[133.400304,35.447779],[133.400375,35.448193],[133.400474,35.44905],[133.400493,35.449737],[133.400583,35.450115],[133.399982,35.45016],[133.399878,35.449921],[133.399877,35.449727],[133.39965,35.449688],[133.398754,35.449457],[133.3983,35.449407],[133.398178,35.44927],[133.396955,35.44934],[133.396627,35.448286],[133.395373,35.448471],[133.394305,35.448533],[133.394213,35.448105],[133.393847,35.448168],[133.393543,35.44682],[133.393323,35.445947],[133.393386,35.445607],[133.393293,35.444647],[133.396064,35.445624],[133.399744,35.446931],[133.400292,35.447109]]]},"properties":{"code":"31202130006","name":"淀江町佐陀ニューやまと","kihon1":"1300"}},
{"type":"Feature","geometry":{"type":"Polygon","coordinates":[[[133.401591,35.453362],[133.40094,35.453395],[133.40036,35.453527],[133.399582,35.454026],[133.399033,35.453354],[133.398423,35.453334],[133.397828,35.453741],[133.397492,35.453395],[133.39708,35.453395],[133.396226,35.453761],[133.395738,35.453497],[133.395295,35.453436],[133.394502,35.453761],[133.394031,35.453504],[133.393826,35.452476],[133.393648,35.45166],[133.393526,35.45101],[133.393326,35.450035],[133.397022,35.449954],[133.396955,35.44934],[133.398178,35.44927],[133.3983,35.449407],[133.398754,35.449457],[133.39965,35.449688],[133.399877,35.449727],[133.399878,35.449921],[133.399982,35.45016],[133.400583,35.450115],[133.400709,35.450575],[133.401354,35.452449],[133.401591,35.453362]]]},"properties":{"code":"31202130007","name":"淀江町佐陀佐陀新田","kihon1":"1300"}},
{"type":"Feature","geometry":{"type":"Polygon","coordinates":[[[133.404661,35.441254],[133.403623,35.440669],[133.403508,35.440631],[133.401235,35.439344],[133.399315,35.438269],[133.399428,35.437961],[133.399029,35.436608],[133.399071,35.436515],[133.403339,35.436736],[133.403816,35.431661],[133.40491,35.431718],[133.405036,35.431722],[133.404918,35.433125],[133.406172,35.433203],[133.40608,35.434054],[133.406457,35.433547],[133.407133,35.43257],[133.407349,35.43221],[133.407571,35.431771],[133.40791,35.431285],[133.408009,35.431252],[133.408005,35.431507],[133.4079,35.432106],[133.41059,35.432079],[133.41065,35.43221],[133.410705,35.432536],[133.410752,35.433042],[133.410426,35.433087],[133.41021,35.433158],[133.410084,35.433252],[133.409997,35.43354],[133.409952,35.434216],[133.410037,35.434275],[133.409959,35.434429],[133.409672,35.434813],[133.409429,35.435105],[133.4091,35.435342],[133.408928,35.4353],[133.408656,35.435766],[133.40841,35.436099],[133.408134,35.436331],[133.40786,35.436479],[133.407864,35.436648],[133.408405,35.436777],[133.407273,35.438048],[133.406784,35.438632],[133.406437,35.439003],[133.406096,35.440029],[133.404889,35.439678],[133.404661,35.441254]]]},"properties":{"code":"31202131001","name":"淀江町中間中間","kihon1":"1310"}},
{"type":"Feature","geometry":{"type":"Polygon","coordinates":[[[133.404513,35.444084],[133.404348,35.444764],[133.404811,35.444789],[133.404812,35.445206],[133.40478,35.445399],[133.404713,35.445474],[133.404625,35.445841],[133.404495,35.44601],[133.404197,35.447325],[133.404067,35.44815],[133.403887,35.449691],[133.403768,35.450833],[133.403784,35.451141],[133.403764,35.451938],[133.403555,35.453294],[133.403522,35.453666],[133.403351,35.453548],[133.402146,35.453334],[133.401591,35.453362],[133.401354,35.452449],[133.400709,35.450575],[133.400583,35.450115],[133.400493,35.449737],[133.400474,35.44905],[133.400375,35.448193],[133.400304,35.447779],[133.400292,35.447109],[133.401297,35.447462],[133.401377,35.444454],[133.402118,35.443359],[133.403294,35.443857],[133.40344,35.44363],[133.403702,35.443681],[133.403986,35.44383],[133.404299,35.443887],[133.404513,35.444084]]]},"properties":{"code":"31202131002","name":"淀江町中間亀甲","kihon1":"1310"}},
{"type":"Feature","geometry":{"type":"Polygon","coordinates":[[[133.404513,35.444084],[133.404299,35.443887],[133.403986,35.44383],[133.403702,35.443681],[133.40344,35.44363],[133.403294,35.443857],[133.402118,35.443359],[133.401377,35.444454],[133.401297,35.447462],[133.400292,35.447109],[133.40016,35.446478],[133.400025,35.445941],[133.399908,35.445168],[133.399601,35.443655],[133.399248,35.442326],[133.399142,35.441186],[133.399092,35.440485],[133.399315,35.438269],[133.401235,35.439344],[133.403508,35.440631],[133.403623,35.440669],[133.404661,35.441254],[133.404571,35.442078],[133.405313,35.442691],[133.405292,35.443223],[133.405965,35.443222],[133.40609,35.443421],[133.40597,35.444082],[133.404513,35.444084]]]},"properties":{"code":"31202131003","name":"淀江町中間亀甲新道","kihon1":"1310"}},
{"type":"Feature","geometry":{"type":"Polygon","coordinates":[[[133.413336,35.440482],[133.412777,35.440771],[133.412586,35.440915],[133.412411,35.44112],[133.412176,35.441589],[133.412098,35.442008],[133.411563,35.442832],[133.410297,35.443312],[133.410154,35.443316],[133.40873,35.443265],[133.408628,35.443209],[133.408354,35.443267],[133.407229,35.443387],[133.406651,35.442637],[133.40548,35.441718],[133.404661,35.441254],[133.404889,35.439678],[133.406096,35.440029],[133.406437,35.439003],[133.406784,35.438632],[133.407273,35.438048],[133.408405,35.436777],[133.407864,35.436648],[133.40786,35.436479],[133.408134,35.436331],[133.40841,35.436099],[133.408656,35.435766],[133.408928,35.4353],[133.4091,35.435342],[133.409429,35.435105],[133.409672,35.434813],[133.409959,35.434429],[133.410037,35.434275],[133.410184,35.434237],[133.411325,35.434237],[133.411349,35.434361],[133.411282,35.434682],[133.411043,35.435593],[133.410681,35.436788],[133.410512,35.437287],[133.410774,35.437386],[133.411108,35.437469],[133.411319,35.437067],[133.411445,35.436692],[133.412097,35.436864],[133.412698,35.43697],[133.412947,35.437107],[133.41408,35.437252],[133.414358,35.437192],[133.414353,35.437077],[133.414029,35.437013],[133.413907,35.43693],[133.413896,35.436675],[133.413646,35.436522],[133.414001,35.435894],[133.414097,35.435892],[133.414406,35.436125],[133.414596,35.436178],[133.414789,35.436143],[133.415024,35.436209],[133.415263,35.43618],[133.415153,35.435996],[133.414757,35.435697],[133.4147,35.435546],[133.414724,35.435172],[133.414664,35.434965],[133.414489,35.43477],[133.414502,35.434499],[133.414402,35.434307],[133.414728,35.433684],[133.414789,35.433507],[133.41472,35.432897],[133.414777,35.432532],[133.414752,35.432381],[133.414619,35.432015],[133.414563,35.431697],[133.414547,35.431141],[133.414502,35.431022],[133.414319,35.430924],[133.414532,35.430657],[133.41456,35.43055],[133.414412,35.430285],[133.414368,35.430108],[133.414404,35.429802],[133.414589,35.429892],[133.414859,35.429825],[133.415125,35.42964],[133.415336,35.429568],[133.415517,35.429452],[133.415689,35.429281],[133.41587,35.428952],[133.416045,35.428753],[133.41614,35.428575],[133.41633,35.427839],[133.416438,35.427636],[133.417022,35.427205],[133.417215,35.426942],[133.417337,35.426878],[133.417671,35.426805],[133.418017,35.426976],[133.418322,35.427026],[133.418211,35.427212],[133.418591,35.427586],[133.418989,35.42786],[133.419103,35.427977],[133.420129,35.428871],[133.42052,35.429193],[133.421153,35.429759],[133.421249,35.429915],[133.421414,35.430385],[133.421548,35.430837],[133.421946,35.431329],[133.422504,35.431816],[133.423346,35.432459],[133.423607,35.432621],[133.423527,35.433893],[133.423383,35.435323],[133.423203,35.43686],[133.421501,35.43818],[133.420651,35.438574],[133.420012,35.43879],[133.419453,35.438811],[133.418167,35.439214],[133.417861,35.43918],[133.417559,35.439039],[133.416997,35.439019],[133.41673,35.438892],[133.416626,35.438663],[133.416339,35.438502],[133.414751,35.438509],[133.414536,35.438601],[133.414503,35.43895],[133.414015,35.439203],[133.413473,35.440091],[133.413336,35.440482]]]},"properties":{"code":"31202132001","name":"淀江町小波小波上","kihon1":"1320"}},
{"type":"Feature","geometry":{"type":"Polygon","coordinates":[[[133.409086,35.454051],[133.408751,35.454096],[133.408462,35.45427],[133.408241,35.454523],[133.408137,35.454494],[133.408141,35.45424],[133.408004,35.454006],[133.407775,35.453873],[133.406952,35.453904],[133.406555,35.454128],[133.406082,35.454484],[133.405868,35.454128],[133.405548,35.453853],[133.405182,35.453731],[133.404602,35.453853],[133.404205,35.454239],[133.403976,35.45428],[133.403807,35.454087],[133.403522,35.453666],[133.403555,35.453294],[133.403764,35.451938],[133.403784,35.451141],[133.403768,35.450833],[133.403887,35.449691],[133.404067,35.44815],[133.404197,35.447325],[133.404495,35.44601],[133.404625,35.445841],[133.404713,35.445474],[133.40478,35.445399],[133.404812,35.445206],[133.404811,35.444789],[133.404348,35.444764],[133.404513,35.444084],[133.40597,35.444082],[133.40609,35.443421],[133.405965,35.443222],[133.405292,35.443223],[133.405313,35.442691],[133.404571,35.442078],[133.404661,35.441254],[133.40548,35.441718],[133.406651,35.442637],[133.407229,35.443387],[133.408354,35.443267],[133.408628,35.443209],[133.40873,35.443265],[133.410154,35.443316],[133.410297,35.443312],[133.411563,35.442832],[133.412098,35.442008],[133.412176,35.441589],[133.412411,35.44112],[133.412586,35.440915],[133.412777,35.440771],[133.413336,35.440482],[133.4136,35.440342],[133.414777,35.439769],[133.415196,35.440718],[133.415714,35.44162],[133.415996,35.44195],[133.416354,35.442295],[133.41687,35.442808],[133.417097,35.443141],[133.417153,35.443351],[133.416775,35.443868],[133.416657,35.44411],[133.416386,35.444941],[133.416336,35.445162],[133.415731,35.445313],[133.41495,35.445451],[133.413952,35.445387],[133.411022,35.446302],[133.408796,35.448233],[133.409021,35.44864],[133.409204,35.448865],[133.409528,35.449207],[133.409135,35.449563],[133.409095,35.44971],[133.40911,35.450107],[133.409668,35.450311],[133.409551,35.450786],[133.409471,35.451496],[133.409405,35.451825],[133.409307,35.452659],[133.409294,35.4532],[133.409206,35.45361],[133.409086,35.454051]]]},"properties":{"code":"31202132002","name":"淀江町小波小波浜","kihon1":"1320"}}
]}