{"type":"FeatureCollection", "features": [
{"type":"Feature","geometry":{"type":"Polygon","coordinates":[[[133.348225,35.433842],[133.347886,35.434149],[133.347081,35.434523],[133.3449,35.435278],[133.343849,35.434334],[133.343203,35.434374],[133.342529,35.43381],[133.342666,35.433285],[133.342214,35.433113],[133.342685,35.432935],[133.342619,35.432096],[133.342188,35.432002],[133.342834,35.430697],[133.34247,35.42984],[133.344355,35.430746],[133.346662,35.431319],[133.347581,35.431389],[133.347727,35.432088],[133.347506,35.432727],[133.347445,35.433606],[133.348225,35.433842]]]},"properties":{"code":"312020010","name":"勝田町","kihon1":"0010"}},
{"type":"Feature","geometry":{"type":"Polygon","coordinates":[[[133.349116,35.429004],[133.34884,35.42907],[133.347746,35.430714],[133.34772,35.431389],[133.347581,35.431389],[133.346662,35.431319],[133.344355,35.430746],[133.34247,35.42984],[133.341027,35.428703],[133.344359,35.428434],[133.345161,35.428247],[133.3452,35.428544],[133.346404,35.428415],[133.347269,35.428541],[133.348486,35.428539],[133.349116,35.429004]]]},"properties":{"code":"312020020","name":"東山町","kihon1":"0020"}},
{"type":"Feature","geometry":{"type":"Polygon","coordinates":[[[133.34064,35.429111],[133.340596,35.429946],[133.340384,35.430614],[133.339641,35.431644],[133.339307,35.432003],[133.33872,35.431801],[133.338675,35.431193],[133.337922,35.430667],[133.337618,35.430142],[133.338627,35.429319],[133.339494,35.42943],[133.34064,35.429111]]]},"properties":{"code":"31202003001","name":"博労町一丁目","kihon1":"0030"}},
{"type":"Feature","geometry":{"type":"Polygon","coordinates":[[[133.342214,35.433113],[133.342071,35.432987],[133.340824,35.433171],[133.340513,35.433044],[133.340127,35.432488],[133.34,35.431777],[133.339641,35.431644],[133.340384,35.430614],[133.340596,35.429946],[133.34064,35.429111],[133.340581,35.42874],[133.341027,35.428703],[133.34247,35.42984],[133.342834,35.430697],[133.342188,35.432002],[133.342619,35.432096],[133.342685,35.432935],[133.342214,35.433113]]]},"properties":{"code":"31202003002","name":"博労町二丁目","kihon1":"0030"}},
{"type":"Feature","geometry":{"type":"Polygon","coordinates":[[[133.339641,35.431644],[133.34,35.431777],[133.340127,35.432488],[133.340513,35.433044],[133.340824,35.433171],[133.337284,35.436008],[133.336161,35.435162],[133.338607,35.432787],[133.339307,35.432003],[133.339641,35.431644]]]},"properties":{"code":"31202003003","name":"博労町三丁目","kihon1":"0030"}},
{"type":"Feature","geometry":{"type":"Polygon","coordinates":[[[133.3449,35.435278],[133.340599,35.437566],[133.3402,35.436574],[133.339236,35.436559],[133.338508,35.436914],[133.337284,35.436008],[133.340824,35.433171],[133.342071,35.432987],[133.342214,35.433113],[133.342666,35.433285],[133.342529,35.43381],[133.343203,35.434374],[133.343849,35.434334],[133.3449,35.435278]]]},"properties":{"code":"31202003004","name":"博労町四丁目","kihon1":"0030"}},
{"type":"Feature","geometry":{"type":"Polygon","coordinates":[[[133.340581,35.42874],[133.339102,35.428765],[133.337826,35.428952],[133.337479,35.428865],[133.336627,35.42912],[133.335579,35.429105],[133.33549,35.428067],[133.336161,35.427563],[133.337156,35.427392],[133.339375,35.426817],[133.340139,35.427854],[133.341027,35.428703],[133.340581,35.42874]]]},"properties":{"code":"31202004001","name":"糀町一丁目","kihon1":"0040"}},
{"type":"Feature","geometry":{"type":"Polygon","coordinates":[[[133.34064,35.429111],[133.339494,35.42943],[133.338627,35.429319],[133.337618,35.430142],[133.337074,35.430604],[133.335307,35.429182],[133.335579,35.429105],[133.336627,35.42912],[133.337479,35.428865],[133.337826,35.428952],[133.339102,35.428765],[133.340581,35.42874],[133.34064,35.429111]]]},"properties":{"code":"31202004002","name":"糀町二丁目","kihon1":"0040"}},
{"type":"Feature","geometry":{"type":"Polygon","coordinates":[[[133.336837,35.432133],[133.337349,35.431732],[133.338607,35.432787],[133.336161,35.435162],[133.334656,35.433903],[133.336837,35.432133]]]},"properties":{"code":"31202005000","name":"冨士見町","kihon1":"0050"}},
{"type":"Feature","geometry":{"type":"Polygon","coordinates":[[[133.337618,35.430142],[133.337922,35.430667],[133.338675,35.431193],[133.33872,35.431801],[133.339307,35.432003],[133.338607,35.432787],[133.337349,35.431732],[133.336837,35.432133],[133.33604,35.431473],[133.337074,35.430604],[133.337618,35.430142]]]},"properties":{"code":"31202005001","name":"冨士見町一丁目","kihon1":"0050"}},
{"type":"Feature","geometry":{"type":"Polygon","coordinates":[[[133.33604,35.431473],[133.336837,35.432133],[133.334656,35.433903],[133.333903,35.433184],[133.333455,35.432803],[133.335606,35.431093],[133.33604,35.431473]]]},"properties":{"code":"31202005002","name":"冨士見町二丁目","kihon1":"0050"}},
{"type":"Feature","geometry":{"type":"Polygon","coordinates":[[[133.336161,35.435162],[133.337284,35.436008],[133.338508,35.436914],[133.339892,35.437946],[133.339928,35.437972],[133.336464,35.439874],[133.336089,35.440073],[133.335638,35.438565],[133.336978,35.43722],[133.335407,35.435884],[133.336161,35.435162]]]},"properties":{"code":"31202006001","name":"日ノ出町一丁目","kihon1":"0060"}},
{"type":"Feature","geometry":{"type":"Polygon","coordinates":[[[133.335638,35.438565],[133.334971,35.439229],[133.332648,35.439625],[133.331611,35.440043],[133.332188,35.439251],[133.334226,35.437068],[133.335407,35.435884],[133.336978,35.43722],[133.335638,35.438565]]]},"properties":{"code":"31202006002","name":"日ノ出町二丁目","kihon1":"0060"}},
{"type":"Feature","geometry":{"type":"Polygon","coordinates":[[[133.33604,35.431473],[133.335606,35.431093],[133.333455,35.432803],[133.332224,35.431591],[133.333205,35.430797],[133.333723,35.430377],[133.334869,35.4295],[133.335307,35.429182],[133.337074,35.430604],[133.33604,35.431473]]]},"properties":{"code":"31202007001","name":"角盤町一丁目","kihon1":"0070"}},
{"type":"Feature","geometry":{"type":"Polygon","coordinates":[[[133.333903,35.433184],[133.331768,35.434923],[133.330619,35.434013],[133.330674,35.433825],[133.330874,35.433841],[133.331307,35.433063],[133.331801,35.433004],[133.331664,35.432067],[133.332139,35.431671],[133.332224,35.431591],[133.333455,35.432803],[133.333903,35.433184]]]},"properties":{"code":"31202007002","name":"角盤町二丁目","kihon1":"0070"}},
{"type":"Feature","geometry":{"type":"Polygon","coordinates":[[[133.331768,35.434923],[133.329324,35.436888],[133.329177,35.437011],[133.327084,35.435282],[133.327957,35.434936],[133.328316,35.435075],[133.329702,35.435049],[133.329887,35.434899],[133.329637,35.434128],[133.33045,35.4338],[133.330619,35.434013],[133.331768,35.434923]]]},"properties":{"code":"31202007003","name":"角盤町三丁目","kihon1":"0070"}},
{"type":"Feature","geometry":{"type":"Polygon","coordinates":[[[133.327084,35.435282],[133.329177,35.437011],[133.326105,35.439463],[133.325381,35.438911],[133.325867,35.438534],[133.325663,35.437672],[133.326138,35.437303],[133.326021,35.436495],[133.326908,35.435852],[133.326789,35.435532],[133.327084,35.435282]]]},"properties":{"code":"31202007004","name":"角盤町四丁目","kihon1":"0070"}},
{"type":"Feature","geometry":{"type":"Polygon","coordinates":[[[133.333903,35.433184],[133.334656,35.433903],[133.336161,35.435162],[133.335407,35.435884],[133.334226,35.437068],[133.331768,35.434923],[133.333903,35.433184]]]},"properties":{"code":"31202008001","name":"錦町一丁目","kihon1":"0080"}},
{"type":"Feature","geometry":{"type":"Polygon","coordinates":[[[133.334226,35.437068],[133.332188,35.439251],[133.331587,35.43885],[133.33115,35.438658],[133.329523,35.437322],[133.329324,35.436888],[133.331768,35.434923],[133.334226,35.437068]]]},"properties":{"code":"31202008002","name":"錦町二丁目","kihon1":"0080"}},
{"type":"Feature","geometry":{"type":"Polygon","coordinates":[[[133.331587,35.43885],[133.331087,35.439136],[133.329963,35.439061],[133.329497,35.438869],[133.328751,35.439466],[133.328883,35.4399],[133.327708,35.440803],[133.326858,35.441216],[133.326311,35.439936],[133.326105,35.439463],[133.329177,35.437011],[133.329324,35.436888],[133.329523,35.437322],[133.33115,35.438658],[133.331587,35.43885]]]},"properties":{"code":"31202008003","name":"錦町三丁目","kihon1":"0080"}},
{"type":"Feature","geometry":{"type":"Polygon","coordinates":[[[133.332139,35.431671],[133.331664,35.432067],[133.331801,35.433004],[133.331307,35.433063],[133.330874,35.433841],[133.330674,35.433825],[133.330409,35.43347],[133.330037,35.431815],[133.330741,35.431691],[133.331136,35.431387],[133.331745,35.431326],[133.332139,35.431671]]]},"properties":{"code":"312020090","name":"朝日町","kihon1":"0090"}},
{"type":"Feature","geometry":{"type":"Polygon","coordinates":[[[133.335608,35.425996],[133.335845,35.426947],[133.336161,35.427563],[133.33549,35.428067],[133.335112,35.427733],[133.335344,35.427385],[133.334804,35.426914],[133.334248,35.426997],[133.333838,35.42665],[133.334451,35.426151],[133.334751,35.426109],[133.335608,35.425996]]]},"properties":{"code":"31202010001","name":"道笑町一丁目","kihon1":"0100"}},
{"type":"Feature","geometry":{"type":"Polygon","coordinates":[[[133.339375,35.426817],[133.337156,35.427392],[133.336161,35.427563],[133.335845,35.426947],[133.335608,35.425996],[133.336357,35.425919],[133.336131,35.425174],[133.336693,35.424886],[133.337235,35.424995],[133.338483,35.425824],[133.339018,35.426382],[133.339288,35.426704],[133.339375,35.426817]]]},"properties":{"code":"31202010002","name":"道笑町二丁目","kihon1":"0100"}},
{"type":"Feature","geometry":{"type":"Polygon","coordinates":[[[133.343741,35.423652],[133.343924,35.424989],[133.341702,35.425639],[133.341705,35.42615],[133.339288,35.426704],[133.339018,35.426382],[133.338879,35.425492],[133.339075,35.42536],[133.338517,35.424633],[133.338398,35.42408],[133.340414,35.423906],[133.34058,35.424309],[133.342578,35.423767],[133.343741,35.423652]]]},"properties":{"code":"31202010003","name":"道笑町三丁目","kihon1":"0100"}},
{"type":"Feature","geometry":{"type":"Polygon","coordinates":[[[133.348628,35.425076],[133.348465,35.425354],[133.347424,35.425246],[133.34632,35.425326],[133.344216,35.425997],[133.343924,35.424989],[133.343741,35.423652],[133.343586,35.422785],[133.344276,35.42278],[133.344743,35.423014],[133.345047,35.42344],[133.345563,35.423114],[133.346731,35.422862],[133.346695,35.42252],[133.347423,35.422405],[133.347985,35.421803],[133.348508,35.421804],[133.348316,35.422415],[133.348628,35.425076]]]},"properties":{"code":"31202010004","name":"道笑町四丁目","kihon1":"0100"}},
{"type":"Feature","geometry":{"type":"Polygon","coordinates":[[[133.353491,35.426177],[133.352402,35.427312],[133.352058,35.428048],[133.351504,35.428152],[133.351275,35.427149],[133.350049,35.427012],[133.349764,35.425082],[133.348628,35.425076],[133.348316,35.422415],[133.348508,35.421804],[133.347985,35.421803],[133.347423,35.422405],[133.346695,35.42252],[133.346532,35.422342],[133.346593,35.421282],[133.346446,35.420665],[133.347133,35.419996],[133.347388,35.419187],[133.347404,35.41828],[133.347203,35.417356],[133.347613,35.416631],[133.347879,35.415781],[133.348576,35.41579],[133.349875,35.416027],[133.350791,35.416715],[133.352471,35.417153],[133.352022,35.417976],[133.352378,35.418076],[133.353589,35.417922],[133.353543,35.416997],[133.35459,35.416451],[133.35547,35.415126],[133.356322,35.414858],[133.356867,35.414347],[133.357411,35.414544],[133.357918,35.415025],[133.358483,35.414901],[133.359194,35.415276],[133.359846,35.415267],[133.360558,35.415465],[133.360729,35.416195],[133.360705,35.416508],[133.361067,35.417061],[133.360459,35.417656],[133.360626,35.418124],[133.358267,35.417806],[133.357734,35.418178],[133.357586,35.418729],[133.356843,35.419467],[133.356434,35.42007],[133.356298,35.420805],[133.355774,35.421552],[133.355829,35.422371],[133.355126,35.422701],[133.354862,35.423594],[133.354471,35.423768],[133.354024,35.424512],[133.353375,35.42491],[133.353524,35.425492],[133.353491,35.426177]]]},"properties":{"code":"312020110","name":"長砂町","kihon1":"0110"}},
{"type":"Feature","geometry":{"type":"Polygon","coordinates":[[[133.345161,35.428247],[133.344359,35.428434],[133.341027,35.428703],[133.340139,35.427854],[133.339375,35.426817],[133.339288,35.426704],[133.341705,35.42615],[133.341702,35.425639],[133.343924,35.424989],[133.344216,35.425997],[133.345161,35.428247]]]},"properties":{"code":"312020120","name":"昭和町","kihon1":"0120"}},
{"type":"Feature","geometry":{"type":"Polygon","coordinates":[[[133.336693,35.424886],[133.336131,35.425174],[133.336357,35.425919],[133.335608,35.425996],[133.334751,35.426109],[133.334595,35.425255],[133.333924,35.425607],[133.333558,35.4253],[133.335063,35.424535],[133.335321,35.424868],[133.336226,35.424401],[133.336693,35.424886]]]},"properties":{"code":"312020130","name":"万能町","kihon1":"0130"}},
{"type":"Feature","geometry":{"type":"Polygon","coordinates":[[[133.333558,35.4253],[133.333924,35.425607],[133.334595,35.425255],[133.334751,35.426109],[133.334451,35.426151],[133.333838,35.42665],[133.332711,35.425842],[133.333558,35.4253]]]},"properties":{"code":"312020140","name":"日野町","kihon1":"0140"}},
{"type":"Feature","geometry":{"type":"Polygon","coordinates":[[[133.335579,35.429105],[133.335307,35.429182],[133.334869,35.4295],[133.334664,35.428692],[133.334328,35.42849],[133.333479,35.427592],[133.334248,35.426997],[133.334804,35.426914],[133.335344,35.427385],[133.335112,35.427733],[133.33549,35.428067],[133.335579,35.429105]]]},"properties":{"code":"312020150","name":"法勝寺町","kihon1":"0150"}},
{"type":"Feature","geometry":{"type":"Polygon","coordinates":[[[133.333479,35.427592],[133.334328,35.42849],[133.334664,35.428692],[133.334869,35.4295],[133.333723,35.430377],[133.332967,35.429215],[133.332389,35.428481],[133.332722,35.428213],[133.333479,35.427592]]]},"properties":{"code":"312020160","name":"紺屋町","kihon1":"0160"}},
{"type":"Feature","geometry":{"type":"Polygon","coordinates":[[[133.333723,35.430377],[133.333205,35.430797],[133.332446,35.430312],[133.331288,35.429254],[133.332389,35.428481],[133.332967,35.429215],[133.333723,35.430377]]]},"properties":{"code":"312020170","name":"四日市町","kihon1":"0170"}},
{"type":"Feature","geometry":{"type":"Polygon","coordinates":[[[133.334248,35.426997],[133.333479,35.427592],[133.332722,35.428213],[133.332081,35.427652],[133.331512,35.426964],[133.331299,35.427118],[133.330094,35.426024],[133.329817,35.425454],[133.329487,35.424315],[133.328968,35.423196],[133.329832,35.422814],[133.330547,35.423634],[133.331389,35.424567],[133.332711,35.425842],[133.333838,35.42665],[133.334248,35.426997]]]},"properties":{"code":"312020180","name":"東町","kihon1":"0180"}},
{"type":"Feature","geometry":{"type":"Polygon","coordinates":[[[133.338398,35.42408],[133.338517,35.424633],[133.339075,35.42536],[133.338879,35.425492],[133.339018,35.426382],[133.338483,35.425824],[133.337235,35.424995],[133.336693,35.424886],[133.336226,35.424401],[133.335315,35.423194],[133.333931,35.421417],[133.33411,35.420952],[133.334685,35.420564],[133.335238,35.420208],[133.33651,35.420155],[133.337335,35.421172],[133.337799,35.422266],[133.337544,35.42234],[133.33816,35.424085],[133.338398,35.42408]]]},"properties":{"code":"312020190","name":"弥生町","kihon1":"0190"}},
{"type":"Feature","geometry":{"type":"Polygon","coordinates":[[[133.351504,35.428152],[133.35082,35.428141],[133.349435,35.428987],[133.349116,35.429004],[133.348486,35.428539],[133.347269,35.428541],[133.346404,35.428415],[133.3452,35.428544],[133.345161,35.428247],[133.344216,35.425997],[133.34632,35.425326],[133.347424,35.425246],[133.348465,35.425354],[133.348628,35.425076],[133.349764,35.425082],[133.350049,35.427012],[133.351275,35.427149],[133.351504,35.428152]]]},"properties":{"code":"312020200","name":"陽田町","kihon1":"0200"}},
{"type":"Feature","geometry":{"type":"Polygon","coordinates":[[[133.332081,35.427652],[133.328452,35.430227],[133.327915,35.429529],[133.328307,35.429228],[133.327988,35.428942],[133.328515,35.428438],[133.32954,35.427733],[133.329851,35.428121],[133.331299,35.427118],[133.331512,35.426964],[133.332081,35.427652]]]},"properties":{"code":"31202021001","name":"加茂町一丁目","kihon1":"0210"}},
{"type":"Feature","geometry":{"type":"Polygon","coordinates":[[[133.327988,35.428942],[133.327074,35.428269],[133.327233,35.427941],[133.328311,35.427308],[133.330094,35.426024],[133.331299,35.427118],[133.329851,35.428121],[133.32954,35.427733],[133.328515,35.428438],[133.327988,35.428942]]]},"properties":{"code":"31202021002","name":"加茂町二丁目","kihon1":"0210"}},
{"type":"Feature","geometry":{"type":"Polygon","coordinates":[[[133.332528,35.424337],[133.333558,35.4253],[133.332711,35.425842],[133.331389,35.424567],[133.332244,35.424076],[133.332528,35.424337]]]},"properties":{"code":"312020220","name":"茶町","kihon1":"0220"}},
{"type":"Feature","geometry":{"type":"Polygon","coordinates":[[[133.332005,35.423462],[133.332244,35.424076],[133.331389,35.424567],[133.330547,35.423634],[133.331512,35.422988],[133.332005,35.423462]]]},"properties":{"code":"312020230","name":"塩町","kihon1":"0230"}},
{"type":"Feature","geometry":{"type":"Polygon","coordinates":[[[133.335315,35.423194],[133.33441,35.423672],[133.334177,35.423378],[133.332528,35.424337],[133.332244,35.424076],[133.332005,35.423462],[133.332211,35.423326],[133.331114,35.421855],[133.331899,35.421185],[133.333211,35.42019],[133.334043,35.419797],[133.334685,35.420564],[133.33411,35.420952],[133.333931,35.421417],[133.335315,35.423194]]]},"properties":{"code":"312020240","name":"末広町","kihon1":"0240"}},
{"type":"Feature","geometry":{"type":"Polygon","coordinates":[[[133.332005,35.423462],[133.331512,35.422988],[133.330547,35.423634],[133.329832,35.422814],[133.331114,35.421855],[133.332211,35.423326],[133.332005,35.423462]]]},"properties":{"code":"312020250","name":"大工町","kihon1":"0250"}},
{"type":"Feature","geometry":{"type":"Polygon","coordinates":[[[133.331114,35.421855],[133.329832,35.422814],[133.329066,35.422129],[133.329384,35.421664],[133.327713,35.42125],[133.326898,35.419432],[133.327628,35.41887],[133.327821,35.418491],[133.328344,35.418372],[133.329373,35.417829],[133.330311,35.418263],[133.330566,35.419106],[133.330226,35.419912],[133.331809,35.420224],[133.331452,35.420979],[133.331899,35.421185],[133.331114,35.421855]]]},"properties":{"code":"312020260","name":"愛宕町","kihon1":"0260"}},
{"type":"Feature","geometry":{"type":"Polygon","coordinates":[[[133.329832,35.422814],[133.328968,35.423196],[133.328078,35.423377],[133.326589,35.422963],[133.325289,35.422296],[133.325261,35.422102],[133.326361,35.42193],[133.327713,35.42125],[133.329384,35.421664],[133.329066,35.422129],[133.329832,35.422814]]]},"properties":{"code":"31202027001","name":"祇園町一丁目","kihon1":"0270"}},
{"type":"Feature","geometry":{"type":"Polygon","coordinates":[[[133.327713,35.42125],[133.326361,35.42193],[133.325261,35.422102],[133.324172,35.421635],[133.322853,35.421321],[133.322338,35.420775],[133.322868,35.419354],[133.322709,35.419053],[133.322693,35.418982],[133.322743,35.416962],[133.322268,35.416065],[133.321677,35.414926],[133.321906,35.414846],[133.322559,35.415246],[133.322986,35.41524],[133.323264,35.414558],[133.323667,35.414496],[133.324293,35.41473],[133.324769,35.414035],[133.326775,35.416889],[133.326796,35.417706],[133.327821,35.418491],[133.327628,35.41887],[133.326898,35.419432],[133.327713,35.42125]]]},"properties":{"code":"31202027002","name":"祇園町二丁目","kihon1":"0270"}},
{"type":"Feature","geometry":{"type":"Polygon","coordinates":[[[133.337536,35.408968],[133.337245,35.409643],[133.336527,35.409955],[133.33563,35.411058],[133.335423,35.412162],[133.335101,35.412495],[133.334626,35.412567],[133.333985,35.413133],[133.333345,35.414341],[133.332644,35.415054],[133.329031,35.416358],[133.328672,35.416317],[133.327203,35.416847],[133.326775,35.416889],[133.324769,35.414035],[133.324293,35.41473],[133.323667,35.414496],[133.323264,35.414558],[133.322986,35.41524],[133.322559,35.415246],[133.321906,35.414846],[133.321677,35.414926],[133.320866,35.413514],[133.321424,35.413362],[133.321048,35.412638],[133.31986,35.412991],[133.319157,35.412478],[133.32003,35.411407],[133.319762,35.411098],[133.320485,35.410427],[133.320162,35.410334],[133.320556,35.40849],[133.321169,35.407568],[133.320814,35.406658],[133.321343,35.405731],[133.320401,35.404192],[133.320596,35.403389],[133.321418,35.402968],[133.321478,35.402119],[133.321276,35.401432],[133.321664,35.400303],[133.32328,35.400192],[133.323902,35.399796],[133.323942,35.39939],[133.324521,35.398693],[133.32528,35.398172],[133.326265,35.398229],[133.326906,35.398928],[133.327324,35.399071],[133.328423,35.398835],[133.329299,35.399594],[133.330002,35.399471],[133.330985,35.398623],[133.332124,35.399116],[133.333251,35.399996],[133.333916,35.400837],[133.335127,35.401272],[133.334361,35.402177],[133.334309,35.402724],[133.335236,35.40358],[133.336067,35.403723],[133.336223,35.404672],[133.33658,35.405291],[133.337109,35.406654],[133.33769,35.407545],[133.33777,35.407977],[133.337536,35.408968]]]},"properties":{"code":"312020280","name":"陰田町","kihon1":"0280"}},
{"type":"Feature","geometry":{"type":"Polygon","coordinates":[[[133.334685,35.420564],[133.334043,35.419797],[133.333211,35.42019],[133.331899,35.421185],[133.331452,35.420979],[133.331809,35.420224],[133.330226,35.419912],[133.330566,35.419106],[133.330311,35.418263],[133.329373,35.417829],[133.328344,35.418372],[133.327821,35.418491],[133.326796,35.417706],[133.326775,35.416889],[133.327203,35.416847],[133.328672,35.416317],[133.329031,35.416358],[133.332644,35.415054],[133.333345,35.414341],[133.333985,35.413133],[133.334626,35.412567],[133.335101,35.412495],[133.335423,35.412162],[133.33563,35.411058],[133.336527,35.409955],[133.337245,35.409643],[133.337536,35.408968],[133.33909,35.40996],[133.33928,35.411243],[133.340359,35.41282],[133.340643,35.413816],[133.340479,35.415046],[133.339197,35.415761],[133.33853,35.415773],[133.336015,35.416608],[133.336459,35.417098],[133.336542,35.417586],[133.335987,35.41804],[133.335958,35.419893],[133.335238,35.420208],[133.334685,35.420564]]]},"properties":{"code":"312020290","name":"大谷町","kihon1":"0290"}},
{"type":"Feature","geometry":{"type":"Polygon","coordinates":[[[133.343741,35.423652],[133.342578,35.423767],[133.34058,35.424309],[133.340414,35.423906],[133.338398,35.42408],[133.33816,35.424085],[133.337544,35.42234],[133.337799,35.422266],[133.337335,35.421172],[133.33651,35.420155],[133.335238,35.420208],[133.335958,35.419893],[133.335987,35.41804],[133.336542,35.417586],[133.336459,35.417098],[133.336015,35.416608],[133.33853,35.415773],[133.339197,35.415761],[133.340479,35.415046],[133.340643,35.413816],[133.340359,35.41282],[133.342214,35.41343],[133.343627,35.414199],[133.34323,35.415091],[133.342641,35.41602],[133.342964,35.416378],[133.342424,35.417312],[133.342105,35.41758],[133.341142,35.417345],[133.340845,35.417637],[133.341517,35.418514],[133.34091,35.419337],[133.341375,35.42003],[133.341755,35.420157],[133.34156,35.420716],[133.341753,35.42136],[133.34339,35.422335],[133.343586,35.422785],[133.343741,35.423652]]]},"properties":{"code":"312020300","name":"目久美町","kihon1":"0300"}},
{"type":"Feature","geometry":{"type":"Polygon","coordinates":[[[133.330173,35.429939],[133.331745,35.431326],[133.331136,35.431387],[133.330741,35.431691],[133.330037,35.431815],[133.329009,35.430668],[133.330173,35.429939]]]},"properties":{"code":"312020310","name":"西倉吉町","kihon1":"0310"}},
{"type":"Feature","geometry":{"type":"Polygon","coordinates":[[[133.332081,35.427652],[133.332722,35.428213],[133.332389,35.428481],[133.331288,35.429254],[133.330173,35.429939],[133.329009,35.430668],[133.328223,35.431124],[133.32795,35.430578],[133.328452,35.430227],[133.332081,35.427652]]]},"properties":{"code":"312020320","name":"中町","kihon1":"0320"}},
{"type":"Feature","geometry":{"type":"Polygon","coordinates":[[[133.336226,35.424401],[133.335321,35.424868],[133.335063,35.424535],[133.333558,35.4253],[133.332528,35.424337],[133.334177,35.423378],[133.33441,35.423672],[133.335315,35.423194],[133.336226,35.424401]]]},"properties":{"code":"312020330","name":"明治町","kihon1":"0330"}},
{"type":"Feature","geometry":{"type":"Polygon","coordinates":[[[133.333205,35.430797],[133.332224,35.431591],[133.332139,35.431671],[133.331745,35.431326],[133.330173,35.429939],[133.331288,35.429254],[133.332446,35.430312],[133.333205,35.430797]]]},"properties":{"code":"312020340","name":"東倉吉町","kihon1":"0340"}},
{"type":"Feature","geometry":{"type":"Polygon","coordinates":[[[133.327233,35.427941],[133.326735,35.427457],[133.325989,35.427946],[133.324852,35.428077],[133.324723,35.428617],[133.323435,35.428488],[133.321924,35.428594],[133.320708,35.428758],[133.319995,35.425553],[133.321274,35.425266],[133.321845,35.424681],[133.321562,35.423507],[133.322949,35.422896],[133.324868,35.422545],[133.325289,35.422296],[133.326589,35.422963],[133.328078,35.423377],[133.328968,35.423196],[133.329487,35.424315],[133.329817,35.425454],[133.330094,35.426024],[133.328311,35.427308],[133.327233,35.427941]]]},"properties":{"code":"312020350","name":"久米町","kihon1":"0350"}},
{"type":"Feature","geometry":{"type":"Polygon","coordinates":[[[133.322268,35.416065],[133.322743,35.416962],[133.322693,35.418982],[133.321515,35.419004],[133.32097,35.418797],[133.319813,35.416979],[133.322268,35.416065]]]},"properties":{"code":"31202036101","name":"錦海町一丁目","kihon1":"0361"}},
{"type":"Feature","geometry":{"type":"Polygon","coordinates":[[[133.318564,35.415039],[133.319139,35.414379],[133.320777,35.413404],[133.320866,35.413514],[133.321677,35.414926],[133.322268,35.416065],[133.319813,35.416979],[133.318564,35.415039]]]},"properties":{"code":"31202036102","name":"錦海町二丁目","kihon1":"0361"}},
{"type":"Feature","geometry":{"type":"Polygon","coordinates":[[[133.322709,35.419053],[133.322018,35.420858],[133.321699,35.421033],[133.320895,35.420846],[133.320589,35.420616],[133.317606,35.416951],[133.31752,35.416415],[133.317785,35.415944],[133.318564,35.415039],[133.319813,35.416979],[133.32097,35.418797],[133.321515,35.419004],[133.322693,35.418982],[133.322709,35.419053]]]},"properties":{"code":"31202036103","name":"錦海町三丁目","kihon1":"0361"}},
{"type":"Feature","geometry":{"type":"Polygon","coordinates":[[[133.330619,35.434013],[133.33045,35.4338],[133.329637,35.434128],[133.329515,35.433723],[133.328403,35.4334],[133.328993,35.432928],[133.327971,35.431462],[133.328223,35.431124],[133.329009,35.430668],[133.330037,35.431815],[133.330409,35.43347],[133.330674,35.433825],[133.330619,35.434013]]]},"properties":{"code":"312020370","name":"尾高町","kihon1":"0370"}},
{"type":"Feature","geometry":{"type":"Polygon","coordinates":[[[133.327971,35.431462],[133.328993,35.432928],[133.328403,35.4334],[133.328056,35.433478],[133.327615,35.433585],[133.326928,35.432739],[133.326276,35.432522],[133.326544,35.432338],[133.327971,35.431462]]]},"properties":{"code":"312020380","name":"岩倉町","kihon1":"0380"}},
{"type":"Feature","geometry":{"type":"Polygon","coordinates":[[[133.326789,35.435532],[133.325749,35.435445],[133.325156,35.435193],[133.325077,35.434626],[133.32596,35.434471],[133.326165,35.433983],[133.327716,35.43384],[133.328056,35.433478],[133.328403,35.4334],[133.329515,35.433723],[133.329637,35.434128],[133.329887,35.434899],[133.329702,35.435049],[133.328316,35.435075],[133.327957,35.434936],[133.327084,35.435282],[133.326789,35.435532]]]},"properties":{"code":"312020390","name":"寺町","kihon1":"0390"}},
{"type":"Feature","geometry":{"type":"Polygon","coordinates":[[[133.327971,35.431462],[133.326544,35.432338],[133.326252,35.431754],[133.326807,35.431428],[133.326562,35.43108],[133.32795,35.430578],[133.328223,35.431124],[133.327971,35.431462]]]},"properties":{"code":"31202040001","name":"天神町一丁目","kihon1":"0400"}},
{"type":"Feature","geometry":{"type":"Polygon","coordinates":[[[133.326252,35.431754],[133.326544,35.432338],[133.326276,35.432522],[133.326022,35.432693],[133.325033,35.432969],[133.324995,35.432183],[133.325434,35.432066],[133.326252,35.431754]]]},"properties":{"code":"31202040002","name":"天神町二丁目","kihon1":"0400"}},
{"type":"Feature","geometry":{"type":"Polygon","coordinates":[[[133.325434,35.432066],[133.324995,35.432183],[133.325033,35.432969],[133.324788,35.433004],[133.323681,35.43302],[133.322428,35.432701],[133.321969,35.432223],[133.3224,35.430867],[133.323506,35.430825],[133.32379,35.430482],[133.3243,35.430391],[133.325216,35.430999],[133.325434,35.432066]]]},"properties":{"code":"312020410","name":"内町","kihon1":"0410"}},
{"type":"Feature","geometry":{"type":"Polygon","coordinates":[[[133.328056,35.433478],[133.327716,35.43384],[133.326165,35.433983],[133.326271,35.433739],[133.326022,35.432693],[133.326276,35.432522],[133.326928,35.432739],[133.327615,35.433585],[133.328056,35.433478]]]},"properties":{"code":"31202042001","name":"立町一丁目","kihon1":"0420"}},
{"type":"Feature","geometry":{"type":"Polygon","coordinates":[[[133.326022,35.432693],[133.326271,35.433739],[133.326165,35.433983],[133.32596,35.434471],[133.325077,35.434626],[133.324958,35.433908],[133.324788,35.433004],[133.325033,35.432969],[133.326022,35.432693]]]},"properties":{"code":"31202042002","name":"立町二丁目","kihon1":"0420"}},
{"type":"Feature","geometry":{"type":"Polygon","coordinates":[[[133.326789,35.435532],[133.326908,35.435852],[133.326021,35.436495],[133.32563,35.43672],[133.324759,35.436751],[133.324599,35.435786],[133.3246,35.43522],[133.325156,35.435193],[133.325749,35.435445],[133.326789,35.435532]]]},"properties":{"code":"31202042003","name":"立町三丁目","kihon1":"0420"}},
{"type":"Feature","geometry":{"type":"Polygon","coordinates":[[[133.326021,35.436495],[133.326138,35.437303],[133.325663,35.437672],[133.325867,35.438534],[133.325381,35.438911],[133.32344,35.437821],[133.323688,35.437438],[133.324301,35.437377],[133.32471,35.436753],[133.324759,35.436751],[133.32563,35.43672],[133.326021,35.436495]]]},"properties":{"code":"31202042004","name":"立町四丁目","kihon1":"0420"}},
{"type":"Feature","geometry":{"type":"Polygon","coordinates":[[[133.324958,35.433908],[133.324184,35.433937],[133.323211,35.433706],[133.322084,35.433555],[133.32143,35.433303],[133.321347,35.432575],[133.322428,35.432701],[133.323681,35.43302],[133.324788,35.433004],[133.324958,35.433908]]]},"properties":{"code":"31202043001","name":"灘町一丁目","kihon1":"0430"}},
{"type":"Feature","geometry":{"type":"Polygon","coordinates":[[[133.324958,35.433908],[133.325077,35.434626],[133.325156,35.435193],[133.3246,35.43522],[133.324599,35.435786],[133.321033,35.434107],[133.320992,35.433626],[133.32143,35.433303],[133.322084,35.433555],[133.323211,35.433706],[133.324184,35.433937],[133.324958,35.433908]]]},"properties":{"code":"31202043002","name":"灘町二丁目","kihon1":"0430"}},
{"type":"Feature","geometry":{"type":"Polygon","coordinates":[[[133.320992,35.433626],[133.321033,35.434107],[133.324599,35.435786],[133.324759,35.436751],[133.32471,35.436753],[133.324151,35.436746],[133.321414,35.435433],[133.319641,35.434627],[133.318982,35.434884],[133.319007,35.435182],[133.318227,35.434264],[133.317597,35.434446],[133.317105,35.433697],[133.31804,35.433259],[133.318653,35.433941],[133.320992,35.433626]]]},"properties":{"code":"31202043003","name":"灘町三丁目","kihon1":"0430"}},
{"type":"Feature","geometry":{"type":"Polygon","coordinates":[[[133.32344,35.437821],[133.322357,35.437261],[133.320712,35.436361],[133.319007,35.435182],[133.318982,35.434884],[133.319641,35.434627],[133.321414,35.435433],[133.324151,35.436746],[133.32471,35.436753],[133.324301,35.437377],[133.323688,35.437438],[133.32344,35.437821]]]},"properties":{"code":"312020440","name":"花園町","kihon1":"0440"}},
{"type":"Feature","geometry":{"type":"Polygon","coordinates":[[[133.32795,35.430578],[133.326562,35.43108],[133.326807,35.431428],[133.326252,35.431754],[133.325434,35.432066],[133.325216,35.430999],[133.3243,35.430391],[133.32379,35.430482],[133.323506,35.430825],[133.3224,35.430867],[133.321155,35.430617],[133.320708,35.428758],[133.321924,35.428594],[133.323435,35.428488],[133.324723,35.428617],[133.324852,35.428077],[133.325989,35.427946],[133.326735,35.427457],[133.327233,35.427941],[133.327074,35.428269],[133.327988,35.428942],[133.328307,35.429228],[133.327915,35.429529],[133.328452,35.430227],[133.32795,35.430578]]]},"properties":{"code":"312020450","name":"西町","kihon1":"0450"}},
{"type":"Feature","geometry":{"type":"Polygon","coordinates":[[[133.322438,35.439431],[133.32213,35.440285],[133.322228,35.440739],[133.321734,35.441494],[133.320834,35.441248],[133.320794,35.440615],[133.320402,35.440373],[133.320658,35.439956],[133.320812,35.439035],[133.321359,35.439187],[133.322438,35.439431]]]},"properties":{"code":"312020460","name":"三旗町","kihon1":"0460"}},
{"type":"Feature","geometry":{"type":"Polygon","coordinates":[[[133.326311,35.439936],[133.325602,35.440251],[133.325052,35.440249],[133.324141,35.440026],[133.323302,35.439475],[133.322438,35.439431],[133.321359,35.439187],[133.321544,35.438496],[133.322357,35.437261],[133.32344,35.437821],[133.325381,35.438911],[133.326105,35.439463],[133.326311,35.439936]]]},"properties":{"code":"312020470","name":"義方町","kihon1":"0470"}},
{"type":"Feature","geometry":{"type":"Polygon","coordinates":[[[133.313057,35.43649],[133.312659,35.436446],[133.311271,35.436597],[133.308368,35.436743],[133.308218,35.436662],[133.307482,35.434872],[133.311484,35.433744],[133.311408,35.433562],[133.312833,35.433161],[133.316643,35.431375],[133.31804,35.433259],[133.317105,35.433697],[133.317597,35.434446],[133.315124,35.436065],[133.313531,35.436446],[133.313057,35.43649]]]},"properties":{"code":"31202048100","name":"旗ヶ崎","kihon1":"0481"}},
{"type":"Feature","geometry":{"type":"Polygon","coordinates":[[[133.303559,35.436011],[133.307191,35.434955],[133.307985,35.436838],[133.307896,35.437032],[133.306295,35.437599],[133.305258,35.43827],[133.305158,35.438317],[133.303559,35.436011]]]},"properties":{"code":"31202048100","name":"旗ヶ崎","kihon1":"0481"}},
{"type":"Feature","geometry":{"type":"Polygon","coordinates":[[[133.320834,35.441248],[133.319562,35.441389],[133.318424,35.441331],[133.318239,35.440875],[133.317835,35.440801],[133.316539,35.438575],[133.320712,35.436361],[133.322357,35.437261],[133.321544,35.438496],[133.321359,35.439187],[133.320812,35.439035],[133.320658,35.439956],[133.320402,35.440373],[133.320794,35.440615],[133.320834,35.441248]]]},"properties":{"code":"31202048101","name":"旗ヶ崎一丁目","kihon1":"0481"}},
{"type":"Feature","geometry":{"type":"Polygon","coordinates":[[[133.319007,35.435182],[133.320712,35.436361],[133.316539,35.438575],[133.314954,35.439414],[133.314773,35.439512],[133.313361,35.436972],[133.313531,35.436446],[133.315124,35.436065],[133.317597,35.434446],[133.318227,35.434264],[133.319007,35.435182]]]},"properties":{"code":"31202048102","name":"旗ヶ崎二丁目","kihon1":"0481"}},
{"type":"Feature","geometry":{"type":"Polygon","coordinates":[[[133.316539,35.438575],[133.317835,35.440801],[133.318239,35.440875],[133.318424,35.441331],[133.31862,35.44224],[133.318479,35.443647],[133.318169,35.444059],[133.317735,35.443617],[133.316489,35.442626],[133.315909,35.441663],[133.315604,35.4405],[133.314954,35.439414],[133.316539,35.438575]]]},"properties":{"code":"31202048103","name":"旗ヶ崎三丁目","kihon1":"0481"}},
{"type":"Feature","geometry":{"type":"Polygon","coordinates":[[[133.314954,35.439414],[133.315604,35.4405],[133.315909,35.441663],[133.316489,35.442626],[133.315531,35.444158],[133.31484,35.444501],[133.314015,35.443193],[133.313135,35.441968],[133.311491,35.440673],[133.313288,35.440239],[133.314773,35.439512],[133.314954,35.439414]]]},"properties":{"code":"31202048104","name":"旗ヶ崎四丁目","kihon1":"0481"}},
{"type":"Feature","geometry":{"type":"Polygon","coordinates":[[[133.311491,35.440673],[133.313135,35.441968],[133.314015,35.443193],[133.31484,35.444501],[133.313407,35.445178],[133.312605,35.445731],[133.312362,35.445442],[133.31182,35.44478],[133.310897,35.443293],[133.310731,35.44281],[133.310494,35.440893],[133.311491,35.440673]]]},"properties":{"code":"31202048105","name":"旗ヶ崎五丁目","kihon1":"0481"}},
{"type":"Feature","geometry":{"type":"Polygon","coordinates":[[[133.313531,35.436446],[133.313361,35.436972],[133.314773,35.439512],[133.313288,35.440239],[133.311491,35.440673],[133.310494,35.440893],[133.310491,35.440873],[133.310021,35.439363],[133.310589,35.439048],[133.309492,35.436892],[133.311237,35.436786],[133.312782,35.436623],[133.313057,35.43649],[133.313531,35.436446]]]},"properties":{"code":"31202048106","name":"旗ヶ崎六丁目","kihon1":"0481"}},
{"type":"Feature","geometry":{"type":"Polygon","coordinates":[[[133.309492,35.436892],[133.310589,35.439048],[133.310021,35.439363],[133.310491,35.440873],[133.306565,35.441771],[133.305705,35.439103],[133.305158,35.438317],[133.305258,35.43827],[133.30646,35.437729],[133.308022,35.437183],[133.309492,35.436892]]]},"properties":{"code":"31202048107","name":"旗ヶ崎七丁目","kihon1":"0481"}},
{"type":"Feature","geometry":{"type":"Polygon","coordinates":[[[133.310731,35.44281],[133.310146,35.442906],[133.309927,35.443195],[133.308861,35.443676],[133.307913,35.443658],[133.30804,35.444485],[133.307487,35.444733],[133.306565,35.441771],[133.310491,35.440873],[133.310494,35.440893],[133.310731,35.44281]]]},"properties":{"code":"31202048108","name":"旗ヶ崎八丁目","kihon1":"0481"}},
{"type":"Feature","geometry":{"type":"Polygon","coordinates":[[[133.312362,35.445442],[133.310259,35.446792],[133.308522,35.447461],[133.308283,35.446677],[133.308529,35.446581],[133.307487,35.444733],[133.30804,35.444485],[133.307913,35.443658],[133.308861,35.443676],[133.309927,35.443195],[133.310146,35.442906],[133.310731,35.44281],[133.310897,35.443293],[133.31182,35.44478],[133.312362,35.445442]]]},"properties":{"code":"31202048109","name":"旗ヶ崎九丁目","kihon1":"0481"}},
{"type":"Feature","geometry":{"type":"Polygon","coordinates":[[[133.321734,35.441494],[133.321265,35.442114],[133.321784,35.442215],[133.319306,35.444954],[133.318169,35.444059],[133.318479,35.443647],[133.31862,35.44224],[133.318424,35.441331],[133.319562,35.441389],[133.320834,35.441248],[133.321734,35.441494]]]},"properties":{"code":"31202049001","name":"上後藤一丁目","kihon1":"0490"}},
{"type":"Feature","geometry":{"type":"Polygon","coordinates":[[[133.320431,35.446084],[133.320077,35.445882],[133.319306,35.444954],[133.321784,35.442215],[133.322127,35.442261],[133.322106,35.443996],[133.322,35.445636],[133.321277,35.445775],[133.3208,35.445614],[133.320431,35.446084]]]},"properties":{"code":"31202049002","name":"上後藤二丁目","kihon1":"0490"}},
{"type":"Feature","geometry":{"type":"Polygon","coordinates":[[[133.322106,35.447058],[133.317289,35.448936],[133.316292,35.447569],[133.317234,35.446818],[133.318727,35.445634],[133.319306,35.444954],[133.320077,35.445882],[133.320431,35.446084],[133.321168,35.44633],[133.321961,35.446748],[133.322106,35.447058]]]},"properties":{"code":"31202049003","name":"上後藤三丁目","kihon1":"0490"}},
{"type":"Feature","geometry":{"type":"Polygon","coordinates":[[[133.316489,35.442626],[133.317735,35.443617],[133.318169,35.444059],[133.319306,35.444954],[133.318727,35.445634],[133.317234,35.446818],[133.316958,35.446439],[133.315932,35.445682],[133.315155,35.444606],[133.31484,35.444501],[133.315531,35.444158],[133.316489,35.442626]]]},"properties":{"code":"31202049004","name":"上後藤四丁目","kihon1":"0490"}},
{"type":"Feature","geometry":{"type":"Polygon","coordinates":[[[133.31484,35.444501],[133.315155,35.444606],[133.315932,35.445682],[133.316958,35.446439],[133.317234,35.446818],[133.316292,35.447569],[133.315098,35.448487],[133.314143,35.447414],[133.312605,35.445731],[133.313407,35.445178],[133.31484,35.444501]]]},"properties":{"code":"31202049005","name":"上後藤五丁目","kihon1":"0490"}},
{"type":"Feature","geometry":{"type":"Polygon","coordinates":[[[133.312605,35.445731],[133.314143,35.447414],[133.31263,35.448193],[133.312529,35.448623],[133.311023,35.449382],[133.310346,35.448729],[133.309056,35.448254],[133.308522,35.447461],[133.310259,35.446792],[133.312362,35.445442],[133.312605,35.445731]]]},"properties":{"code":"31202049006","name":"上後藤六丁目","kihon1":"0490"}},
{"type":"Feature","geometry":{"type":"Polygon","coordinates":[[[133.314143,35.447414],[133.315098,35.448487],[133.312243,35.450762],[133.311695,35.450084],[133.311023,35.449382],[133.312529,35.448623],[133.31263,35.448193],[133.314143,35.447414]]]},"properties":{"code":"31202049007","name":"上後藤七丁目","kihon1":"0490"}},
{"type":"Feature","geometry":{"type":"Polygon","coordinates":[[[133.316292,35.447569],[133.317289,35.448936],[133.312059,35.450989],[133.312243,35.450762],[133.315098,35.448487],[133.316292,35.447569]]]},"properties":{"code":"31202049008","name":"上後藤八丁目","kihon1":"0490"}},
{"type":"Feature","geometry":{"type":"Polygon","coordinates":[[[133.311695,35.450084],[133.311347,35.450325],[133.311625,35.450881],[133.311109,35.451351],[133.309213,35.45208],[133.307715,35.452654],[133.306588,35.450942],[133.305142,35.451681],[133.304206,35.450521],[133.302408,35.448037],[133.302714,35.447534],[133.300722,35.445371],[133.300003,35.443698],[133.300907,35.443405],[133.300945,35.443016],[133.301594,35.443187],[133.302706,35.443189],[133.303328,35.443073],[133.305037,35.442087],[133.304635,35.441352],[133.303738,35.441446],[133.302389,35.441767],[133.301187,35.442313],[133.30057,35.439801],[133.299904,35.438438],[133.300293,35.438315],[133.300791,35.438542],[133.301561,35.437969],[133.302077,35.437739],[133.302895,35.436899],[133.303559,35.436011],[133.305158,35.438317],[133.305705,35.439103],[133.306565,35.441771],[133.307487,35.444733],[133.308529,35.446581],[133.308283,35.446677],[133.308522,35.447461],[133.309056,35.448254],[133.310346,35.448729],[133.311023,35.449382],[133.311695,35.450084]]]},"properties":{"code":"312020500","name":"安倍","kihon1":"0500"}},
{"type":"Feature","geometry":{"type":"Polygon","coordinates":[[[133.356339,35.430062],[133.35064,35.43104],[133.349064,35.431288],[133.34772,35.431389],[133.347746,35.430714],[133.34884,35.42907],[133.349116,35.429004],[133.349435,35.428987],[133.35082,35.428141],[133.351504,35.428152],[133.352058,35.428048],[133.352402,35.427312],[133.353491,35.426177],[133.354595,35.426614],[133.354683,35.426436],[133.355709,35.42609],[133.356177,35.426067],[133.356379,35.427617],[133.356196,35.42769],[133.356339,35.430062]]]},"properties":{"code":"31202051100","name":"車尾","kihon1":"0511"}},
{"type":"Feature","geometry":{"type":"Polygon","coordinates":[[[133.35064,35.43104],[133.349893,35.432225],[133.349181,35.432925],[133.348287,35.433781],[133.348225,35.433842],[133.347445,35.433606],[133.347506,35.432727],[133.347727,35.432088],[133.347581,35.431389],[133.34772,35.431389],[133.349064,35.431288],[133.35064,35.43104]]]},"properties":{"code":"31202051101","name":"車尾一丁目","kihon1":"0511"}},
{"type":"Feature","geometry":{"type":"Polygon","coordinates":[[[133.358581,35.432852],[133.35768,35.432888],[133.353685,35.432658],[133.35296,35.432674],[133.352318,35.432883],[133.351282,35.433453],[133.349181,35.432925],[133.349893,35.432225],[133.35064,35.43104],[133.356339,35.430062],[133.357887,35.429802],[133.357629,35.430932],[133.357879,35.43191],[133.358581,35.432852]]]},"properties":{"code":"31202051102","name":"車尾二丁目","kihon1":"0511"}},
{"type":"Feature","geometry":{"type":"Polygon","coordinates":[[[133.359347,35.434934],[133.358652,35.434915],[133.35718,35.434604],[133.355868,35.43548],[133.354831,35.434326],[133.354801,35.433895],[133.352123,35.433599],[133.351282,35.433453],[133.352318,35.432883],[133.35296,35.432674],[133.353685,35.432658],[133.35768,35.432888],[133.358581,35.432852],[133.359244,35.433829],[133.359347,35.434934]]]},"properties":{"code":"31202051103","name":"車尾三丁目","kihon1":"0511"}},
{"type":"Feature","geometry":{"type":"Polygon","coordinates":[[[133.361871,35.432004],[133.362672,35.43607],[133.362061,35.43681],[133.359886,35.435774],[133.359347,35.434934],[133.359244,35.433829],[133.358581,35.432852],[133.359315,35.432707],[133.361871,35.432004]]]},"properties":{"code":"31202051104","name":"車尾四丁目","kihon1":"0511"}},
{"type":"Feature","geometry":{"type":"Polygon","coordinates":[[[133.361871,35.432004],[133.359315,35.432707],[133.358581,35.432852],[133.357879,35.43191],[133.357629,35.430932],[133.357887,35.429802],[133.361158,35.429251],[133.36132,35.429224],[133.361961,35.431985],[133.361871,35.432004]]]},"properties":{"code":"31202051105","name":"車尾五丁目","kihon1":"0511"}},
{"type":"Feature","geometry":{"type":"Polygon","coordinates":[[[133.366129,35.428378],[133.366671,35.431266],[133.361961,35.431985],[133.36132,35.429224],[133.366129,35.428378]]]},"properties":{"code":"31202051106","name":"車尾六丁目","kihon1":"0511"}},
{"type":"Feature","geometry":{"type":"Polygon","coordinates":[[[133.367634,35.436051],[133.364469,35.43678],[133.364087,35.436051],[133.362672,35.43607],[133.361871,35.432004],[133.361961,35.431985],[133.366671,35.431266],[133.367316,35.434421],[133.367634,35.436051]]]},"properties":{"code":"31202051107","name":"車尾七丁目","kihon1":"0511"}},
{"type":"Feature","geometry":{"type":"Polygon","coordinates":[[[133.356177,35.426067],[133.355709,35.42609],[133.354683,35.426436],[133.354595,35.426614],[133.353491,35.426177],[133.353524,35.425492],[133.353375,35.42491],[133.354024,35.424512],[133.354471,35.423768],[133.354862,35.423594],[133.355126,35.422701],[133.355829,35.422371],[133.355774,35.421552],[133.356298,35.420805],[133.356434,35.42007],[133.356843,35.419467],[133.357586,35.418729],[133.357734,35.418178],[133.358267,35.417806],[133.360626,35.418124],[133.360459,35.417656],[133.361067,35.417061],[133.360705,35.416508],[133.360729,35.416195],[133.361612,35.415295],[133.362066,35.415181],[133.36342,35.416489],[133.363897,35.417353],[133.364154,35.418306],[133.364117,35.419065],[133.366644,35.419112],[133.366427,35.420602],[133.366317,35.423105],[133.363558,35.423297],[133.363503,35.421633],[133.362433,35.421951],[133.361769,35.42147],[133.360552,35.421394],[133.357492,35.421574],[133.356641,35.422294],[133.356174,35.422959],[133.356177,35.423569],[133.356102,35.424013],[133.355225,35.424288],[133.354934,35.42476],[133.354244,35.425385],[133.354173,35.425703],[133.356159,35.425904],[133.356177,35.426067]]]},"properties":{"code":"312020520","name":"観音寺","kihon1":"0520"}},
{"type":"Feature","geometry":{"type":"Polygon","coordinates":[[[133.348499,35.434986],[133.349258,35.43477],[133.35183,35.435376],[133.352325,35.435613],[133.353631,35.435924],[133.354257,35.436542],[133.350286,35.439169],[133.349248,35.43943],[133.34904,35.438216],[133.348499,35.434986]]]},"properties":{"code":"31202053101","name":"中島一丁目","kihon1":"0531"}},
{"type":"Feature","geometry":{"type":"Polygon","coordinates":[[[133.351282,35.433453],[133.352123,35.433599],[133.354801,35.433895],[133.354831,35.434326],[133.355868,35.43548],[133.354257,35.436542],[133.353631,35.435924],[133.352325,35.435613],[133.35183,35.435376],[133.349258,35.43477],[133.348499,35.434986],[133.348487,35.434908],[133.348287,35.433781],[133.349181,35.432925],[133.351282,35.433453]]]},"properties":{"code":"31202053102","name":"中島二丁目","kihon1":"0531"}},
{"type":"Feature","geometry":{"type":"Polygon","coordinates":[[[133.325816,35.44149],[133.324736,35.441728],[133.323461,35.441762],[133.32356,35.441212],[133.322228,35.440739],[133.32213,35.440285],[133.322438,35.439431],[133.323302,35.439475],[133.324141,35.440026],[133.325052,35.440249],[133.325602,35.440251],[133.326311,35.439936],[133.326858,35.441216],[133.325816,35.44149]]]},"properties":{"code":"31202054101","name":"三本松一丁目","kihon1":"0541"}},
{"type":"Feature","geometry":{"type":"Polygon","coordinates":[[[133.325772,35.442749],[133.323257,35.443253],[133.32272,35.443498],[133.322106,35.443996],[133.322127,35.442261],[133.321784,35.442215],[133.321265,35.442114],[133.321734,35.441494],[133.322228,35.440739],[133.32356,35.441212],[133.323461,35.441762],[133.324736,35.441728],[133.325816,35.44149],[133.325772,35.442749]]]},"properties":{"code":"31202054102","name":"三本松二丁目","kihon1":"0541"}},
{"type":"Feature","geometry":{"type":"Polygon","coordinates":[[[133.325828,35.44427],[133.323552,35.445159],[133.322,35.445636],[133.322106,35.443996],[133.32272,35.443498],[133.323257,35.443253],[133.325772,35.442749],[133.325828,35.44427]]]},"properties":{"code":"31202054103","name":"三本松三丁目","kihon1":"0541"}},
{"type":"Feature","geometry":{"type":"Polygon","coordinates":[[[133.32582,35.445595],[133.322106,35.447058],[133.321961,35.446748],[133.321168,35.44633],[133.320431,35.446084],[133.3208,35.445614],[133.321277,35.445775],[133.322,35.445636],[133.323552,35.445159],[133.325828,35.44427],[133.325819,35.444557],[133.32582,35.445595]]]},"properties":{"code":"31202054104","name":"三本松四丁目","kihon1":"0541"}},
{"type":"Feature","geometry":{"type":"Polygon","coordinates":[[[133.341253,35.462275],[133.339746,35.46259],[133.336496,35.463376],[133.336134,35.463044],[133.334961,35.463531],[133.334358,35.46446],[133.333964,35.464114],[133.333277,35.463895],[133.332648,35.463882],[133.331518,35.464121],[133.32959,35.464683],[133.327466,35.465059],[133.326212,35.46547],[133.325585,35.46553],[133.323118,35.466244],[133.322887,35.46619],[133.31944,35.467429],[133.318538,35.467943],[133.31784,35.468214],[133.316142,35.468661],[133.313002,35.462772],[133.311836,35.46091],[133.311219,35.460031],[133.310898,35.460101],[133.310486,35.459338],[133.311487,35.45851],[133.312679,35.457987],[133.313191,35.457482],[133.31326,35.457038],[133.313888,35.455979],[133.313014,35.455231],[133.312475,35.4553],[133.311505,35.454195],[133.309213,35.45208],[133.311109,35.451351],[133.311625,35.450881],[133.311347,35.450325],[133.311695,35.450084],[133.312243,35.450762],[133.312059,35.450989],[133.317289,35.448936],[133.322106,35.447058],[133.32582,35.445595],[133.325844,35.445582],[133.326643,35.447099],[133.328692,35.451105],[133.331032,35.45032],[133.33634,35.448507],[133.33665,35.4499],[133.336719,35.450616],[133.3368,35.450881],[133.336729,35.452097],[133.33647,35.453517],[133.336476,35.454016],[133.336189,35.455267],[133.335862,35.455992],[133.335983,35.456586],[133.336143,35.457059],[133.337564,35.459051],[133.33815,35.459971],[133.338514,35.460261],[133.340104,35.46096],[133.34114,35.462035],[133.341253,35.462275]]]},"properties":{"code":"312020542","name":"両三柳","kihon1":"0542"}},
{"type":"Feature","geometry":{"type":"Polygon","coordinates":[[[133.316142,35.468661],[133.314005,35.469677],[133.312569,35.470167],[133.311501,35.470451],[133.311004,35.470837],[133.308949,35.46771],[133.308596,35.466894],[133.307767,35.465656],[133.306276,35.464059],[133.304956,35.46311],[133.304089,35.46307],[133.302372,35.46118],[133.298873,35.457239],[133.298643,35.456921],[133.296951,35.453767],[133.295813,35.452845],[133.294807,35.452092],[133.296104,35.451291],[133.296025,35.451069],[133.297705,35.449947],[133.298046,35.450304],[133.299991,35.448966],[133.301631,35.447659],[133.302408,35.448037],[133.304206,35.450521],[133.305142,35.451681],[133.306588,35.450942],[133.307715,35.452654],[133.309213,35.45208],[133.311505,35.454195],[133.312475,35.4553],[133.313014,35.455231],[133.313888,35.455979],[133.31326,35.457038],[133.313191,35.457482],[133.312679,35.457987],[133.311487,35.45851],[133.310486,35.459338],[133.310898,35.460101],[133.311219,35.460031],[133.311836,35.46091],[133.313002,35.462772],[133.316142,35.468661]]]},"properties":{"code":"312020550","name":"河崎","kihon1":"0550"}},
{"type":"Feature","geometry":{"type":"Polygon","coordinates":[[[133.366739,35.442207],[133.366572,35.44174],[133.365377,35.442102],[133.364522,35.441339],[133.364437,35.44182],[133.360442,35.442623],[133.358968,35.442929],[133.355501,35.443466],[133.352575,35.443922],[133.351097,35.444114],[133.350152,35.444574],[133.349248,35.43943],[133.350286,35.439169],[133.354257,35.436542],[133.355868,35.43548],[133.35718,35.434604],[133.358652,35.434915],[133.359347,35.434934],[133.359886,35.435774],[133.362061,35.43681],[133.362672,35.43607],[133.364087,35.436051],[133.364469,35.43678],[133.367634,35.436051],[133.368632,35.440358],[133.369066,35.441709],[133.367889,35.441899],[133.366739,35.442207]]]},"properties":{"code":"31202056100","name":"上福原","kihon1":"0561"}},
{"type":"Feature","geometry":{"type":"Polygon","coordinates":[[[133.366975,35.442876],[133.365986,35.442621],[133.365223,35.443],[133.364598,35.443683],[133.362936,35.444214],[133.362964,35.444644],[133.362419,35.444654],[133.361682,35.44485],[133.360907,35.444897],[133.360775,35.443329],[133.360442,35.442623],[133.364437,35.44182],[133.364522,35.441339],[133.365377,35.442102],[133.366572,35.44174],[133.366739,35.442207],[133.366975,35.442876]]]},"properties":{"code":"31202056101","name":"上福原一丁目","kihon1":"0561"}},
{"type":"Feature","geometry":{"type":"Polygon","coordinates":[[[133.360442,35.442623],[133.360775,35.443329],[133.360907,35.444897],[133.360987,35.445966],[133.357646,35.446515],[133.356642,35.445339],[133.355629,35.443781],[133.355501,35.443466],[133.358968,35.442929],[133.360442,35.442623]]]},"properties":{"code":"31202056102","name":"上福原二丁目","kihon1":"0561"}},
{"type":"Feature","geometry":{"type":"Polygon","coordinates":[[[133.355501,35.443466],[133.355629,35.443781],[133.356642,35.445339],[133.357646,35.446515],[133.355603,35.446838],[133.352494,35.447502],[133.350582,35.446042],[133.350567,35.445991],[133.350152,35.444574],[133.351097,35.444114],[133.352575,35.443922],[133.355501,35.443466]]]},"properties":{"code":"31202056103","name":"上福原三丁目","kihon1":"0561"}},
{"type":"Feature","geometry":{"type":"Polygon","coordinates":[[[133.355603,35.446838],[133.356457,35.449487],[133.356679,35.450426],[133.356443,35.450531],[133.352494,35.447502],[133.355603,35.446838]]]},"properties":{"code":"31202056104","name":"上福原四丁目","kihon1":"0561"}},
{"type":"Feature","geometry":{"type":"Polygon","coordinates":[[[133.350582,35.446042],[133.352494,35.447502],[133.356443,35.450531],[133.357587,35.451422],[133.354568,35.452082],[133.35205,35.452528],[133.352071,35.452484],[133.352562,35.451372],[133.351094,35.44783],[133.350817,35.446827],[133.350582,35.446042]]]},"properties":{"code":"31202056105","name":"上福原五丁目","kihon1":"0561"}},
{"type":"Feature","geometry":{"type":"Polygon","coordinates":[[[133.357587,35.451422],[133.360383,35.453496],[133.357455,35.454166],[133.355466,35.454543],[133.354568,35.452082],[133.357587,35.451422]]]},"properties":{"code":"31202056106","name":"上福原六丁目","kihon1":"0561"}},
{"type":"Feature","geometry":{"type":"Polygon","coordinates":[[[133.354568,35.452082],[133.355466,35.454543],[133.356339,35.456974],[133.353297,35.457434],[133.352804,35.457515],[133.352193,35.455203],[133.35268,35.455117],[133.35205,35.452528],[133.354568,35.452082]]]},"properties":{"code":"31202056107","name":"上福原七丁目","kihon1":"0561"}},
{"type":"Feature","geometry":{"type":"Polygon","coordinates":[[[133.36519,35.449599],[133.365452,35.450601],[133.365739,35.452324],[133.362339,35.452902],[133.361627,35.450471],[133.365157,35.449606],[133.36519,35.449599]]]},"properties":{"code":"31202057101","name":"皆生新田一丁目","kihon1":"0571"}},
{"type":"Feature","geometry":{"type":"Polygon","coordinates":[[[133.371481,35.448068],[133.372549,35.451433],[133.369131,35.451854],[133.365739,35.452324],[133.365452,35.450601],[133.36519,35.449599],[133.368168,35.448856],[133.371481,35.448068]]]},"properties":{"code":"31202057102","name":"皆生新田二丁目","kihon1":"0571"}},
{"type":"Feature","geometry":{"type":"Polygon","coordinates":[[[133.372549,35.451433],[133.37412,35.456386],[133.37222,35.457066],[133.372152,35.457234],[133.370296,35.457573],[133.370102,35.456628],[133.369671,35.455315],[133.366352,35.455639],[133.365739,35.452324],[133.369131,35.451854],[133.372549,35.451433]]]},"properties":{"code":"31202057103","name":"皆生新田三丁目","kihon1":"0571"}},
{"type":"Feature","geometry":{"type":"Polygon","coordinates":[[[133.366975,35.442876],[133.366813,35.443534],[133.366854,35.444139],[133.365798,35.444747],[133.365496,35.445034],[133.364498,35.445192],[133.364001,35.445471],[133.363664,35.445058],[133.363293,35.445255],[133.362419,35.444654],[133.362964,35.444644],[133.362936,35.444214],[133.364598,35.443683],[133.365223,35.443],[133.365986,35.442621],[133.366975,35.442876]]]},"properties":{"code":"31202057201","name":"皆生一丁目","kihon1":"0572"}},
{"type":"Feature","geometry":{"type":"Polygon","coordinates":[[[133.369066,35.441709],[133.371188,35.447039],[133.371481,35.448068],[133.368168,35.448856],[133.363293,35.445255],[133.363664,35.445058],[133.364001,35.445471],[133.364498,35.445192],[133.365496,35.445034],[133.365798,35.444747],[133.366854,35.444139],[133.366813,35.443534],[133.366975,35.442876],[133.366739,35.442207],[133.367889,35.441899],[133.369066,35.441709]]]},"properties":{"code":"31202057202","name":"皆生二丁目","kihon1":"0572"}},
{"type":"Feature","geometry":{"type":"Polygon","coordinates":[[[133.363293,35.445255],[133.368168,35.448856],[133.36519,35.449599],[133.365157,35.449606],[133.364791,35.449126],[133.362986,35.447557],[133.361339,35.446204],[133.361049,35.446147],[133.360987,35.445966],[133.360907,35.444897],[133.361682,35.44485],[133.362419,35.444654],[133.363293,35.445255]]]},"properties":{"code":"31202057203","name":"皆生三丁目","kihon1":"0572"}},
{"type":"Feature","geometry":{"type":"Polygon","coordinates":[[[133.361049,35.446147],[133.361339,35.446204],[133.362986,35.447557],[133.364791,35.449126],[133.365157,35.449606],[133.361627,35.450471],[133.36119,35.449343],[133.361055,35.448345],[133.361049,35.446147]]]},"properties":{"code":"31202057204","name":"皆生四丁目","kihon1":"0572"}},
{"type":"Feature","geometry":{"type":"Polygon","coordinates":[[[133.361049,35.446147],[133.361055,35.448345],[133.36119,35.449343],[133.361627,35.450471],[133.359034,35.451113],[133.357587,35.451422],[133.356443,35.450531],[133.356679,35.450426],[133.356457,35.449487],[133.355603,35.446838],[133.357646,35.446515],[133.360987,35.445966],[133.361049,35.446147]]]},"properties":{"code":"31202057205","name":"皆生五丁目","kihon1":"0572"}},
{"type":"Feature","geometry":{"type":"Polygon","coordinates":[[[133.361627,35.450471],[133.362339,35.452902],[133.362404,35.453118],[133.361049,35.453299],[133.360383,35.453496],[133.357587,35.451422],[133.359034,35.451113],[133.361627,35.450471]]]},"properties":{"code":"31202057206","name":"皆生六丁目","kihon1":"0572"}},
{"type":"Feature","geometry":{"type":"Polygon","coordinates":[[[133.348287,35.433781],[133.348487,35.434908],[133.345383,35.436632],[133.34129,35.43897],[133.339928,35.437972],[133.339892,35.437946],[133.340599,35.437566],[133.3449,35.435278],[133.347081,35.434523],[133.347886,35.434149],[133.348225,35.433842],[133.348287,35.433781]]]},"properties":{"code":"31202058101","name":"東福原一丁目","kihon1":"0581"}},
{"type":"Feature","geometry":{"type":"Polygon","coordinates":[[[133.348499,35.434986],[133.34904,35.438216],[133.346295,35.439065],[133.344095,35.439933],[133.343235,35.440417],[133.34129,35.43897],[133.345383,35.436632],[133.348487,35.434908],[133.348499,35.434986]]]},"properties":{"code":"31202058102","name":"東福原二丁目","kihon1":"0581"}},
{"type":"Feature","geometry":{"type":"Polygon","coordinates":[[[133.346295,35.439065],[133.346397,35.439844],[133.34665,35.440466],[133.347206,35.44345],[133.346358,35.442797],[133.343235,35.440417],[133.344095,35.439933],[133.346295,35.439065]]]},"properties":{"code":"31202058103","name":"東福原三丁目","kihon1":"0581"}},
{"type":"Feature","geometry":{"type":"Polygon","coordinates":[[[133.34904,35.438216],[133.349248,35.43943],[133.350152,35.444574],[133.350567,35.445991],[133.348553,35.444465],[133.347206,35.44345],[133.34665,35.440466],[133.346397,35.439844],[133.346295,35.439065],[133.34904,35.438216]]]},"properties":{"code":"31202058104","name":"東福原四丁目","kihon1":"0581"}},
{"type":"Feature","geometry":{"type":"Polygon","coordinates":[[[133.347206,35.44345],[133.348553,35.444465],[133.343356,35.446204],[133.343319,35.446135],[133.34228,35.444157],[133.346358,35.442797],[133.347206,35.44345]]]},"properties":{"code":"31202058105","name":"東福原五丁目","kihon1":"0581"}},
{"type":"Feature","geometry":{"type":"Polygon","coordinates":[[[133.348087,35.447423],[133.344707,35.448263],[133.344335,35.447302],[133.34399,35.447412],[133.343356,35.446204],[133.348553,35.444465],[133.350567,35.445991],[133.350582,35.446042],[133.350817,35.446827],[133.348087,35.447423]]]},"properties":{"code":"31202058106","name":"東福原六丁目","kihon1":"0581"}},
{"type":"Feature","geometry":{"type":"Polygon","coordinates":[[[133.350817,35.446827],[133.351094,35.44783],[133.352562,35.451372],[133.352071,35.452484],[133.349947,35.452998],[133.349897,35.453009],[133.348753,35.450216],[133.348381,35.449089],[133.348087,35.447423],[133.350817,35.446827]]]},"properties":{"code":"31202058107","name":"東福原七丁目","kihon1":"0581"}},
{"type":"Feature","geometry":{"type":"Polygon","coordinates":[[[133.348087,35.447423],[133.348381,35.449089],[133.348753,35.450216],[133.349897,35.453009],[133.346353,35.453879],[133.345802,35.45212],[133.34525,35.449706],[133.344707,35.448263],[133.348087,35.447423]]]},"properties":{"code":"31202058108","name":"東福原八丁目","kihon1":"0581"}},
{"type":"Feature","geometry":{"type":"Polygon","coordinates":[[[133.340599,35.437566],[133.339892,35.437946],[133.338508,35.436914],[133.339236,35.436559],[133.3402,35.436574],[133.340599,35.437566]]]},"properties":{"code":"31202059100","name":"西福原","kihon1":"0591"}},
{"type":"Feature","geometry":{"type":"Polygon","coordinates":[[[133.34129,35.43897],[133.337293,35.44121],[133.336464,35.439874],[133.339928,35.437972],[133.34129,35.43897]]]},"properties":{"code":"31202059101","name":"西福原一丁目","kihon1":"0591"}},
{"type":"Feature","geometry":{"type":"Polygon","coordinates":[[[133.343235,35.440417],[133.342112,35.441003],[133.340953,35.441501],[133.339034,35.442526],[133.337463,35.443054],[133.337361,35.441318],[133.337293,35.44121],[133.34129,35.43897],[133.343235,35.440417]]]},"properties":{"code":"31202059102","name":"西福原二丁目","kihon1":"0591"}},
{"type":"Feature","geometry":{"type":"Polygon","coordinates":[[[133.343235,35.440417],[133.346358,35.442797],[133.34228,35.444157],[133.340953,35.441501],[133.342112,35.441003],[133.343235,35.440417]]]},"properties":{"code":"31202059103","name":"西福原三丁目","kihon1":"0591"}},
{"type":"Feature","geometry":{"type":"Polygon","coordinates":[[[133.340953,35.441501],[133.34228,35.444157],[133.338033,35.445607],[133.337334,35.444257],[133.337027,35.443199],[133.337463,35.443054],[133.339034,35.442526],[133.340953,35.441501]]]},"properties":{"code":"31202059104","name":"西福原四丁目","kihon1":"0591"}},
{"type":"Feature","geometry":{"type":"Polygon","coordinates":[[[133.34228,35.444157],[133.343319,35.446135],[133.339051,35.447574],[133.338033,35.445607],[133.34228,35.444157]]]},"properties":{"code":"31202059105","name":"西福原五丁目","kihon1":"0591"}},
{"type":"Feature","geometry":{"type":"Polygon","coordinates":[[[133.343356,35.446204],[133.34399,35.447412],[133.344335,35.447302],[133.344707,35.448263],[133.342219,35.449021],[133.339588,35.449869],[133.338576,35.450125],[133.336719,35.450616],[133.33665,35.4499],[133.33634,35.448507],[133.33711,35.448253],[133.339051,35.447574],[133.343319,35.446135],[133.343356,35.446204]]]},"properties":{"code":"31202059106","name":"西福原六丁目","kihon1":"0591"}},
{"type":"Feature","geometry":{"type":"Polygon","coordinates":[[[133.344707,35.448263],[133.34525,35.449706],[133.345802,35.45212],[133.346353,35.453879],[133.346368,35.453923],[133.343625,35.454646],[133.342765,35.451449],[133.342411,35.450389],[133.342471,35.449837],[133.342219,35.449021],[133.344707,35.448263]]]},"properties":{"code":"31202059107","name":"西福原七丁目","kihon1":"0591"}},
{"type":"Feature","geometry":{"type":"Polygon","coordinates":[[[133.342219,35.449021],[133.342471,35.449837],[133.342411,35.450389],[133.342765,35.451449],[133.343625,35.454646],[133.343551,35.454665],[133.340218,35.455498],[133.340211,35.4555],[133.339037,35.451606],[133.339075,35.450959],[133.338576,35.450125],[133.339588,35.449869],[133.342219,35.449021]]]},"properties":{"code":"31202059108","name":"西福原八丁目","kihon1":"0591"}},
{"type":"Feature","geometry":{"type":"Polygon","coordinates":[[[133.338576,35.450125],[133.339075,35.450959],[133.339037,35.451606],[133.340211,35.4555],[133.335983,35.456586],[133.335862,35.455992],[133.336189,35.455267],[133.336476,35.454016],[133.33647,35.453517],[133.336729,35.452097],[133.3368,35.450881],[133.336719,35.450616],[133.338576,35.450125]]]},"properties":{"code":"31202059109","name":"西福原九丁目","kihon1":"0591"}},
{"type":"Feature","geometry":{"type":"Polygon","coordinates":[[[133.331611,35.440043],[133.331006,35.440556],[133.330774,35.439965],[133.329568,35.439354],[133.328883,35.4399],[133.328751,35.439466],[133.329497,35.438869],[133.329963,35.439061],[133.331087,35.439136],[133.331587,35.43885],[133.332188,35.439251],[133.331611,35.440043]]]},"properties":{"code":"31202060100","name":"米原","kihon1":"0601"}},
{"type":"Feature","geometry":{"type":"Polygon","coordinates":[[[133.328883,35.4399],[133.329568,35.439354],[133.330774,35.439965],[133.331006,35.440556],[133.329456,35.441871],[133.328573,35.442728],[133.327804,35.443317],[133.325819,35.444557],[133.325828,35.44427],[133.325772,35.442749],[133.325816,35.44149],[133.326858,35.441216],[133.327708,35.440803],[133.328883,35.4399]]]},"properties":{"code":"31202060101","name":"米原一丁目","kihon1":"0601"}},
{"type":"Feature","geometry":{"type":"Polygon","coordinates":[[[133.331006,35.440556],[133.331263,35.440734],[133.332459,35.44204],[133.3318,35.442395],[133.325844,35.445582],[133.32582,35.445595],[133.325819,35.444557],[133.327804,35.443317],[133.328573,35.442728],[133.329456,35.441871],[133.331006,35.440556]]]},"properties":{"code":"31202060102","name":"米原二丁目","kihon1":"0601"}},
{"type":"Feature","geometry":{"type":"Polygon","coordinates":[[[133.335638,35.438565],[133.336089,35.440073],[133.332459,35.44204],[133.331263,35.440734],[133.331006,35.440556],[133.331611,35.440043],[133.332648,35.439625],[133.334971,35.439229],[133.335638,35.438565]]]},"properties":{"code":"31202060103","name":"米原三丁目","kihon1":"0601"}},
{"type":"Feature","geometry":{"type":"Polygon","coordinates":[[[133.337293,35.44121],[133.337361,35.441318],[133.332814,35.443784],[133.3318,35.442395],[133.332459,35.44204],[133.336089,35.440073],[133.336464,35.439874],[133.337293,35.44121]]]},"properties":{"code":"31202060104","name":"米原四丁目","kihon1":"0601"}},
{"type":"Feature","geometry":{"type":"Polygon","coordinates":[[[133.3318,35.442395],[133.332814,35.443784],[133.328914,35.445895],[133.326643,35.447099],[133.325844,35.445582],[133.3318,35.442395]]]},"properties":{"code":"31202060105","name":"米原五丁目","kihon1":"0601"}},
{"type":"Feature","geometry":{"type":"Polygon","coordinates":[[[133.337361,35.441318],[133.337463,35.443054],[133.337027,35.443199],[133.337334,35.444257],[133.338033,35.445607],[133.339051,35.447574],[133.33711,35.448253],[133.335403,35.446191],[133.334394,35.444836],[133.333527,35.444589],[133.332814,35.443784],[133.337361,35.441318]]]},"properties":{"code":"31202060106","name":"米原六丁目","kihon1":"0601"}},
{"type":"Feature","geometry":{"type":"Polygon","coordinates":[[[133.332814,35.443784],[133.333527,35.444589],[133.334394,35.444836],[133.335403,35.446191],[133.329778,35.448102],[133.328914,35.445895],[133.332814,35.443784]]]},"properties":{"code":"31202060107","name":"米原七丁目","kihon1":"0601"}},
{"type":"Feature","geometry":{"type":"Polygon","coordinates":[[[133.335403,35.446191],[133.33711,35.448253],[133.33634,35.448507],[133.331032,35.45032],[133.329778,35.448102],[133.335403,35.446191]]]},"properties":{"code":"31202060108","name":"米原八丁目","kihon1":"0601"}},
{"type":"Feature","geometry":{"type":"Polygon","coordinates":[[[133.328914,35.445895],[133.329778,35.448102],[133.331032,35.45032],[133.328692,35.451105],[133.326643,35.447099],[133.328914,35.445895]]]},"properties":{"code":"31202060109","name":"米原九丁目","kihon1":"0601"}},
{"type":"Feature","geometry":{"type":"Polygon","coordinates":[[[133.380653,35.405421],[133.378819,35.406362],[133.376719,35.407554],[133.375932,35.408123],[133.369174,35.414101],[133.368619,35.414651],[133.367602,35.41638],[133.367143,35.417531],[133.366644,35.419112],[133.364117,35.419065],[133.364154,35.418306],[133.363897,35.417353],[133.36342,35.416489],[133.362066,35.415181],[133.362494,35.414298],[133.363298,35.413695],[133.363652,35.413177],[133.363808,35.412361],[133.363839,35.411115],[133.362974,35.411452],[133.361991,35.412079],[133.361241,35.41137],[133.36178,35.411009],[133.362917,35.410189],[133.363124,35.409769],[133.363058,35.409051],[133.3626,35.407959],[133.363421,35.407442],[133.3633,35.406512],[133.363394,35.405844],[133.363717,35.404848],[133.364027,35.404858],[133.364387,35.40598],[133.364985,35.405606],[133.365298,35.404384],[133.3658,35.405382],[133.366563,35.404398],[133.36576,35.404137],[133.366087,35.403603],[133.36659,35.403557],[133.366683,35.403148],[133.366254,35.403059],[133.365653,35.402351],[133.365686,35.401727],[133.366712,35.401478],[133.365958,35.401185],[133.365376,35.401272],[133.365243,35.400734],[133.365985,35.400481],[133.366958,35.400746],[133.367315,35.400033],[133.368192,35.39997],[133.369078,35.399936],[133.369322,35.400145],[133.369951,35.399941],[133.370911,35.399186],[133.370935,35.398906],[133.371924,35.398558],[133.372647,35.397458],[133.373023,35.397492],[133.374204,35.397752],[133.374482,35.397562],[133.375852,35.397489],[133.376163,35.397179],[133.37734,35.398314],[133.377694,35.398701],[133.376391,35.399411],[133.375629,35.400002],[133.376011,35.402051],[133.379657,35.401608],[133.380107,35.40396],[133.38099,35.405248],[133.380653,35.405421]]]},"properties":{"code":"312020610","name":"福市","kihon1":"0610"}},
{"type":"Feature","geometry":{"type":"Polygon","coordinates":[[[133.393782,35.400406],[133.393173,35.400906],[133.391513,35.401655],[133.38714,35.402914],[133.385315,35.403521],[133.382267,35.404685],[133.38099,35.405248],[133.380107,35.40396],[133.379657,35.401608],[133.376011,35.402051],[133.375629,35.400002],[133.376391,35.399411],[133.377694,35.398701],[133.37734,35.398314],[133.377927,35.397717],[133.37766,35.397357],[133.381722,35.397011],[133.381896,35.396613],[133.383298,35.396419],[133.38446,35.396507],[133.384475,35.396674],[133.389141,35.396028],[133.389188,35.396954],[133.391594,35.396844],[133.391515,35.395956],[133.395231,35.395778],[133.395187,35.395166],[133.395852,35.39507],[133.395938,35.394686],[133.397921,35.394808],[133.397565,35.395748],[133.397246,35.396943],[133.396679,35.397783],[133.395942,35.398635],[133.393782,35.400406]]]},"properties":{"code":"312020620","name":"八幡","kihon1":"0620"}},
{"type":"Feature","geometry":{"type":"Polygon","coordinates":[[[133.389141,35.396028],[133.384475,35.396674],[133.38446,35.396507],[133.383298,35.396419],[133.381896,35.396613],[133.381722,35.397011],[133.37766,35.397357],[133.377927,35.397717],[133.37734,35.398314],[133.376163,35.397179],[133.375852,35.397489],[133.374482,35.397562],[133.374204,35.397752],[133.373023,35.397492],[133.37322,35.397208],[133.374222,35.396557],[133.374518,35.396247],[133.374579,35.395503],[133.374231,35.395308],[133.373824,35.394645],[133.373208,35.394076],[133.372837,35.392523],[133.374162,35.392194],[133.374608,35.391937],[133.375509,35.391568],[133.377128,35.390487],[133.377148,35.390197],[133.377669,35.389432],[133.378046,35.38915],[133.378654,35.389137],[133.378815,35.388763],[133.379988,35.388587],[133.381525,35.38762],[133.382385,35.3885],[133.382886,35.388025],[133.382808,35.387016],[133.383165,35.386663],[133.384284,35.386068],[133.384559,35.38526],[133.386157,35.384302],[133.388959,35.383572],[133.389295,35.385309],[133.388032,35.385353],[133.387316,35.385833],[133.386191,35.386269],[133.385924,35.386842],[133.386559,35.386833],[133.386659,35.387563],[133.387136,35.387407],[133.387538,35.390625],[133.38762,35.392296],[133.389996,35.39208],[133.390232,35.39409],[133.38897,35.394168],[133.38911,35.394914],[133.389141,35.396028]]]},"properties":{"code":"312020630","name":"諏訪","kihon1":"0630"}},
{"type":"Feature","geometry":{"type":"Polygon","coordinates":[[[133.368192,35.39997],[133.367315,35.400033],[133.366958,35.400746],[133.365985,35.400481],[133.365243,35.400734],[133.365376,35.401272],[133.36531,35.401857],[133.364643,35.401633],[133.364544,35.400835],[133.364075,35.400823],[133.364016,35.401446],[133.363393,35.400681],[133.363366,35.400039],[133.363507,35.399777],[133.363188,35.399181],[133.363179,35.398224],[133.362958,35.397255],[133.362471,35.396264],[133.361921,35.395469],[133.361201,35.394034],[133.360829,35.393029],[133.360031,35.392263],[133.359583,35.391992],[133.358439,35.39092],[133.358041,35.390419],[133.35864,35.390152],[133.358443,35.389853],[133.360739,35.389728],[133.360789,35.39042],[133.361985,35.390339],[133.362034,35.391314],[133.363573,35.39126],[133.363657,35.39175],[133.365554,35.391596],[133.365237,35.391871],[133.365863,35.392201],[133.36656,35.392272],[133.367166,35.392023],[133.367296,35.391286],[133.368704,35.391414],[133.369707,35.391078],[133.370386,35.391043],[133.371472,35.390818],[133.372465,35.390793],[133.373699,35.39042],[133.374608,35.391937],[133.374162,35.392194],[133.372837,35.392523],[133.371279,35.3932],[133.370634,35.393398],[133.370122,35.393367],[133.369373,35.393854],[133.368286,35.394102],[133.367989,35.393952],[133.367241,35.394088],[133.366337,35.394806],[133.366771,35.3952],[133.366332,35.395422],[133.365682,35.396294],[133.365407,35.396863],[133.365771,35.398444],[133.365656,35.398646],[133.365928,35.399407],[133.366576,35.399194],[133.368216,35.399091],[133.368192,35.39997]]]},"properties":{"code":"312020640","name":"青木","kihon1":"0640"}},
{"type":"Feature","geometry":{"type":"Polygon","coordinates":[[[133.370973,35.388778],[133.370273,35.388361],[133.369314,35.387956],[133.366956,35.387316],[133.364302,35.386865],[133.363771,35.386558],[133.363728,35.386187],[133.362358,35.386282],[133.362438,35.385846],[133.361535,35.385906],[133.361175,35.381077],[133.363918,35.380902],[133.363775,35.380136],[133.365153,35.379902],[133.365873,35.379878],[133.367043,35.379585],[133.368923,35.379598],[133.369303,35.379419],[133.36938,35.380109],[133.370211,35.380464],[133.369737,35.382184],[133.369272,35.382505],[133.369168,35.383148],[133.370553,35.38318],[133.370319,35.383977],[133.37043,35.384961],[133.370332,35.385626],[133.370047,35.386085],[133.370009,35.386556],[133.370257,35.386906],[133.370284,35.387549],[133.370747,35.388048],[133.370973,35.388778]]]},"properties":{"code":"312020650","name":"上安曇","kihon1":"0650"}},
{"type":"Feature","geometry":{"type":"Polygon","coordinates":[[[133.373699,35.39042],[133.372465,35.390793],[133.371472,35.390818],[133.370386,35.391043],[133.369707,35.391078],[133.368704,35.391414],[133.367296,35.391286],[133.367166,35.392023],[133.36656,35.392272],[133.365863,35.392201],[133.365237,35.391871],[133.365554,35.391596],[133.363657,35.39175],[133.363573,35.39126],[133.362034,35.391314],[133.361985,35.390339],[133.360789,35.39042],[133.360739,35.389728],[133.360625,35.388814],[133.362405,35.38876],[133.362794,35.388604],[133.362358,35.386282],[133.363728,35.386187],[133.363771,35.386558],[133.364302,35.386865],[133.366956,35.387316],[133.369314,35.387956],[133.370273,35.388361],[133.370973,35.388778],[133.371678,35.38834],[133.372406,35.387628],[133.37276,35.387773],[133.372817,35.388285],[133.373334,35.389188],[133.373416,35.390155],[133.373699,35.39042]]]},"properties":{"code":"312020660","name":"下安曇","kihon1":"0660"}},
{"type":"Feature","geometry":{"type":"Polygon","coordinates":[[[133.365376,35.401272],[133.365958,35.401185],[133.366712,35.401478],[133.365686,35.401727],[133.365653,35.402351],[133.366254,35.403059],[133.366683,35.403148],[133.36659,35.403557],[133.366087,35.403603],[133.36576,35.404137],[133.366563,35.404398],[133.3658,35.405382],[133.365298,35.404384],[133.364985,35.405606],[133.364387,35.40598],[133.364027,35.404858],[133.363717,35.404848],[133.363394,35.405844],[133.3633,35.406512],[133.363421,35.407442],[133.3626,35.407959],[133.363058,35.409051],[133.363124,35.409769],[133.362917,35.410189],[133.36178,35.411009],[133.361054,35.410276],[133.361444,35.410007],[133.360983,35.409529],[133.361384,35.409412],[133.361619,35.407945],[133.359479,35.40805],[133.359202,35.404283],[133.356559,35.404415],[133.356492,35.403464],[133.357154,35.403438],[133.357014,35.40156],[133.359028,35.401465],[133.358971,35.400556],[133.359662,35.400516],[133.36034,35.399819],[133.360927,35.400412],[133.362191,35.400325],[133.362741,35.400076],[133.363366,35.400039],[133.363393,35.400681],[133.364016,35.401446],[133.364075,35.400823],[133.364544,35.400835],[133.364643,35.401633],[133.36531,35.401857],[133.365376,35.401272]]]},"properties":{"code":"312020670","name":"兼久","kihon1":"0670"}},
{"type":"Feature","geometry":{"type":"Polygon","coordinates":[[[133.381525,35.38762],[133.379988,35.388587],[133.378815,35.388763],[133.378654,35.389137],[133.378046,35.38915],[133.377669,35.389432],[133.377148,35.390197],[133.377128,35.390487],[133.375509,35.391568],[133.374608,35.391937],[133.373699,35.39042],[133.373416,35.390155],[133.373334,35.389188],[133.372817,35.388285],[133.37276,35.387773],[133.372406,35.387628],[133.371678,35.38834],[133.370973,35.388778],[133.370747,35.388048],[133.370284,35.387549],[133.370257,35.386906],[133.370009,35.386556],[133.370047,35.386085],[133.370332,35.385626],[133.37043,35.384961],[133.370319,35.383977],[133.370553,35.38318],[133.369168,35.383148],[133.369272,35.382505],[133.369737,35.382184],[133.370211,35.380464],[133.36938,35.380109],[133.369303,35.379419],[133.36931,35.378878],[133.369681,35.37874],[133.370668,35.378942],[133.373875,35.37885],[133.37432,35.378466],[133.375503,35.37867],[133.376054,35.37914],[133.378842,35.381073],[133.379349,35.381348],[133.380435,35.381062],[133.380662,35.38212],[133.381204,35.382243],[133.381536,35.382681],[133.381505,35.383061],[133.380479,35.383067],[133.380698,35.38407],[133.381757,35.383908],[133.38213,35.385254],[133.381299,35.385527],[133.380661,35.385975],[133.381525,35.38762]]]},"properties":{"code":"312020680","name":"別所","kihon1":"0680"}},
{"type":"Feature","geometry":{"type":"Polygon","coordinates":[[[133.363366,35.400039],[133.362741,35.400076],[133.362191,35.400325],[133.360927,35.400412],[133.36034,35.399819],[133.359662,35.400516],[133.358971,35.400556],[133.355623,35.40072],[133.355414,35.396776],[133.355282,35.394834],[133.351338,35.395005],[133.350806,35.393101],[133.349987,35.393289],[133.350008,35.392869],[133.34896,35.392161],[133.348377,35.392529],[133.347705,35.391977],[133.347324,35.391234],[133.346486,35.391038],[133.345907,35.391133],[133.346214,35.390668],[133.345826,35.390273],[133.345097,35.389937],[133.344475,35.389482],[133.344043,35.388925],[133.343127,35.388672],[133.344684,35.387704],[133.345159,35.387158],[133.345194,35.385941],[133.346412,35.385739],[133.347591,35.385341],[133.348279,35.385857],[133.349474,35.386102],[133.35018,35.387106],[133.351319,35.387609],[133.351673,35.388072],[133.352132,35.387807],[133.352735,35.388006],[133.352966,35.388874],[133.353243,35.389312],[133.355418,35.389082],[133.356967,35.390345],[133.356846,35.389275],[133.357073,35.389143],[133.358041,35.390419],[133.358439,35.39092],[133.359583,35.391992],[133.360031,35.392263],[133.360829,35.393029],[133.361201,35.394034],[133.361921,35.395469],[133.362471,35.396264],[133.362958,35.397255],[133.363179,35.398224],[133.363188,35.399181],[133.363507,35.399777],[133.363366,35.400039]]]},"properties":{"code":"312020690","name":"榎原","kihon1":"0690"}},
{"type":"Feature","geometry":{"type":"Polygon","coordinates":[[[133.360739,35.389728],[133.358443,35.389853],[133.35864,35.390152],[133.358041,35.390419],[133.357073,35.389143],[133.356846,35.389275],[133.356967,35.390345],[133.355418,35.389082],[133.353243,35.389312],[133.352966,35.388874],[133.352735,35.388006],[133.352132,35.387807],[133.35251,35.38759],[133.351469,35.38569],[133.351992,35.385104],[133.352446,35.38512],[133.354077,35.386019],[133.354662,35.386248],[133.355051,35.386046],[133.355801,35.386462],[133.356046,35.386134],[133.355942,35.38516],[133.356783,35.385102],[133.356622,35.383182],[133.358103,35.38309],[133.359035,35.381492],[133.35993,35.381429],[133.359922,35.381146],[133.361175,35.381077],[133.361535,35.385906],[133.362438,35.385846],[133.362358,35.386282],[133.362794,35.388604],[133.362405,35.38876],[133.360625,35.388814],[133.360739,35.389728]]]},"properties":{"code":"312020700","name":"大袋","kihon1":"0700"}},
{"type":"Feature","geometry":{"type":"Polygon","coordinates":[[[133.373023,35.397492],[133.372647,35.397458],[133.371924,35.398558],[133.370935,35.398906],[133.370911,35.399186],[133.369951,35.399941],[133.369322,35.400145],[133.369078,35.399936],[133.368192,35.39997],[133.368216,35.399091],[133.366576,35.399194],[133.365928,35.399407],[133.365656,35.398646],[133.365771,35.398444],[133.365407,35.396863],[133.365682,35.396294],[133.366332,35.395422],[133.366771,35.3952],[133.366337,35.394806],[133.367241,35.394088],[133.367989,35.393952],[133.368286,35.394102],[133.369373,35.393854],[133.370122,35.393367],[133.370634,35.393398],[133.371279,35.3932],[133.372837,35.392523],[133.373208,35.394076],[133.373824,35.394645],[133.374231,35.395308],[133.374579,35.395503],[133.374518,35.396247],[133.374222,35.396557],[133.37322,35.397208],[133.373023,35.397492]]]},"properties":{"code":"312020710","name":"永江","kihon1":"0710"}},
{"type":"Feature","geometry":{"type":"Polygon","coordinates":[[[133.357014,35.40156],[133.352146,35.401798],[133.35224,35.402729],[133.350583,35.402812],[133.348504,35.402754],[133.348407,35.40443],[133.348244,35.404751],[133.34834,35.40531],[133.347984,35.406318],[133.347071,35.406828],[133.346172,35.406644],[133.346383,35.407909],[133.346359,35.408406],[133.345089,35.4082],[133.34462,35.408271],[133.343831,35.408943],[133.343167,35.409138],[133.342959,35.409386],[133.342693,35.410716],[133.341847,35.410832],[133.341478,35.41104],[133.340359,35.41282],[133.33928,35.411243],[133.33909,35.40996],[133.337536,35.408968],[133.33777,35.407977],[133.33769,35.407545],[133.337109,35.406654],[133.33658,35.405291],[133.336223,35.404672],[133.336067,35.403723],[133.336766,35.403482],[133.337751,35.403459],[133.340269,35.402214],[133.341605,35.401948],[133.341675,35.402116],[133.344821,35.401981],[133.345404,35.401715],[133.346055,35.402129],[133.348579,35.402416],[133.34999,35.402077],[133.350432,35.401774],[133.350462,35.401374],[133.35121,35.400914],[133.355623,35.40072],[133.358971,35.400556],[133.359028,35.401465],[133.357014,35.40156]]]},"properties":{"code":"312020720","name":"石井","kihon1":"0720"}},
{"type":"Feature","geometry":{"type":"Polygon","coordinates":[[[133.35131,35.409176],[133.350482,35.409983],[133.350691,35.410638],[133.350161,35.411617],[133.350593,35.412206],[133.350063,35.412338],[133.349164,35.412273],[133.34845,35.412989],[133.348198,35.413702],[133.347708,35.41395],[133.347358,35.414529],[133.347262,35.415315],[133.346846,35.415144],[133.343627,35.414199],[133.342214,35.41343],[133.340359,35.41282],[133.341478,35.41104],[133.341847,35.410832],[133.342693,35.410716],[133.342959,35.409386],[133.343167,35.409138],[133.343831,35.408943],[133.34462,35.408271],[133.345089,35.4082],[133.346359,35.408406],[133.346383,35.407909],[133.346172,35.406644],[133.347071,35.406828],[133.347984,35.406318],[133.34834,35.40531],[133.348244,35.404751],[133.348407,35.40443],[133.348504,35.402754],[133.350583,35.402812],[133.35224,35.402729],[133.352146,35.401798],[133.357014,35.40156],[133.357154,35.403438],[133.356492,35.403464],[133.356559,35.404415],[133.355858,35.404453],[133.355927,35.405421],[133.352469,35.40557],[133.352243,35.405792],[133.353587,35.407284],[133.352248,35.408043],[133.352139,35.40841],[133.352814,35.409031],[133.352476,35.409468],[133.35131,35.409176]]]},"properties":{"code":"312020730","name":"奥谷","kihon1":"0730"}},
{"type":"Feature","geometry":{"type":"Polygon","coordinates":[[[133.346695,35.42252],[133.346731,35.422862],[133.345563,35.423114],[133.345047,35.42344],[133.344743,35.423014],[133.344276,35.42278],[133.343586,35.422785],[133.34339,35.422335],[133.341753,35.42136],[133.34156,35.420716],[133.341755,35.420157],[133.341375,35.42003],[133.34091,35.419337],[133.341517,35.418514],[133.340845,35.417637],[133.341142,35.417345],[133.342105,35.41758],[133.342424,35.417312],[133.342964,35.416378],[133.342641,35.41602],[133.34323,35.415091],[133.343627,35.414199],[133.346846,35.415144],[133.347262,35.415315],[133.347879,35.415781],[133.347613,35.416631],[133.347203,35.417356],[133.347404,35.41828],[133.347388,35.419187],[133.347133,35.419996],[133.346446,35.420665],[133.346593,35.421282],[133.346532,35.422342],[133.346695,35.42252]]]},"properties":{"code":"312020740","name":"美吉","kihon1":"0740"}},
{"type":"Feature","geometry":{"type":"Polygon","coordinates":[[[133.360729,35.416195],[133.360558,35.415465],[133.359846,35.415267],[133.359194,35.415276],[133.358483,35.414901],[133.357918,35.415025],[133.357411,35.414544],[133.356867,35.414347],[133.356322,35.414858],[133.35547,35.415126],[133.35459,35.416451],[133.353543,35.416997],[133.353589,35.417922],[133.352378,35.418076],[133.352022,35.417976],[133.352471,35.417153],[133.350791,35.416715],[133.349875,35.416027],[133.348576,35.41579],[133.347879,35.415781],[133.347262,35.415315],[133.347358,35.414529],[133.347708,35.41395],[133.348198,35.413702],[133.34845,35.412989],[133.349164,35.412273],[133.350063,35.412338],[133.350593,35.412206],[133.350161,35.411617],[133.350691,35.410638],[133.350482,35.409983],[133.35131,35.409176],[133.351129,35.410127],[133.351786,35.410524],[133.351529,35.41092],[133.352796,35.411381],[133.352518,35.411987],[133.353615,35.412052],[133.353962,35.411778],[133.353469,35.411411],[133.353186,35.410948],[133.355907,35.410921],[133.35717,35.411707],[133.358225,35.410978],[133.358941,35.411682],[133.361054,35.410276],[133.36178,35.411009],[133.361241,35.41137],[133.361991,35.412079],[133.362974,35.411452],[133.363839,35.411115],[133.363808,35.412361],[133.363652,35.413177],[133.363298,35.413695],[133.362494,35.414298],[133.362066,35.415181],[133.361612,35.415295],[133.360729,35.416195]]]},"properties":{"code":"312020750","name":"宗像","kihon1":"0750"}},
{"type":"Feature","geometry":{"type":"Polygon","coordinates":[[[133.361054,35.410276],[133.358941,35.411682],[133.358225,35.410978],[133.35717,35.411707],[133.355907,35.410921],[133.353186,35.410948],[133.353469,35.411411],[133.353962,35.411778],[133.353615,35.412052],[133.352518,35.411987],[133.352796,35.411381],[133.351529,35.41092],[133.351786,35.410524],[133.351129,35.410127],[133.35131,35.409176],[133.352476,35.409468],[133.352814,35.409031],[133.352139,35.40841],[133.352248,35.408043],[133.353587,35.407284],[133.352243,35.405792],[133.352469,35.40557],[133.355927,35.405421],[133.355858,35.404453],[133.356559,35.404415],[133.359202,35.404283],[133.359479,35.40805],[133.361619,35.407945],[133.361384,35.409412],[133.360983,35.409529],[133.361444,35.410007],[133.361054,35.410276]]]},"properties":{"code":"312020760","name":"日原","kihon1":"0760"}},
{"type":"Feature","geometry":{"type":"Polygon","coordinates":[[[133.345907,35.391133],[133.346486,35.391038],[133.347324,35.391234],[133.347705,35.391977],[133.348377,35.392529],[133.34896,35.392161],[133.350008,35.392869],[133.349987,35.393289],[133.350806,35.393101],[133.351338,35.395005],[133.355282,35.394834],[133.355414,35.396776],[133.355623,35.40072],[133.35121,35.400914],[133.344067,35.400425],[133.344295,35.400198],[133.344096,35.399761],[133.344226,35.397731],[133.344491,35.39699],[133.34437,35.396059],[133.344354,35.395027],[133.344516,35.394903],[133.346315,35.39492],[133.345509,35.393797],[133.345301,35.393055],[133.344537,35.392167],[133.345907,35.391133]]]},"properties":{"code":"312020770","name":"橋本","kihon1":"0770"}},
{"type":"Feature","geometry":{"type":"Polygon","coordinates":[[[133.35121,35.400914],[133.350462,35.401374],[133.350432,35.401774],[133.34999,35.402077],[133.348579,35.402416],[133.346055,35.402129],[133.345404,35.401715],[133.344821,35.401981],[133.341675,35.402116],[133.341605,35.401948],[133.340269,35.402214],[133.337751,35.403459],[133.336766,35.403482],[133.336067,35.403723],[133.335236,35.40358],[133.334309,35.402724],[133.334361,35.402177],[133.335127,35.401272],[133.333916,35.400837],[133.333251,35.399996],[133.332124,35.399116],[133.330985,35.398623],[133.330921,35.39784],[133.331879,35.398165],[133.334379,35.397967],[133.334945,35.397163],[133.335668,35.39708],[133.33661,35.397163],[133.337328,35.39675],[133.338395,35.396311],[133.339686,35.396356],[133.34437,35.396059],[133.344491,35.39699],[133.344226,35.397731],[133.344096,35.399761],[133.344295,35.400198],[133.344067,35.400425],[133.35121,35.400914]]]},"properties":{"code":"312020780","name":"奈喜良","kihon1":"0780"}},
{"type":"Feature","geometry":{"type":"Polygon","coordinates":[[[133.345907,35.391133],[133.344537,35.392167],[133.345301,35.393055],[133.345509,35.393797],[133.346315,35.39492],[133.344516,35.394903],[133.344354,35.395027],[133.34437,35.396059],[133.339686,35.396356],[133.339387,35.396029],[133.339427,35.394474],[133.340652,35.394429],[133.340135,35.392068],[133.338615,35.391661],[133.338125,35.39106],[133.337312,35.391158],[133.33769,35.390425],[133.336618,35.390384],[133.33576,35.388408],[133.335763,35.387305],[133.335319,35.386157],[133.334939,35.385796],[133.334665,35.385132],[133.334122,35.384403],[133.334863,35.383054],[133.33414,35.382156],[133.334078,35.381441],[133.3343,35.381154],[133.335157,35.381912],[133.336737,35.382067],[133.337168,35.382223],[133.338364,35.382337],[133.338759,35.382803],[133.338492,35.383431],[133.338595,35.383925],[133.339092,35.385001],[133.339837,35.385427],[133.3414,35.385281],[133.341748,35.385348],[133.342433,35.386016],[133.342767,35.386507],[133.343308,35.386879],[133.342962,35.387853],[133.343127,35.388672],[133.344043,35.388925],[133.344475,35.389482],[133.345097,35.389937],[133.345826,35.390273],[133.346214,35.390668],[133.345907,35.391133]]]},"properties":{"code":"312020790","name":"吉谷","kihon1":"0790"}},
{"type":"Feature","geometry":{"type":"Polygon","coordinates":[[[133.339427,35.394474],[133.333961,35.394805],[133.331267,35.392556],[133.329771,35.392082],[133.329929,35.390833],[133.329479,35.390635],[133.329371,35.389503],[133.329503,35.389128],[133.329072,35.388757],[133.328619,35.387884],[133.327776,35.387443],[133.326663,35.387274],[133.325025,35.385068],[133.324971,35.384388],[133.324688,35.383704],[133.325116,35.382868],[133.32469,35.382413],[133.323091,35.38136],[133.32257,35.380904],[133.321498,35.380286],[133.321522,35.379884],[133.322156,35.378928],[133.322803,35.378247],[133.323241,35.378061],[133.323925,35.377261],[133.323919,35.376835],[133.323601,35.375977],[133.323982,35.374782],[133.325378,35.374509],[133.325974,35.37419],[133.326462,35.37416],[133.327671,35.374464],[133.328974,35.374691],[133.330127,35.375843],[133.330665,35.376171],[133.331018,35.377468],[133.330966,35.377795],[133.332108,35.378857],[133.332312,35.379376],[133.333763,35.379541],[133.334113,35.379799],[133.3343,35.381154],[133.334078,35.381441],[133.33414,35.382156],[133.334863,35.383054],[133.334122,35.384403],[133.334665,35.385132],[133.334939,35.385796],[133.335319,35.386157],[133.335763,35.387305],[133.33576,35.388408],[133.336618,35.390384],[133.33769,35.390425],[133.337312,35.391158],[133.338125,35.39106],[133.338615,35.391661],[133.340135,35.392068],[133.340652,35.394429],[133.339427,35.394474]]]},"properties":{"code":"312020800","name":"古市","kihon1":"0800"}},
{"type":"Feature","geometry":{"type":"Polygon","coordinates":[[[133.330985,35.398623],[133.330002,35.399471],[133.329299,35.399594],[133.328423,35.398835],[133.327324,35.399071],[133.326906,35.398928],[133.326265,35.398229],[133.32528,35.398172],[133.324521,35.398693],[133.323942,35.39939],[133.323902,35.399796],[133.32328,35.400192],[133.321664,35.400303],[133.320817,35.399795],[133.319713,35.399408],[133.320141,35.398198],[133.320005,35.397256],[133.320209,35.396922],[133.321361,35.395874],[133.321084,35.395334],[133.320569,35.39518],[133.318503,35.393377],[133.317586,35.3935],[133.316931,35.393358],[133.316066,35.392503],[133.315141,35.391975],[133.315096,35.390754],[133.314725,35.389729],[133.314002,35.389055],[133.314344,35.387946],[133.313846,35.38764],[133.313683,35.386942],[133.31442,35.38666],[133.316297,35.387245],[133.315543,35.385824],[133.316676,35.384754],[133.317689,35.384461],[133.318547,35.383735],[133.319158,35.383546],[133.319449,35.381934],[133.319995,35.381124],[133.320498,35.380679],[133.321498,35.380286],[133.32257,35.380904],[133.323091,35.38136],[133.32469,35.382413],[133.325116,35.382868],[133.324688,35.383704],[133.324971,35.384388],[133.325025,35.385068],[133.326663,35.387274],[133.327776,35.387443],[133.328619,35.387884],[133.329072,35.388757],[133.329503,35.389128],[133.329371,35.389503],[133.329479,35.390635],[133.329929,35.390833],[133.329771,35.392082],[133.331267,35.392556],[133.333961,35.394805],[133.339427,35.394474],[133.339387,35.396029],[133.339686,35.396356],[133.338395,35.396311],[133.337328,35.39675],[133.33661,35.397163],[133.335668,35.39708],[133.334945,35.397163],[133.334379,35.397967],[133.331879,35.398165],[133.330921,35.39784],[133.330985,35.398623]]]},"properties":{"code":"312020810","name":"新山","kihon1":"0810"}},
{"type":"Feature","geometry":{"type":"Polygon","coordinates":[[[133.295813,35.452845],[133.295552,35.453108],[133.293035,35.455005],[133.292217,35.45583],[133.290438,35.457829],[133.289364,35.458622],[133.287704,35.459177],[133.286012,35.460521],[133.284413,35.461589],[133.283473,35.462404],[133.282035,35.463516],[133.280217,35.464748],[133.278426,35.465812],[133.277432,35.466629],[133.2764,35.465912],[133.276078,35.465567],[133.275043,35.464981],[133.27238,35.463778],[133.269838,35.463356],[133.269239,35.463202],[133.268428,35.462609],[133.267206,35.461361],[133.266415,35.460983],[133.265704,35.461423],[133.265085,35.461306],[133.263271,35.45999],[133.263804,35.459487],[133.262822,35.458744],[133.261805,35.456637],[133.260985,35.455052],[133.260785,35.454506],[133.260804,35.453949],[133.261391,35.452983],[133.266943,35.449467],[133.271097,35.4468],[133.272039,35.446223],[133.272961,35.44588],[133.28525,35.441585],[133.289373,35.440129],[133.292321,35.43914],[133.293049,35.439121],[133.293591,35.439402],[133.293903,35.439862],[133.293709,35.440697],[133.293837,35.441245],[133.295331,35.440702],[133.295245,35.440305],[133.29692,35.439281],[133.29856,35.438903],[133.299904,35.438438],[133.30057,35.439801],[133.301187,35.442313],[133.302389,35.441767],[133.303738,35.441446],[133.304635,35.441352],[133.305037,35.442087],[133.303328,35.443073],[133.302706,35.443189],[133.301594,35.443187],[133.300945,35.443016],[133.300907,35.443405],[133.300003,35.443698],[133.300722,35.445371],[133.302714,35.447534],[133.302408,35.448037],[133.301631,35.447659],[133.299991,35.448966],[133.298046,35.450304],[133.297705,35.449947],[133.296025,35.451069],[133.296104,35.451291],[133.294807,35.452092],[133.295813,35.452845]]]},"properties":{"code":"312020820","name":"彦名町","kihon1":"0820"}},
{"type":"Feature","geometry":{"type":"Polygon","coordinates":[[[133.268108,35.475895],[133.266226,35.477113],[133.26438,35.477935],[133.263315,35.478267],[133.261717,35.478638],[133.260694,35.479065],[133.260001,35.479166],[133.259449,35.479434],[133.258652,35.480301],[133.255773,35.478118],[133.25493,35.478812],[133.255624,35.477047],[133.255701,35.476504],[133.254717,35.476152],[133.255202,35.475366],[133.252183,35.473731],[133.249026,35.471362],[133.250375,35.470097],[133.250759,35.469925],[133.251736,35.469889],[133.253199,35.47032],[133.256293,35.467489],[133.256821,35.467114],[133.257363,35.466999],[133.257023,35.466233],[133.257224,35.465476],[133.259353,35.463581],[133.259949,35.462991],[133.263271,35.45999],[133.265085,35.461306],[133.265704,35.461423],[133.266415,35.460983],[133.267206,35.461361],[133.268428,35.462609],[133.269239,35.463202],[133.269838,35.463356],[133.27238,35.463778],[133.275043,35.464981],[133.276078,35.465567],[133.272731,35.468904],[133.271693,35.470168],[133.269859,35.472178],[133.268086,35.473972],[133.266984,35.475492],[133.268108,35.475895]]]},"properties":{"code":"312020830","name":"大崎","kihon1":"0830"}},
{"type":"Feature","geometry":{"type":"Polygon","coordinates":[[[133.257011,35.481914],[133.255857,35.481059],[133.254605,35.482178],[133.25356,35.481365],[133.251541,35.483139],[133.251422,35.483052],[133.249309,35.484955],[133.248713,35.484537],[133.247472,35.485731],[133.247657,35.485877],[133.245782,35.487615],[133.245277,35.487273],[133.244654,35.487847],[133.243619,35.487106],[133.242981,35.486416],[133.242465,35.486409],[133.241165,35.487266],[133.240037,35.486682],[133.239275,35.486503],[133.238526,35.485914],[133.239539,35.484994],[133.239828,35.484513],[133.240473,35.484705],[133.240943,35.484015],[133.242237,35.482869],[133.242259,35.482651],[133.239831,35.481152],[133.239694,35.48051],[133.240625,35.479463],[133.240924,35.479461],[133.241178,35.478856],[133.244293,35.47549],[133.244939,35.47543],[133.246748,35.473359],[133.24861,35.474655],[133.248748,35.475594],[133.247779,35.476764],[133.248402,35.476975],[133.250503,35.474555],[133.249708,35.473866],[133.249324,35.474221],[133.247897,35.473172],[133.247709,35.472719],[133.247941,35.472372],[133.249026,35.471362],[133.252183,35.473731],[133.255202,35.475366],[133.254717,35.476152],[133.255701,35.476504],[133.255624,35.477047],[133.25493,35.478812],[133.255773,35.478118],[133.258652,35.480301],[133.257841,35.48119],[133.257011,35.481914]]]},"properties":{"code":"312020840","name":"葭津","kihon1":"0840"}},
{"type":"Feature","geometry":{"type":"Polygon","coordinates":[[[133.270034,35.49404],[133.26833,35.495289],[133.266613,35.497055],[133.265631,35.497801],[133.264982,35.498588],[133.263348,35.500042],[133.262411,35.501165],[133.261123,35.500357],[133.257483,35.498215],[133.256017,35.497409],[133.255395,35.498067],[133.254769,35.498138],[133.254354,35.497897],[133.253004,35.497655],[133.252008,35.496927],[133.250258,35.496819],[133.24949,35.496309],[133.247856,35.495376],[133.245869,35.494776],[133.24486,35.49411],[133.243499,35.492435],[133.242986,35.491952],[133.241622,35.491102],[133.24032,35.488949],[133.238418,35.487612],[133.236361,35.486025],[133.23835,35.486016],[133.238526,35.485914],[133.239275,35.486503],[133.240037,35.486682],[133.241165,35.487266],[133.242465,35.486409],[133.242981,35.486416],[133.243619,35.487106],[133.244654,35.487847],[133.245277,35.487273],[133.245782,35.487615],[133.247657,35.485877],[133.247472,35.485731],[133.248713,35.484537],[133.249309,35.484955],[133.251422,35.483052],[133.251541,35.483139],[133.25356,35.481365],[133.254605,35.482178],[133.255857,35.481059],[133.257011,35.481914],[133.259286,35.483574],[133.258428,35.484326],[133.259149,35.48488],[133.258339,35.485659],[133.258068,35.486076],[133.258404,35.48651],[133.258058,35.486858],[133.259277,35.487637],[133.260693,35.487622],[133.261839,35.488271],[133.261865,35.488623],[133.262243,35.48907],[133.263377,35.489981],[133.264619,35.491355],[133.264941,35.491304],[133.268138,35.493048],[133.270034,35.49404]]]},"properties":{"code":"312020850","name":"大篠津町","kihon1":"0850"}},
{"type":"Feature","geometry":{"type":"Polygon","coordinates":[[[133.281134,35.485506],[133.280817,35.485872],[133.280127,35.486298],[133.277603,35.488249],[133.27604,35.489101],[133.274769,35.49024],[133.273101,35.491477],[133.272467,35.492074],[133.270034,35.49404],[133.268138,35.493048],[133.264941,35.491304],[133.264619,35.491355],[133.263377,35.489981],[133.262243,35.48907],[133.261865,35.488623],[133.261839,35.488271],[133.260693,35.487622],[133.259277,35.487637],[133.258058,35.486858],[133.258404,35.48651],[133.258068,35.486076],[133.258339,35.485659],[133.259149,35.48488],[133.258428,35.484326],[133.259286,35.483574],[133.257011,35.481914],[133.257841,35.48119],[133.258652,35.480301],[133.259449,35.479434],[133.260001,35.479166],[133.260694,35.479065],[133.261717,35.478638],[133.263315,35.478267],[133.26438,35.477935],[133.266226,35.477113],[133.268108,35.475895],[133.270783,35.477538],[133.272257,35.47829],[133.274788,35.479782],[133.275283,35.480477],[133.27769,35.482656],[133.28032,35.48477],[133.281134,35.485506]]]},"properties":{"code":"312020860","name":"和田町","kihon1":"0860"}},
{"type":"Feature","geometry":{"type":"Polygon","coordinates":[[[133.283473,35.462404],[133.285541,35.464977],[133.288432,35.466936],[133.290659,35.468761],[133.290768,35.469035],[133.291727,35.470022],[133.292316,35.470759],[133.2928,35.4705],[133.294533,35.47275],[133.296191,35.474805],[133.29717,35.476157],[133.294816,35.477508],[133.293505,35.478034],[133.290994,35.479584],[133.289414,35.480671],[133.287266,35.481687],[133.286054,35.482665],[133.284486,35.483495],[133.283069,35.484558],[133.281134,35.485506],[133.28032,35.48477],[133.27769,35.482656],[133.275283,35.480477],[133.274788,35.479782],[133.272257,35.47829],[133.270783,35.477538],[133.268108,35.475895],[133.266984,35.475492],[133.268086,35.473972],[133.269859,35.472178],[133.271693,35.470168],[133.272731,35.468904],[133.276078,35.465567],[133.2764,35.465912],[133.277432,35.466629],[133.278426,35.465812],[133.280217,35.464748],[133.282035,35.463516],[133.283473,35.462404]]]},"properties":{"code":"312020870","name":"富益町","kihon1":"0870"}},
{"type":"Feature","geometry":{"type":"Polygon","coordinates":[[[133.311004,35.470837],[133.310685,35.470515],[133.309873,35.470978],[133.309315,35.470924],[133.308147,35.471464],[133.30712,35.471727],[133.305058,35.472738],[133.301307,35.474316],[133.300637,35.474336],[133.299351,35.474819],[133.298372,35.47551],[133.29717,35.476157],[133.296191,35.474805],[133.294533,35.47275],[133.2928,35.4705],[133.292316,35.470759],[133.291727,35.470022],[133.290768,35.469035],[133.290659,35.468761],[133.288432,35.466936],[133.285541,35.464977],[133.283473,35.462404],[133.284413,35.461589],[133.286012,35.460521],[133.287704,35.459177],[133.289364,35.458622],[133.290438,35.457829],[133.292217,35.45583],[133.293035,35.455005],[133.295552,35.453108],[133.295813,35.452845],[133.296951,35.453767],[133.298643,35.456921],[133.298873,35.457239],[133.302372,35.46118],[133.304089,35.46307],[133.304956,35.46311],[133.306276,35.464059],[133.307767,35.465656],[133.308596,35.466894],[133.308949,35.46771],[133.311004,35.470837]]]},"properties":{"code":"312020880","name":"夜見町","kihon1":"0880"}},
{"type":"Feature","geometry":{"type":"Polygon","coordinates":[[[133.388281,35.429027],[133.387567,35.429869],[133.387217,35.429673],[133.3867,35.430279],[133.386455,35.430139],[133.385908,35.430806],[133.385459,35.43063],[133.385333,35.431413],[133.384999,35.431738],[133.383959,35.431982],[133.383286,35.432347],[133.383269,35.431059],[133.383141,35.430349],[133.382507,35.431111],[133.382145,35.431342],[133.380999,35.431442],[133.380855,35.42963],[133.380735,35.428295],[133.3806,35.426641],[133.380491,35.423757],[133.379325,35.423851],[133.379244,35.422094],[133.38003,35.422228],[133.380413,35.421781],[133.380476,35.422876],[133.382815,35.422695],[133.382972,35.423519],[133.385686,35.423318],[133.385809,35.422784],[133.386271,35.422284],[133.386264,35.421388],[133.388586,35.421166],[133.38879,35.421679],[133.390324,35.421406],[133.390413,35.422099],[133.389293,35.422198],[133.389534,35.423989],[133.388233,35.424101],[133.388466,35.425823],[133.387893,35.425919],[133.387989,35.426862],[133.388014,35.428423],[133.388495,35.428507],[133.388281,35.429027]]]},"properties":{"code":"312020890","name":"蚊屋","kihon1":"0890"}},
{"type":"Feature","geometry":{"type":"Polygon","coordinates":[[[133.397034,35.42495],[133.396291,35.425518],[133.395765,35.425148],[133.395354,35.425263],[133.393841,35.428467],[133.39358,35.428601],[133.390535,35.428783],[133.390285,35.428984],[133.38886,35.42912],[133.388281,35.429027],[133.388495,35.428507],[133.388014,35.428423],[133.387989,35.426862],[133.387893,35.425919],[133.388466,35.425823],[133.388233,35.424101],[133.389534,35.423989],[133.389293,35.422198],[133.390413,35.422099],[133.392949,35.421867],[133.39401,35.422209],[133.394607,35.421091],[133.39686,35.421832],[133.396227,35.423126],[133.397208,35.423211],[133.39724,35.424118],[133.397034,35.42495]]]},"properties":{"code":"312020900","name":"今在家","kihon1":"0900"}},
{"type":"Feature","geometry":{"type":"Polygon","coordinates":[[[133.394031,35.453504],[133.393211,35.453732],[133.392302,35.453489],[133.391696,35.453558],[133.391029,35.450381],[133.391526,35.449906],[133.390966,35.448104],[133.391048,35.446863],[133.390776,35.446115],[133.390313,35.44535],[133.389748,35.444727],[133.388863,35.444375],[133.388503,35.443859],[133.387827,35.443363],[133.387735,35.44246],[133.386647,35.44143],[133.3865,35.440694],[133.386544,35.440108],[133.386868,35.439007],[133.386361,35.438705],[133.38569,35.438732],[133.38533,35.439032],[133.384009,35.438611],[133.384204,35.438391],[133.385099,35.437993],[133.385139,35.437449],[133.385692,35.436132],[133.385505,35.43536],[133.384855,35.434159],[133.384955,35.433883],[133.384479,35.433064],[133.384234,35.432945],[133.384121,35.432257],[133.384999,35.431738],[133.385333,35.431413],[133.385459,35.43063],[133.385908,35.430806],[133.386455,35.430139],[133.3867,35.430279],[133.387217,35.429673],[133.387567,35.429869],[133.388281,35.429027],[133.38886,35.42912],[133.390285,35.428984],[133.390535,35.428783],[133.39358,35.428601],[133.393841,35.428467],[133.393002,35.430084],[133.3927,35.430442],[133.392737,35.431743],[133.393069,35.431352],[133.396041,35.432999],[133.394789,35.433381],[133.394102,35.433494],[133.393016,35.433496],[133.392953,35.434825],[133.392616,35.434903],[133.392735,35.436356],[133.391542,35.436421],[133.391765,35.438333],[133.390617,35.438404],[133.390726,35.439759],[133.3913,35.439877],[133.391766,35.441128],[133.391746,35.441938],[133.391429,35.443085],[133.391094,35.443495],[133.39123,35.444222],[133.391955,35.445531],[133.392684,35.447539],[133.393129,35.448606],[133.393326,35.450035],[133.394031,35.453504]]]},"properties":{"code":"312020910","name":"二本木","kihon1":"0910"}},
{"type":"Feature","geometry":{"type":"Polygon","coordinates":[[[133.378521,35.430361],[133.378203,35.429745],[133.374964,35.430142],[133.374302,35.429949],[133.37389,35.430291],[133.373047,35.430417],[133.373748,35.427066],[133.374013,35.427048],[133.37586,35.427069],[133.37716,35.42718],[133.378603,35.427399],[133.380016,35.427885],[133.380735,35.428295],[133.380855,35.42963],[133.380331,35.42957],[133.379879,35.430204],[133.378521,35.430361]]]},"properties":{"code":"312020920","name":"熊党","kihon1":"0920"}},
{"type":"Feature","geometry":{"type":"Polygon","coordinates":[[[133.380413,35.421781],[133.38003,35.422228],[133.379244,35.422094],[133.379325,35.423851],[133.380491,35.423757],[133.3806,35.426641],[133.380735,35.428295],[133.380016,35.427885],[133.378603,35.427399],[133.37716,35.42718],[133.37586,35.427069],[133.374013,35.427048],[133.374152,35.425905],[133.374231,35.424349],[133.373069,35.424336],[133.373389,35.423393],[133.373487,35.422339],[133.374419,35.422696],[133.374533,35.422322],[133.375446,35.42085],[133.377195,35.418224],[133.379113,35.418169],[133.37948,35.42102],[133.381196,35.420873],[133.380413,35.421781]]]},"properties":{"code":"312020930","name":"浦津","kihon1":"0930"}},
{"type":"Feature","geometry":{"type":"Polygon","coordinates":[[[133.378521,35.430361],[133.376838,35.430805],[133.376919,35.431875],[133.376659,35.433316],[133.376003,35.433182],[133.375611,35.432071],[133.375091,35.432099],[133.375133,35.432647],[133.374437,35.432717],[133.373075,35.432605],[133.371335,35.432841],[133.370163,35.433105],[133.3703,35.433528],[133.369356,35.433769],[133.367316,35.434421],[133.366671,35.431266],[133.366129,35.428378],[133.366053,35.427685],[133.366206,35.424742],[133.369,35.42464],[133.369185,35.426172],[133.369789,35.425696],[133.370487,35.424667],[133.372151,35.425362],[133.373069,35.424336],[133.374231,35.424349],[133.374152,35.425905],[133.374013,35.427048],[133.373748,35.427066],[133.373047,35.430417],[133.37389,35.430291],[133.374302,35.429949],[133.374964,35.430142],[133.378203,35.429745],[133.378521,35.430361]]]},"properties":{"code":"312020940","name":"吉岡","kihon1":"0940"}},
{"type":"Feature","geometry":{"type":"Polygon","coordinates":[[[133.397114,35.411068],[133.396064,35.411043],[133.395304,35.411891],[133.393883,35.412348],[133.393598,35.410506],[133.393588,35.409029],[133.393391,35.407236],[133.387635,35.407794],[133.387469,35.405795],[133.393272,35.405344],[133.394496,35.405233],[133.3946,35.405015],[133.39806,35.404902],[133.398902,35.404193],[133.400064,35.40524],[133.399833,35.405768],[133.397366,35.407051],[133.397114,35.411068]]]},"properties":{"code":"312020950","name":"一部","kihon1":"0950"}},
{"type":"Feature","geometry":{"type":"Polygon","coordinates":[[[133.391679,35.414152],[133.388117,35.414506],[133.383509,35.414907],[133.383121,35.412048],[133.385225,35.411866],[133.384949,35.409915],[133.387647,35.409663],[133.387521,35.408711],[133.387747,35.408681],[133.387635,35.407794],[133.393391,35.407236],[133.393588,35.409029],[133.393598,35.410506],[133.393883,35.412348],[133.392299,35.412778],[133.391525,35.412891],[133.391679,35.414152]]]},"properties":{"code":"312020960","name":"上新印","kihon1":"0960"}},
{"type":"Feature","geometry":{"type":"Polygon","coordinates":[[[133.400874,35.425756],[133.400651,35.425992],[133.398211,35.42599],[133.398177,35.425353],[133.397034,35.42495],[133.39724,35.424118],[133.397208,35.423211],[133.396227,35.423126],[133.39686,35.421832],[133.394607,35.421091],[133.39401,35.422209],[133.392949,35.421867],[133.390413,35.422099],[133.390324,35.421406],[133.38879,35.421679],[133.388586,35.421166],[133.390259,35.421016],[133.389917,35.418325],[133.392218,35.418107],[133.391679,35.414152],[133.391525,35.412891],[133.392299,35.412778],[133.393883,35.412348],[133.395304,35.411891],[133.396064,35.411043],[133.397114,35.411068],[133.396928,35.413777],[133.398027,35.413836],[133.397948,35.414894],[133.400491,35.413247],[133.400068,35.41766],[133.401017,35.417715],[133.400926,35.415088],[133.401262,35.415087],[133.401399,35.416238],[133.401516,35.417271],[133.402332,35.417365],[133.402086,35.418018],[133.402408,35.41819],[133.402338,35.418971],[133.401793,35.419526],[133.401276,35.419522],[133.401219,35.421002],[133.400995,35.423746],[133.400874,35.425756]]]},"properties":{"code":"312020970","name":"赤井手","kihon1":"0970"}},
{"type":"Feature","geometry":{"type":"Polygon","coordinates":[[[133.388586,35.421166],[133.386264,35.421388],[133.386271,35.422284],[133.385809,35.422784],[133.385686,35.423318],[133.382972,35.423519],[133.382815,35.422695],[133.380476,35.422876],[133.380413,35.421781],[133.381196,35.420873],[133.37948,35.42102],[133.379113,35.418169],[133.377195,35.418224],[133.379161,35.416421],[133.380058,35.415239],[133.383509,35.414907],[133.388117,35.414506],[133.391679,35.414152],[133.392218,35.418107],[133.389917,35.418325],[133.390259,35.421016],[133.388586,35.421166]]]},"properties":{"code":"312020980","name":"下新印","kihon1":"0980"}},
{"type":"Feature","geometry":{"type":"Polygon","coordinates":[[[133.373069,35.424336],[133.372151,35.425362],[133.370487,35.424667],[133.369789,35.425696],[133.369185,35.426172],[133.369,35.42464],[133.366206,35.424742],[133.366317,35.423105],[133.366427,35.420602],[133.366644,35.419112],[133.367143,35.417531],[133.367602,35.41638],[133.368619,35.414651],[133.369174,35.414101],[133.375932,35.408123],[133.376719,35.407554],[133.378819,35.406362],[133.380653,35.405421],[133.381308,35.406548],[133.381087,35.406965],[133.380122,35.407753],[133.379201,35.409154],[133.379291,35.409318],[133.379123,35.411613],[133.379196,35.41238],[133.380068,35.411728],[133.380424,35.412222],[133.380491,35.41345],[133.380664,35.413643],[133.380058,35.415239],[133.379161,35.416421],[133.377195,35.418224],[133.375446,35.42085],[133.374533,35.422322],[133.374419,35.422696],[133.373487,35.422339],[133.373389,35.423393],[133.373069,35.424336]]]},"properties":{"code":"312020990","name":"古豊千","kihon1":"0990"}},
{"type":"Feature","geometry":{"type":"Polygon","coordinates":[[[133.383509,35.414907],[133.380058,35.415239],[133.380664,35.413643],[133.380491,35.41345],[133.380424,35.412222],[133.380068,35.411728],[133.379196,35.41238],[133.379123,35.411613],[133.379291,35.409318],[133.379201,35.409154],[133.380122,35.407753],[133.381087,35.406965],[133.381308,35.406548],[133.380653,35.405421],[133.38099,35.405248],[133.382267,35.404685],[133.382994,35.405854],[133.383809,35.406292],[133.384812,35.40605],[133.387469,35.405795],[133.387635,35.407794],[133.387747,35.408681],[133.387521,35.408711],[133.387647,35.409663],[133.384949,35.409915],[133.385225,35.411866],[133.383121,35.412048],[133.383509,35.414907]]]},"properties":{"code":"312021000","name":"高島","kihon1":"1000"}},
{"type":"Feature","geometry":{"type":"Polygon","coordinates":[[[133.387469,35.405795],[133.384812,35.40605],[133.383809,35.406292],[133.382994,35.405854],[133.382267,35.404685],[133.385315,35.403521],[133.38714,35.402914],[133.391513,35.401655],[133.393173,35.400906],[133.393782,35.400406],[133.394419,35.402214],[133.394684,35.402476],[133.394655,35.403028],[133.394249,35.403261],[133.393294,35.403374],[133.393132,35.403547],[133.393272,35.405344],[133.387469,35.405795]]]},"properties":{"code":"312021010","name":"東八幡","kihon1":"1010"}},
{"type":"Feature","geometry":{"type":"Polygon","coordinates":[[[133.400064,35.40524],[133.398902,35.404193],[133.39806,35.404902],[133.3946,35.405015],[133.394496,35.405233],[133.393272,35.405344],[133.393132,35.403547],[133.393294,35.403374],[133.394249,35.403261],[133.394655,35.403028],[133.394684,35.402476],[133.394419,35.402214],[133.393782,35.400406],[133.395942,35.398635],[133.396597,35.399244],[133.39801,35.400092],[133.397633,35.402138],[133.399958,35.402069],[133.399945,35.403213],[133.400042,35.404609],[133.400064,35.40524]]]},"properties":{"code":"312021020","name":"水浜","kihon1":"1020"}},
{"type":"Feature","geometry":{"type":"Polygon","coordinates":[[[133.408005,35.431507],[133.407571,35.431771],[133.407133,35.43257],[133.40608,35.434054],[133.406172,35.433203],[133.404918,35.433125],[133.40491,35.431718],[133.405231,35.427926],[133.405494,35.427037],[133.405361,35.426749],[133.404121,35.426672],[133.40422,35.425299],[133.403048,35.425243],[133.403025,35.425493],[133.402116,35.425438],[133.401641,35.425717],[133.401703,35.42456],[133.401456,35.423705],[133.400995,35.423746],[133.401219,35.421002],[133.401276,35.419522],[133.401793,35.419526],[133.402338,35.418971],[133.402408,35.41819],[133.402086,35.418018],[133.402332,35.417365],[133.401516,35.417271],[133.401399,35.416238],[133.40169,35.416234],[133.401576,35.414538],[133.402068,35.414719],[133.402062,35.413934],[133.402529,35.413938],[133.403069,35.414954],[133.403616,35.415184],[133.403728,35.415536],[133.404516,35.415061],[133.404195,35.41269],[133.40383,35.411683],[133.403577,35.41139],[133.406321,35.409434],[133.406583,35.409677],[133.411908,35.409185],[133.412053,35.410166],[133.417896,35.40961],[133.418009,35.410581],[133.419876,35.410409],[133.420681,35.410491],[133.420986,35.410253],[133.422522,35.410381],[133.423379,35.410583],[133.425046,35.410341],[133.426863,35.410436],[133.429536,35.409951],[133.430286,35.410001],[133.433722,35.409889],[133.435072,35.409471],[133.435512,35.409021],[133.436352,35.408812],[133.437843,35.407946],[133.438998,35.407598],[133.440382,35.40761],[133.441451,35.407112],[133.442675,35.406368],[133.442856,35.407514],[133.442816,35.408112],[133.442365,35.408855],[133.442039,35.409657],[133.442151,35.410567],[133.442883,35.410842],[133.442873,35.411289],[133.441738,35.412564],[133.441725,35.413954],[133.442398,35.414701],[133.439254,35.415024],[133.435716,35.415182],[133.433673,35.415742],[133.430573,35.416295],[133.428678,35.416538],[133.422962,35.416641],[133.417584,35.416139],[133.417411,35.416611],[133.416936,35.416699],[133.415734,35.417629],[133.416465,35.420348],[133.417038,35.42072],[133.41742,35.422005],[133.417859,35.422103],[133.417909,35.423298],[133.417098,35.423344],[133.41581,35.423245],[133.414677,35.423893],[133.413893,35.423899],[133.413181,35.424263],[133.413034,35.424777],[133.412634,35.425069],[133.411843,35.425223],[133.411701,35.42618],[133.410546,35.426344],[133.411195,35.428416],[133.411425,35.429718],[133.410483,35.429716],[133.409032,35.430673],[133.409122,35.430804],[133.408005,35.431507]]]},"properties":{"code":"312021030","name":"尾高","kihon1":"1030"}},
{"type":"Feature","geometry":{"type":"Polygon","coordinates":[[[133.449388,35.417472],[133.448206,35.417161],[133.447302,35.417027],[133.445371,35.417176],[133.443177,35.417574],[133.440539,35.418463],[133.440058,35.418707],[133.438984,35.419662],[133.438416,35.419959],[133.43693,35.420233],[133.432049,35.421395],[133.431046,35.42155],[133.427828,35.422236],[133.425148,35.42272],[133.420777,35.423108],[133.419278,35.422884],[133.417909,35.423298],[133.417859,35.422103],[133.41742,35.422005],[133.417038,35.42072],[133.416465,35.420348],[133.415734,35.417629],[133.416936,35.416699],[133.417411,35.416611],[133.417584,35.416139],[133.422962,35.416641],[133.428678,35.416538],[133.430573,35.416295],[133.433673,35.415742],[133.435716,35.415182],[133.439254,35.415024],[133.442398,35.414701],[133.444408,35.414583],[133.445405,35.414689],[133.448138,35.415136],[133.448872,35.41531],[133.449659,35.41566],[133.450253,35.416124],[133.450878,35.416293],[133.45215,35.416441],[133.451507,35.417743],[133.451046,35.417498],[133.450173,35.417322],[133.449388,35.417472]]]},"properties":{"code":"312021040","name":"岡成","kihon1":"1040"}},
{"type":"Feature","geometry":{"type":"Polygon","coordinates":[[[133.423607,35.432621],[133.422504,35.431816],[133.421548,35.430837],[133.421153,35.429759],[133.419103,35.427977],[133.418017,35.426976],[133.417215,35.426942],[133.416438,35.427636],[133.41614,35.428575],[133.415689,35.429281],[133.414368,35.430108],[133.41456,35.43055],[133.414563,35.431697],[133.414777,35.432532],[133.414789,35.433507],[133.414402,35.434307],[133.414724,35.435172],[133.414757,35.435697],[133.415024,35.436209],[133.414001,35.435894],[133.413646,35.436522],[133.41408,35.437252],[133.412947,35.437107],[133.411445,35.436692],[133.411108,35.437469],[133.410512,35.437287],[133.411043,35.435593],[133.411325,35.434237],[133.410037,35.434275],[133.410084,35.433252],[133.410752,35.433042],[133.41059,35.432079],[133.4079,35.432106],[133.408005,35.431507],[133.409122,35.430804],[133.409032,35.430673],[133.410483,35.429716],[133.411425,35.429718],[133.411195,35.428416],[133.410546,35.426344],[133.411701,35.42618],[133.411843,35.425223],[133.412634,35.425069],[133.413034,35.424777],[133.413181,35.424263],[133.413893,35.423899],[133.414677,35.423893],[133.41581,35.423245],[133.417098,35.423344],[133.417909,35.423298],[133.419278,35.422884],[133.420777,35.423108],[133.425148,35.42272],[133.427828,35.422236],[133.431046,35.42155],[133.432049,35.421395],[133.43693,35.420233],[133.438416,35.419959],[133.438984,35.419662],[133.440058,35.418707],[133.440539,35.418463],[133.443177,35.417574],[133.445371,35.417176],[133.447302,35.417027],[133.448206,35.417161],[133.449388,35.417472],[133.446641,35.418478],[133.44589,35.419229],[133.445343,35.419562],[133.444338,35.419933],[133.442724,35.420064],[133.440904,35.420535],[133.440049,35.420835],[133.439218,35.421293],[133.437954,35.422598],[133.436879,35.422906],[133.435748,35.423329],[133.434778,35.424006],[133.433807,35.424489],[133.432994,35.425609],[133.432771,35.42509],[133.432454,35.424914],[133.431188,35.42488],[133.430823,35.424987],[133.429937,35.426053],[133.429613,35.42621],[133.428737,35.425846],[133.428051,35.426682],[133.428202,35.427017],[133.427741,35.428287],[133.42735,35.429053],[133.426701,35.42999],[133.425493,35.431098],[133.42489,35.431236],[133.42454,35.431762],[133.424607,35.432539],[133.423607,35.432621]]]},"properties":{"code":"312021050","name":"泉","kihon1":"1050"}},
{"type":"Feature","geometry":{"type":"Polygon","coordinates":[[[133.399071,35.436515],[133.398784,35.43541],[133.39874,35.43279],[133.398811,35.430958],[133.399165,35.429729],[133.399683,35.428629],[133.400152,35.428028],[133.400562,35.427206],[133.400874,35.425756],[133.400995,35.423746],[133.401456,35.423705],[133.401703,35.42456],[133.401641,35.425717],[133.402116,35.425438],[133.403025,35.425493],[133.403048,35.425243],[133.40422,35.425299],[133.404121,35.426672],[133.405361,35.426749],[133.405494,35.427037],[133.405231,35.427926],[133.40491,35.431718],[133.403816,35.431661],[133.403339,35.436736],[133.399071,35.436515]]]},"properties":{"code":"312021060","name":"下郷","kihon1":"1060"}},
{"type":"Feature","geometry":{"type":"Polygon","coordinates":[[[133.442675,35.406368],[133.441451,35.407112],[133.440382,35.40761],[133.438998,35.407598],[133.437843,35.407946],[133.436352,35.408812],[133.435512,35.409021],[133.435072,35.409471],[133.433722,35.409889],[133.430286,35.410001],[133.429536,35.409951],[133.426863,35.410436],[133.425046,35.410341],[133.423379,35.410583],[133.422522,35.410381],[133.420986,35.410253],[133.420681,35.410491],[133.419876,35.410409],[133.418009,35.410581],[133.417896,35.40961],[133.412053,35.410166],[133.411908,35.409185],[133.406583,35.409677],[133.406321,35.409434],[133.40721,35.408708],[133.408316,35.407481],[133.409404,35.405723],[133.409839,35.404571],[133.410139,35.404078],[133.411106,35.403278],[133.414183,35.401677],[133.41712,35.400431],[133.41872,35.399985],[133.420325,35.399961],[133.420969,35.39984],[133.421943,35.399192],[133.422267,35.399465],[133.423727,35.399747],[133.425945,35.399585],[133.429159,35.399128],[133.430023,35.398933],[133.430637,35.398639],[133.431558,35.397897],[133.43245,35.397673],[133.433015,35.397403],[133.434466,35.397827],[133.436114,35.397801],[133.437087,35.397123],[133.437396,35.396687],[133.43784,35.396949],[133.439184,35.397336],[133.439769,35.397648],[133.441494,35.398347],[133.442318,35.398899],[133.443382,35.398994],[133.443998,35.398528],[133.444939,35.398477],[133.444882,35.398896],[133.445121,35.399478],[133.444586,35.400475],[133.444411,35.401251],[133.444548,35.402337],[133.444446,35.403578],[133.443658,35.404461],[133.443396,35.405093],[133.442675,35.406368]]]},"properties":{"code":"312021070","name":"日下","kihon1":"1070"}},
{"type":"Feature","geometry":{"type":"Polygon","coordinates":[[[133.430464,35.391617],[133.429069,35.392399],[133.427987,35.393333],[133.425977,35.393917],[133.425001,35.394372],[133.42432,35.394848],[133.423447,35.395006],[133.421557,35.396037],[133.419248,35.397032],[133.417243,35.397707],[133.415872,35.397929],[133.415241,35.398167],[133.413697,35.398467],[133.412995,35.398304],[133.413326,35.399271],[133.414011,35.399847],[133.412217,35.40067],[133.41189,35.400179],[133.411337,35.400108],[133.410392,35.400282],[133.409244,35.399677],[133.408942,35.399018],[133.407929,35.398295],[133.40688,35.398128],[133.40491,35.398108],[133.404466,35.397872],[133.404175,35.397269],[133.405224,35.397024],[133.405606,35.396612],[133.406026,35.395802],[133.406475,35.394609],[133.407088,35.394772],[133.408033,35.395377],[133.409708,35.393581],[133.410037,35.393781],[133.411528,35.392162],[133.411499,35.391742],[133.412427,35.391584],[133.412844,35.391],[133.413428,35.390924],[133.41363,35.390453],[133.414506,35.390209],[133.41485,35.389782],[133.415431,35.389531],[133.416101,35.389537],[133.417372,35.389087],[133.418075,35.38916],[133.419356,35.388499],[133.420028,35.388947],[133.421,35.389221],[133.420579,35.389486],[133.420892,35.39009],[133.421673,35.390192],[133.423042,35.390147],[133.424113,35.3906],[133.426643,35.39103],[133.428472,35.391183],[133.429777,35.391531],[133.430464,35.391617]]]},"properties":{"code":"312021080","name":"石州府","kihon1":"1080"}},
{"type":"Feature","geometry":{"type":"Polygon","coordinates":[[[133.411106,35.403278],[133.410308,35.402533],[133.408889,35.403145],[133.407458,35.403528],[133.406381,35.404212],[133.405359,35.404381],[133.404314,35.404768],[133.403299,35.404962],[133.403268,35.404575],[133.402641,35.404592],[133.401416,35.405192],[133.401807,35.404505],[133.402083,35.404199],[133.401921,35.403801],[133.402293,35.402955],[133.402139,35.402457],[133.402198,35.40145],[133.402401,35.400169],[133.403026,35.398884],[133.402688,35.398554],[133.403096,35.397873],[133.4036,35.39744],[133.404175,35.397269],[133.404466,35.397872],[133.40491,35.398108],[133.40688,35.398128],[133.407929,35.398295],[133.408942,35.399018],[133.409244,35.399677],[133.410392,35.400282],[133.411337,35.400108],[133.41189,35.400179],[133.412217,35.40067],[133.414011,35.399847],[133.413326,35.399271],[133.412995,35.398304],[133.413697,35.398467],[133.415241,35.398167],[133.415872,35.397929],[133.417243,35.397707],[133.419248,35.397032],[133.421557,35.396037],[133.423447,35.395006],[133.42432,35.394848],[133.425001,35.394372],[133.425977,35.393917],[133.427987,35.393333],[133.429069,35.392399],[133.430464,35.391617],[133.431316,35.391489],[133.432539,35.391671],[133.434918,35.391423],[133.437745,35.390884],[133.439865,35.390604],[133.440535,35.39043],[133.440801,35.390614],[133.442197,35.391067],[133.442847,35.391474],[133.443423,35.392014],[133.444136,35.392289],[133.445107,35.392289],[133.445924,35.392976],[133.447066,35.394845],[133.446633,35.395316],[133.446095,35.395638],[133.446079,35.396786],[133.445556,35.39712],[133.445268,35.397974],[133.444939,35.398477],[133.443998,35.398528],[133.443382,35.398994],[133.442318,35.398899],[133.441494,35.398347],[133.439769,35.397648],[133.439184,35.397336],[133.43784,35.396949],[133.437396,35.396687],[133.437087,35.397123],[133.436114,35.397801],[133.434466,35.397827],[133.433015,35.397403],[133.43245,35.397673],[133.431558,35.397897],[133.430637,35.398639],[133.430023,35.398933],[133.429159,35.399128],[133.425945,35.399585],[133.423727,35.399747],[133.422267,35.399465],[133.421943,35.399192],[133.420969,35.39984],[133.420325,35.399961],[133.41872,35.399985],[133.41712,35.400431],[133.414183,35.401677],[133.411106,35.403278]]]},"properties":{"code":"312021090","name":"福万","kihon1":"1090"}},
{"type":"Feature","geometry":{"type":"Polygon","coordinates":[[[133.401399,35.416238],[133.401262,35.415087],[133.400926,35.415088],[133.401017,35.417715],[133.400068,35.41766],[133.400491,35.413247],[133.397948,35.414894],[133.398027,35.413836],[133.396928,35.413777],[133.397114,35.411068],[133.397366,35.407051],[133.399833,35.405768],[133.400064,35.40524],[133.400042,35.404609],[133.401807,35.404505],[133.401416,35.405192],[133.402641,35.404592],[133.403268,35.404575],[133.403299,35.404962],[133.404314,35.404768],[133.405359,35.404381],[133.406381,35.404212],[133.407458,35.403528],[133.408889,35.403145],[133.410308,35.402533],[133.411106,35.403278],[133.410139,35.404078],[133.409839,35.404571],[133.409404,35.405723],[133.408316,35.407481],[133.40721,35.408708],[133.406321,35.409434],[133.403577,35.41139],[133.40383,35.411683],[133.404195,35.41269],[133.404516,35.415061],[133.403728,35.415536],[133.403616,35.415184],[133.403069,35.414954],[133.402529,35.413938],[133.402062,35.413934],[133.402068,35.414719],[133.401576,35.414538],[133.40169,35.416234],[133.401399,35.416238]]]},"properties":{"code":"312021100","name":"河岡","kihon1":"1100"}},
{"type":"Feature","geometry":{"type":"Polygon","coordinates":[[[133.238526,35.485914],[133.23835,35.486016],[133.236361,35.486025],[133.234696,35.484325],[133.227005,35.477211],[133.247373,35.462603],[133.248323,35.462001],[133.256463,35.456244],[133.259035,35.454364],[133.260579,35.453341],[133.262264,35.452317],[133.266121,35.449891],[133.270763,35.446919],[133.271775,35.446312],[133.272643,35.445933],[133.276841,35.444485],[133.282332,35.442562],[133.291925,35.43917],[133.292471,35.439045],[133.299174,35.436841],[133.300557,35.436331],[133.309745,35.430472],[133.319157,35.412478],[133.31986,35.412991],[133.321048,35.412638],[133.321424,35.413362],[133.320866,35.413514],[133.320777,35.413404],[133.319139,35.414379],[133.318564,35.415039],[133.317785,35.415944],[133.31752,35.416415],[133.317606,35.416951],[133.320589,35.420616],[133.320895,35.420846],[133.321699,35.421033],[133.322018,35.420858],[133.322709,35.419053],[133.322868,35.419354],[133.322338,35.420775],[133.322853,35.421321],[133.324172,35.421635],[133.325261,35.422102],[133.325289,35.422296],[133.324868,35.422545],[133.322949,35.422896],[133.321562,35.423507],[133.321845,35.424681],[133.321274,35.425266],[133.319995,35.425553],[133.320708,35.428758],[133.321155,35.430617],[133.3224,35.430867],[133.321969,35.432223],[133.322428,35.432701],[133.321347,35.432575],[133.32143,35.433303],[133.320992,35.433626],[133.318653,35.433941],[133.31804,35.433259],[133.316643,35.431375],[133.312833,35.433161],[133.311408,35.433562],[133.311484,35.433744],[133.307482,35.434872],[133.308218,35.436662],[133.308368,35.436743],[133.311271,35.436597],[133.312659,35.436446],[133.313057,35.43649],[133.312782,35.436623],[133.311237,35.436786],[133.309492,35.436892],[133.308022,35.437183],[133.30646,35.437729],[133.305258,35.43827],[133.306295,35.437599],[133.307896,35.437032],[133.307985,35.436838],[133.307191,35.434955],[133.303559,35.436011],[133.302895,35.436899],[133.302077,35.437739],[133.301561,35.437969],[133.300791,35.438542],[133.300293,35.438315],[133.299904,35.438438],[133.29856,35.438903],[133.29692,35.439281],[133.295245,35.440305],[133.295331,35.440702],[133.293837,35.441245],[133.293709,35.440697],[133.293903,35.439862],[133.293591,35.439402],[133.293049,35.439121],[133.292321,35.43914],[133.289373,35.440129],[133.28525,35.441585],[133.272961,35.44588],[133.272039,35.446223],[133.271097,35.4468],[133.266943,35.449467],[133.261391,35.452983],[133.260804,35.453949],[133.260785,35.454506],[133.260985,35.455052],[133.261805,35.456637],[133.262822,35.458744],[133.263804,35.459487],[133.263271,35.45999],[133.259949,35.462991],[133.259353,35.463581],[133.257224,35.465476],[133.257023,35.466233],[133.257363,35.466999],[133.256821,35.467114],[133.256293,35.467489],[133.253199,35.47032],[133.251736,35.469889],[133.250759,35.469925],[133.250375,35.470097],[133.249026,35.471362],[133.247941,35.472372],[133.247709,35.472719],[133.247897,35.473172],[133.249324,35.474221],[133.249708,35.473866],[133.250503,35.474555],[133.248402,35.476975],[133.247779,35.476764],[133.248748,35.475594],[133.24861,35.474655],[133.246748,35.473359],[133.244939,35.47543],[133.244293,35.47549],[133.241178,35.478856],[133.240924,35.479461],[133.240625,35.479463],[133.239694,35.48051],[133.239831,35.481152],[133.242259,35.482651],[133.242237,35.482869],[133.240943,35.484015],[133.240473,35.484705],[133.239828,35.484513],[133.239539,35.484994],[133.238526,35.485914]]]},"properties":{"code":"312021110","name":"中海","kihon1":"1110"}},
{"type":"Feature","geometry":{"type":"Polygon","coordinates":[[[133.360383,35.453496],[133.361001,35.454233],[133.36128,35.45498],[133.361426,35.456141],[133.35896,35.456393],[133.356339,35.456974],[133.355466,35.454543],[133.357455,35.454166],[133.360383,35.453496]]]},"properties":{"code":"31202112001","name":"皆生温泉一丁目","kihon1":"1120"}},
{"type":"Feature","geometry":{"type":"Polygon","coordinates":[[[133.365739,35.452324],[133.366352,35.455639],[133.361426,35.456141],[133.36128,35.45498],[133.361001,35.454233],[133.360383,35.453496],[133.361049,35.453299],[133.362404,35.453118],[133.362339,35.452902],[133.365739,35.452324]]]},"properties":{"code":"31202112002","name":"皆生温泉二丁目","kihon1":"1120"}},
{"type":"Feature","geometry":{"type":"Polygon","coordinates":[[[133.370296,35.457573],[133.367564,35.458276],[133.367101,35.459094],[133.36657,35.458611],[133.365872,35.458608],[133.365268,35.459309],[133.364848,35.459306],[133.364348,35.4589],[133.363184,35.45895],[133.363059,35.4595],[133.362619,35.459522],[133.362377,35.459181],[133.361784,35.458993],[133.361426,35.456141],[133.366352,35.455639],[133.369671,35.455315],[133.370102,35.456628],[133.370296,35.457573]]]},"properties":{"code":"31202112003","name":"皆生温泉三丁目","kihon1":"1120"}},
{"type":"Feature","geometry":{"type":"Polygon","coordinates":[[[133.361784,35.458993],[133.361327,35.459094],[133.361024,35.459678],[133.360396,35.459619],[133.359951,35.459242],[133.359089,35.459321],[133.358524,35.460038],[133.358033,35.459662],[133.357174,35.459526],[133.356705,35.459781],[133.356499,35.460307],[133.356168,35.46034],[133.355525,35.459883],[133.355069,35.459857],[133.354193,35.460635],[133.353655,35.458538],[133.353297,35.457434],[133.356339,35.456974],[133.35896,35.456393],[133.361426,35.456141],[133.361784,35.458993]]]},"properties":{"code":"31202112004","name":"皆生温泉四丁目","kihon1":"1120"}},
{"type":"Feature","geometry":{"type":"Polygon","coordinates":[[[133.35205,35.452528],[133.35268,35.455117],[133.352193,35.455203],[133.352804,35.457515],[133.351567,35.457752],[133.349947,35.452998],[133.352071,35.452484],[133.35205,35.452528]]]},"properties":{"code":"31202113001","name":"新開一丁目","kihon1":"1130"}},
{"type":"Feature","geometry":{"type":"Polygon","coordinates":[[[133.349947,35.452998],[133.351567,35.457752],[133.349174,35.458304],[133.347651,35.458476],[133.34663,35.455116],[133.346368,35.453923],[133.346353,35.453879],[133.349897,35.453009],[133.349947,35.452998]]]},"properties":{"code":"31202113002","name":"新開二丁目","kihon1":"1130"}},
{"type":"Feature","geometry":{"type":"Polygon","coordinates":[[[133.354193,35.460635],[133.353737,35.460216],[133.353142,35.460017],[133.352689,35.460086],[133.352201,35.460733],[133.351858,35.460737],[133.351127,35.460294],[133.350296,35.460463],[133.34994,35.461082],[133.349238,35.460808],[133.348378,35.460739],[133.347651,35.458476],[133.349174,35.458304],[133.351567,35.457752],[133.352804,35.457515],[133.353297,35.457434],[133.353655,35.458538],[133.354193,35.460635]]]},"properties":{"code":"31202113003","name":"新開三丁目","kihon1":"1130"}},
{"type":"Feature","geometry":{"type":"Polygon","coordinates":[[[133.348378,35.460739],[133.347895,35.461338],[133.347376,35.461594],[133.346737,35.461164],[133.346142,35.461249],[133.345739,35.461934],[133.345351,35.462014],[133.34477,35.461745],[133.343941,35.461907],[133.343746,35.462415],[133.343098,35.462502],[133.342518,35.462147],[133.341709,35.462425],[133.341253,35.462275],[133.34114,35.462035],[133.340104,35.46096],[133.338514,35.460261],[133.341776,35.459477],[133.343361,35.45911],[133.344814,35.458875],[133.34609,35.458529],[133.347651,35.458476],[133.348378,35.460739]]]},"properties":{"code":"31202113004","name":"新開四丁目","kihon1":"1130"}},
{"type":"Feature","geometry":{"type":"Polygon","coordinates":[[[133.346368,35.453923],[133.34663,35.455116],[133.347651,35.458476],[133.34609,35.458529],[133.344814,35.458875],[133.343551,35.454665],[133.343625,35.454646],[133.346368,35.453923]]]},"properties":{"code":"31202113005","name":"新開五丁目","kihon1":"1130"}},
{"type":"Feature","geometry":{"type":"Polygon","coordinates":[[[133.343551,35.454665],[133.344814,35.458875],[133.343361,35.45911],[133.341776,35.459477],[133.340684,35.456884],[133.340218,35.455498],[133.343551,35.454665]]]},"properties":{"code":"31202113006","name":"新開六丁目","kihon1":"1130"}},
{"type":"Feature","geometry":{"type":"Polygon","coordinates":[[[133.340218,35.455498],[133.340684,35.456884],[133.341776,35.459477],[133.338514,35.460261],[133.33815,35.459971],[133.337564,35.459051],[133.336143,35.457059],[133.335983,35.456586],[133.340211,35.4555],[133.340218,35.455498]]]},"properties":{"code":"31202113007","name":"新開七丁目","kihon1":"1130"}},
{"type":"Feature","geometry":{"type":"Polygon","coordinates":[[[133.39874,35.43279],[133.39762,35.43283],[133.397633,35.433395],[133.397392,35.433827],[133.396041,35.432999],[133.393069,35.431352],[133.392737,35.431743],[133.3927,35.430442],[133.393002,35.430084],[133.393841,35.428467],[133.395354,35.425263],[133.395765,35.425148],[133.396291,35.425518],[133.397034,35.42495],[133.398177,35.425353],[133.398211,35.42599],[133.400651,35.425992],[133.400874,35.425756],[133.400562,35.427206],[133.400152,35.428028],[133.399683,35.428629],[133.399165,35.429729],[133.398811,35.430958],[133.39874,35.43279]]]},"properties":{"code":"312021140","name":"流通町","kihon1":"1140"}},
{"type":"Feature","geometry":{"type":"Polygon","coordinates":[[[133.361158,35.429251],[133.357887,35.429802],[133.356339,35.430062],[133.356196,35.42769],[133.356379,35.427617],[133.356177,35.426067],[133.356159,35.425904],[133.35835,35.426121],[133.359253,35.426374],[133.359881,35.426718],[133.360295,35.427017],[133.36093,35.427895],[133.361237,35.428914],[133.361158,35.429251]]]},"properties":{"code":"31202115001","name":"車尾南一丁目","kihon1":"1150"}},
{"type":"Feature","geometry":{"type":"Polygon","coordinates":[[[133.36132,35.429224],[133.361158,35.429251],[133.361237,35.428914],[133.36093,35.427895],[133.360295,35.427017],[133.360432,35.426695],[133.36264,35.426231],[133.36264,35.425207],[133.363586,35.424445],[133.363558,35.423297],[133.366317,35.423105],[133.366206,35.424742],[133.366053,35.427685],[133.366129,35.428378],[133.36132,35.429224]]]},"properties":{"code":"31202115002","name":"車尾南二丁目","kihon1":"1150"}},
{"type":"Feature","geometry":{"type":"Polygon","coordinates":[[[133.358723,35.423436],[133.35835,35.426121],[133.356159,35.425904],[133.354173,35.425703],[133.354244,35.425385],[133.354934,35.42476],[133.355225,35.424288],[133.356102,35.424013],[133.356177,35.423569],[133.358723,35.423436]]]},"properties":{"code":"31202116001","name":"観音寺新町一丁目","kihon1":"1160"}},
{"type":"Feature","geometry":{"type":"Polygon","coordinates":[[[133.360552,35.421394],[133.360584,35.423349],[133.358723,35.423436],[133.356177,35.423569],[133.356174,35.422959],[133.356641,35.422294],[133.357492,35.421574],[133.360552,35.421394]]]},"properties":{"code":"31202116002","name":"観音寺新町二丁目","kihon1":"1160"}},
{"type":"Feature","geometry":{"type":"Polygon","coordinates":[[[133.360584,35.423349],[133.360624,35.425771],[133.360437,35.426257],[133.359881,35.426718],[133.359253,35.426374],[133.35835,35.426121],[133.358723,35.423436],[133.360584,35.423349]]]},"properties":{"code":"31202116003","name":"観音寺新町三丁目","kihon1":"1160"}},
{"type":"Feature","geometry":{"type":"Polygon","coordinates":[[[133.360584,35.423349],[133.36228,35.423297],[133.362601,35.424392],[133.36264,35.425207],[133.36264,35.426231],[133.360432,35.426695],[133.360295,35.427017],[133.359881,35.426718],[133.360437,35.426257],[133.360624,35.425771],[133.360584,35.423349]]]},"properties":{"code":"31202116004","name":"観音寺新町四丁目","kihon1":"1160"}},
{"type":"Feature","geometry":{"type":"Polygon","coordinates":[[[133.363558,35.423297],[133.363586,35.424445],[133.36264,35.425207],[133.362601,35.424392],[133.36228,35.423297],[133.360584,35.423349],[133.360552,35.421394],[133.361769,35.42147],[133.362433,35.421951],[133.363503,35.421633],[133.363558,35.423297]]]},"properties":{"code":"31202116005","name":"観音寺新町五丁目","kihon1":"1160"}},
{"type":"Feature","geometry":{"type":"Polygon","coordinates":[[[133.426278,35.454687],[133.427609,35.45554],[133.4273,35.456034],[133.427263,35.457082],[133.426771,35.457561],[133.425748,35.458069],[133.423905,35.45918],[133.423751,35.458957],[133.422569,35.458408],[133.421794,35.4583],[133.422891,35.457161],[133.425673,35.455224],[133.426278,35.454687]]]},"properties":{"code":"31202117001","name":"淀江町西原九区","kihon1":"1170"}},
{"type":"Feature","geometry":{"type":"Polygon","coordinates":[[[133.426278,35.454687],[133.425673,35.455224],[133.422891,35.457161],[133.421794,35.4583],[133.420386,35.457632],[133.419365,35.457522],[133.418525,35.45709],[133.417692,35.45681],[133.416841,35.456312],[133.418338,35.453222],[133.419418,35.453811],[133.419905,35.452833],[133.420493,35.452637],[133.420957,35.452856],[133.421916,35.452493],[133.422212,35.452065],[133.422841,35.452408],[133.426278,35.454687]]]},"properties":{"code":"31202117002","name":"淀江町西原一〇区","kihon1":"1170"}},
{"type":"Feature","geometry":{"type":"Polygon","coordinates":[[[133.416841,35.456312],[133.413428,35.455303],[133.412694,35.455321],[133.412053,35.454942],[133.411237,35.454138],[133.411042,35.454427],[133.409086,35.454051],[133.409551,35.450786],[133.409668,35.450311],[133.40911,35.450107],[133.409135,35.449563],[133.409528,35.449207],[133.408796,35.448233],[133.411022,35.446302],[133.413952,35.445387],[133.41495,35.445451],[133.416336,35.445162],[133.417141,35.444893],[133.418277,35.444763],[133.423625,35.448947],[133.425064,35.448411],[133.42601,35.448358],[133.427645,35.448574],[133.4291,35.448527],[133.429003,35.448835],[133.428265,35.450539],[133.42788,35.45507],[133.427609,35.45554],[133.426278,35.454687],[133.422841,35.452408],[133.422212,35.452065],[133.421916,35.452493],[133.420957,35.452856],[133.420493,35.452637],[133.419905,35.452833],[133.419418,35.453811],[133.418338,35.453222],[133.416841,35.456312]]]},"properties":{"code":"31202117003","name":"淀江町西原一一区","kihon1":"1170"}},
{"type":"Feature","geometry":{"type":"Polygon","coordinates":[[[133.434559,35.462639],[133.433328,35.462508],[133.432622,35.462528],[133.431905,35.462381],[133.431236,35.463572],[133.430371,35.463398],[133.42916,35.463693],[133.428161,35.463336],[133.427944,35.463851],[133.427591,35.46392],[133.427253,35.464346],[133.427218,35.463972],[133.427654,35.463783],[133.427713,35.462937],[133.427051,35.461838],[133.426173,35.461444],[133.426004,35.461145],[133.426349,35.461143],[133.426917,35.461464],[133.427215,35.461845],[133.427743,35.461599],[133.429167,35.461463],[133.429785,35.461836],[133.430795,35.461963],[133.430681,35.461131],[133.432132,35.460904],[133.432825,35.460934],[133.433297,35.461394],[133.433702,35.461159],[133.434888,35.462535],[133.434559,35.462639]]]},"properties":{"code":"31202118001","name":"淀江町淀江一区","kihon1":"1180"}},
{"type":"Feature","geometry":{"type":"Polygon","coordinates":[[[133.430681,35.461131],[133.430795,35.461963],[133.429785,35.461836],[133.429167,35.461463],[133.427743,35.461599],[133.427215,35.461845],[133.426917,35.461464],[133.426349,35.461143],[133.427867,35.460733],[133.429455,35.460629],[133.429949,35.460632],[133.430395,35.460315],[133.430681,35.461131]]]},"properties":{"code":"31202118002","name":"淀江町淀江二区","kihon1":"1180"}},
{"type":"Feature","geometry":{"type":"Polygon","coordinates":[[[133.426349,35.461143],[133.426004,35.461145],[133.42582,35.460598],[133.42682,35.460082],[133.427843,35.459752],[133.427982,35.460082],[133.428836,35.459907],[133.429427,35.460203],[133.429455,35.460629],[133.427867,35.460733],[133.426349,35.461143]]]},"properties":{"code":"31202118003","name":"淀江町淀江三区","kihon1":"1180"}},
{"type":"Feature","geometry":{"type":"Polygon","coordinates":[[[133.433702,35.461159],[133.433297,35.461394],[133.432825,35.460934],[133.432132,35.460904],[133.430681,35.461131],[133.430395,35.460315],[133.429949,35.460632],[133.429455,35.460629],[133.429427,35.460203],[133.428836,35.459907],[133.427982,35.460082],[133.427843,35.459752],[133.428134,35.459487],[133.42911,35.459275],[133.431242,35.459149],[133.431224,35.458501],[133.432242,35.458615],[133.434728,35.458587],[133.43471,35.459631],[133.43504,35.46053],[133.434513,35.460638],[133.433702,35.461159]]]},"properties":{"code":"31202118004","name":"淀江町淀江四区","kihon1":"1180"}},
{"type":"Feature","geometry":{"type":"Polygon","coordinates":[[[133.427843,35.459752],[133.42682,35.460082],[133.42582,35.460598],[133.425144,35.460003],[133.425897,35.45982],[133.427148,35.459228],[133.427662,35.458843],[133.42828,35.458667],[133.430925,35.458476],[133.431224,35.458501],[133.431242,35.459149],[133.42911,35.459275],[133.428134,35.459487],[133.427843,35.459752]]]},"properties":{"code":"31202118005","name":"淀江町淀江五区","kihon1":"1180"}},
{"type":"Feature","geometry":{"type":"Polygon","coordinates":[[[133.431224,35.458501],[133.430925,35.458476],[133.42828,35.458667],[133.427662,35.458843],[133.42738,35.457613],[133.427503,35.457778],[133.428814,35.457555],[133.429457,35.456742],[133.432242,35.458615],[133.431224,35.458501]]]},"properties":{"code":"31202118006","name":"淀江町淀江六区","kihon1":"1180"}},
{"type":"Feature","geometry":{"type":"Polygon","coordinates":[[[133.425144,35.460003],[133.423905,35.45918],[133.425748,35.458069],[133.426771,35.457561],[133.42738,35.457613],[133.427662,35.458843],[133.427148,35.459228],[133.425897,35.45982],[133.425144,35.460003]]]},"properties":{"code":"31202118007","name":"淀江町淀江七区","kihon1":"1180"}},
{"type":"Feature","geometry":{"type":"Polygon","coordinates":[[[133.434728,35.458587],[133.432242,35.458615],[133.429457,35.456742],[133.428814,35.457555],[133.427503,35.457778],[133.42738,35.457613],[133.426771,35.457561],[133.427263,35.457082],[133.4273,35.456034],[133.427609,35.45554],[133.42788,35.45507],[133.428265,35.450539],[133.429003,35.448835],[133.429373,35.448696],[133.431637,35.448735],[133.433499,35.448691],[133.434021,35.448396],[133.434956,35.446993],[133.435016,35.4484],[133.434888,35.449155],[133.434675,35.452246],[133.434829,35.45527],[133.434801,35.457641],[133.434728,35.458587]]]},"properties":{"code":"31202118008","name":"淀江町淀江八区","kihon1":"1180"}},
{"type":"Feature","geometry":{"type":"Polygon","coordinates":[[[133.434559,35.462639],[133.43467,35.464322],[133.434499,35.468576],[133.433249,35.468486],[133.432053,35.468543],[133.432129,35.469552],[133.429198,35.469717],[133.4285,35.46841],[133.428732,35.468199],[133.428922,35.467253],[133.428658,35.467069],[133.428624,35.466172],[133.428189,35.465245],[133.427289,35.465103],[133.427253,35.464346],[133.427591,35.46392],[133.427944,35.463851],[133.428161,35.463336],[133.42916,35.463693],[133.430371,35.463398],[133.431236,35.463572],[133.431905,35.462381],[133.432622,35.462528],[133.433328,35.462508],[133.434559,35.462639]]]},"properties":{"code":"312021190","name":"淀江町今津","kihon1":"1190"}},
{"type":"Feature","geometry":{"type":"Polygon","coordinates":[[[133.418277,35.444763],[133.417141,35.444893],[133.416336,35.445162],[133.416657,35.44411],[133.417153,35.443351],[133.41687,35.442808],[133.416354,35.442295],[133.418563,35.441591],[133.422176,35.440174],[133.422464,35.440131],[133.424388,35.43883],[133.425364,35.437203],[133.426259,35.435389],[133.426597,35.435523],[133.426679,35.437455],[133.426693,35.44098],[133.426667,35.441454],[133.42554,35.441403],[133.422677,35.441386],[133.420562,35.444669],[133.419157,35.444649],[133.418277,35.444763]]]},"properties":{"code":"312021200","name":"淀江町福頼","kihon1":"1200"}},
{"type":"Feature","geometry":{"type":"Polygon","coordinates":[[[133.426259,35.435389],[133.425364,35.437203],[133.424388,35.43883],[133.422464,35.440131],[133.422176,35.440174],[133.418563,35.441591],[133.416354,35.442295],[133.415714,35.44162],[133.415196,35.440718],[133.414777,35.439769],[133.413336,35.440482],[133.414015,35.439203],[133.414503,35.43895],[133.414751,35.438509],[133.416339,35.438502],[133.416997,35.439019],[133.418167,35.439214],[133.419453,35.438811],[133.420012,35.43879],[133.421501,35.43818],[133.423203,35.43686],[133.423527,35.433893],[133.423607,35.432621],[133.425022,35.434322],[133.425876,35.435194],[133.426259,35.435389]]]},"properties":{"code":"312021210","name":"淀江町平岡","kihon1":"1210"}},
{"type":"Feature","geometry":{"type":"Polygon","coordinates":[[[133.429003,35.448835],[133.4291,35.448527],[133.427645,35.448574],[133.42601,35.448358],[133.425064,35.448411],[133.423625,35.448947],[133.418277,35.444763],[133.419157,35.444649],[133.420562,35.444669],[133.422677,35.441386],[133.42554,35.441403],[133.426667,35.441454],[133.426693,35.44098],[133.428163,35.441667],[133.431397,35.443026],[133.432417,35.443639],[133.434926,35.44589],[133.434956,35.446993],[133.434021,35.448396],[133.433499,35.448691],[133.431637,35.448735],[133.429373,35.448696],[133.429003,35.448835]]]},"properties":{"code":"312021220","name":"淀江町福井","kihon1":"1220"}},
{"type":"Feature","geometry":{"type":"Polygon","coordinates":[[[133.455548,35.455592],[133.45508,35.456701],[133.455366,35.458009],[133.45526,35.458842],[133.455575,35.459348],[133.455509,35.460441],[133.4541,35.461373],[133.452838,35.461953],[133.449929,35.461774],[133.449732,35.462127],[133.449024,35.461903],[133.447626,35.461223],[133.447161,35.461146],[133.445308,35.461203],[133.444415,35.461512],[133.443457,35.46235],[133.442022,35.462585],[133.441786,35.462229],[133.441783,35.459966],[133.441509,35.459722],[133.43471,35.459631],[133.434728,35.458587],[133.434801,35.457641],[133.434829,35.45527],[133.443542,35.455444],[133.450763,35.455613],[133.455548,35.455592]]]},"properties":{"code":"31202123001","name":"淀江町福岡北尾","kihon1":"1230"}},
{"type":"Feature","geometry":{"type":"Polygon","coordinates":[[[133.455548,35.455592],[133.450763,35.455613],[133.443542,35.455444],[133.434829,35.45527],[133.434675,35.452246],[133.434888,35.449155],[133.435016,35.4484],[133.434956,35.446993],[133.435407,35.446647],[133.444023,35.446745],[133.444372,35.445668],[133.44574,35.445081],[133.446615,35.445892],[133.447444,35.44584],[133.447933,35.445982],[133.44945,35.445889],[133.449865,35.446421],[133.449876,35.446731],[133.450331,35.447435],[133.456249,35.447891],[133.458255,35.447998],[133.458285,35.4491],[133.459012,35.450622],[133.458883,35.450873],[133.459099,35.451667],[133.458475,35.451972],[133.4577,35.452599],[133.457273,35.453113],[133.456982,35.454087],[133.456484,35.454703],[133.455548,35.455592]]]},"properties":{"code":"31202123002","name":"淀江町福岡上淀","kihon1":"1230"}},
{"type":"Feature","geometry":{"type":"Polygon","coordinates":[[[133.468767,35.422628],[133.469842,35.422809],[133.470912,35.4234],[133.471364,35.423377],[133.472038,35.424401],[133.472863,35.42515],[133.474285,35.425935],[133.476605,35.42762],[133.477029,35.427695],[133.479267,35.429442],[133.47903,35.431354],[133.478988,35.432182],[133.479857,35.433893],[133.480343,35.435187],[133.480558,35.436987],[133.479403,35.437594],[133.479157,35.438158],[133.478497,35.438312],[133.47812,35.438626],[133.476009,35.439497],[133.474844,35.439921],[133.471219,35.440096],[133.470605,35.440904],[133.469471,35.441858],[133.466303,35.443805],[133.466075,35.444225],[133.465824,35.445194],[133.465507,35.445938],[133.464755,35.447072],[133.464184,35.447476],[133.463388,35.447741],[133.461145,35.448053],[133.460373,35.448093],[133.458255,35.447998],[133.456249,35.447891],[133.450331,35.447435],[133.449876,35.446731],[133.449865,35.446421],[133.44945,35.445889],[133.447933,35.445982],[133.447444,35.44584],[133.446615,35.445892],[133.44574,35.445081],[133.444372,35.445668],[133.444023,35.446745],[133.435407,35.446647],[133.434956,35.446993],[133.434926,35.44589],[133.434859,35.443732],[133.434885,35.440625],[133.434993,35.439405],[133.435353,35.439513],[133.439929,35.439532],[133.442429,35.439401],[133.443299,35.439152],[133.44418,35.438745],[133.444766,35.43819],[133.445065,35.437282],[133.445834,35.436143],[133.446326,35.435152],[133.446472,35.434422],[133.447419,35.433697],[133.447292,35.432815],[133.447694,35.431617],[133.448321,35.430871],[133.448906,35.429844],[133.449317,35.429604],[133.449876,35.429154],[133.450794,35.428908],[133.452286,35.428273],[133.452788,35.427965],[133.453819,35.427902],[133.454234,35.427762],[133.455038,35.427157],[133.4564,35.426621],[133.457533,35.426325],[133.458237,35.426372],[133.459494,35.426128],[133.461495,35.425495],[133.466948,35.423466],[133.468767,35.422628]]]},"properties":{"code":"312021240","name":"淀江町稲吉","kihon1":"1240"}},
{"type":"Feature","geometry":{"type":"Polygon","coordinates":[[[133.446472,35.434422],[133.446326,35.435152],[133.445834,35.436143],[133.445065,35.437282],[133.444766,35.43819],[133.44418,35.438745],[133.443299,35.439152],[133.442429,35.439401],[133.439929,35.439532],[133.435353,35.439513],[133.434993,35.439405],[133.435479,35.439104],[133.435611,35.438243],[133.436217,35.437329],[133.436859,35.437334],[133.437239,35.436117],[133.436774,35.434688],[133.437695,35.434282],[133.438384,35.434156],[133.438657,35.434308],[133.439327,35.433863],[133.440015,35.433793],[133.440409,35.433421],[133.44167,35.433411],[133.443299,35.433254],[133.443921,35.432921],[133.445524,35.433045],[133.445861,35.433686],[133.446472,35.434422]]]},"properties":{"code":"312021250","name":"淀江町高井谷","kihon1":"1250"}},
{"type":"Feature","geometry":{"type":"Polygon","coordinates":[[[133.434926,35.44589],[133.432417,35.443639],[133.431397,35.443026],[133.431305,35.441502],[133.430905,35.439602],[133.430824,35.437769],[133.430062,35.435082],[133.429844,35.433861],[133.429906,35.432917],[133.431012,35.431223],[133.431373,35.430358],[133.432365,35.42915],[133.437026,35.428901],[133.439424,35.428888],[133.44235,35.428941],[133.444646,35.428789],[133.446154,35.428895],[133.449317,35.429604],[133.448906,35.429844],[133.448321,35.430871],[133.447694,35.431617],[133.447292,35.432815],[133.447419,35.433697],[133.446472,35.434422],[133.445861,35.433686],[133.445524,35.433045],[133.443921,35.432921],[133.443299,35.433254],[133.44167,35.433411],[133.440409,35.433421],[133.440015,35.433793],[133.439327,35.433863],[133.438657,35.434308],[133.438384,35.434156],[133.437695,35.434282],[133.436774,35.434688],[133.437239,35.436117],[133.436859,35.437334],[133.436217,35.437329],[133.435611,35.438243],[133.435479,35.439104],[133.434993,35.439405],[133.434885,35.440625],[133.434859,35.443732],[133.434926,35.44589]]]},"properties":{"code":"312021260","name":"淀江町中西尾","kihon1":"1260"}},
{"type":"Feature","geometry":{"type":"Polygon","coordinates":[[[133.429906,35.432917],[133.429844,35.433861],[133.430062,35.435082],[133.430824,35.437769],[133.430905,35.439602],[133.431305,35.441502],[133.431397,35.443026],[133.428163,35.441667],[133.426693,35.44098],[133.426679,35.437455],[133.426597,35.435523],[133.427055,35.435564],[133.428091,35.435241],[133.428323,35.434771],[133.428807,35.434333],[133.429332,35.433385],[133.429906,35.432917]]]},"properties":{"code":"312021270","name":"淀江町富繁","kihon1":"1270"}},
{"type":"Feature","geometry":{"type":"Polygon","coordinates":[[[133.429906,35.432917],[133.429332,35.433385],[133.428807,35.434333],[133.428323,35.434771],[133.428091,35.435241],[133.427055,35.435564],[133.426597,35.435523],[133.426259,35.435389],[133.425876,35.435194],[133.425022,35.434322],[133.423607,35.432621],[133.424607,35.432539],[133.42454,35.431762],[133.42489,35.431236],[133.425493,35.431098],[133.426701,35.42999],[133.42735,35.429053],[133.427741,35.428287],[133.428202,35.427017],[133.428051,35.426682],[133.428737,35.425846],[133.429613,35.42621],[133.429937,35.426053],[133.430823,35.424987],[133.431188,35.42488],[133.432454,35.424914],[133.432771,35.42509],[133.432994,35.425609],[133.433807,35.424489],[133.434778,35.424006],[133.435748,35.423329],[133.436879,35.422906],[133.437265,35.423216],[133.438094,35.424302],[133.438621,35.425173],[133.440203,35.426401],[133.440559,35.426249],[133.441079,35.426502],[133.442103,35.426379],[133.442876,35.426617],[133.443458,35.426472],[133.445082,35.426467],[133.446765,35.427061],[133.447803,35.426985],[133.448498,35.427073],[133.449031,35.427421],[133.450406,35.427621],[133.451786,35.427453],[133.45261,35.427697],[133.452788,35.427965],[133.452286,35.428273],[133.450794,35.428908],[133.449876,35.429154],[133.449317,35.429604],[133.446154,35.428895],[133.444646,35.428789],[133.44235,35.428941],[133.439424,35.428888],[133.437026,35.428901],[133.432365,35.42915],[133.431373,35.430358],[133.431012,35.431223],[133.429906,35.432917]]]},"properties":{"code":"312021280","name":"淀江町西尾原","kihon1":"1280"}},
{"type":"Feature","geometry":{"type":"Polygon","coordinates":[[[133.452788,35.427965],[133.45261,35.427697],[133.451786,35.427453],[133.450406,35.427621],[133.449031,35.427421],[133.448498,35.427073],[133.447803,35.426985],[133.446765,35.427061],[133.445082,35.426467],[133.443458,35.426472],[133.442876,35.426617],[133.442103,35.426379],[133.441079,35.426502],[133.440559,35.426249],[133.440203,35.426401],[133.438621,35.425173],[133.438094,35.424302],[133.437265,35.423216],[133.436879,35.422906],[133.437954,35.422598],[133.439218,35.421293],[133.440049,35.420835],[133.440904,35.420535],[133.442724,35.420064],[133.444338,35.419933],[133.445343,35.419562],[133.44589,35.419229],[133.446641,35.418478],[133.449388,35.417472],[133.450173,35.417322],[133.451046,35.417498],[133.451507,35.417743],[133.45215,35.416441],[133.452906,35.416006],[133.453529,35.416189],[133.454904,35.415745],[133.455975,35.415775],[133.456676,35.416213],[133.457204,35.416122],[133.457675,35.416315],[133.458293,35.416208],[133.459585,35.41648],[133.46119,35.416248],[133.461852,35.416057],[133.463007,35.416505],[133.463549,35.416022],[133.465103,35.41579],[133.465631,35.41593],[133.466184,35.416409],[133.466214,35.416961],[133.466655,35.417258],[133.467199,35.417069],[133.467736,35.41769],[133.467421,35.418038],[133.467298,35.418643],[133.467784,35.419465],[133.468132,35.420456],[133.468527,35.420712],[133.468966,35.421868],[133.468767,35.422628],[133.466948,35.423466],[133.461495,35.425495],[133.459494,35.426128],[133.458237,35.426372],[133.457533,35.426325],[133.4564,35.426621],[133.455038,35.427157],[133.454234,35.427762],[133.453819,35.427902],[133.452788,35.427965]]]},"properties":{"code":"312021290","name":"淀江町本宮","kihon1":"1290"}},
{"type":"Feature","geometry":{"type":"Polygon","coordinates":[[[133.399315,35.438269],[133.399092,35.440485],[133.399142,35.441186],[133.39697,35.440334],[133.39706,35.439965],[133.396599,35.43978],[133.396293,35.440096],[133.394989,35.44063],[133.394489,35.440262],[133.393404,35.440232],[133.393057,35.439934],[133.392735,35.436356],[133.392616,35.434903],[133.392953,35.434825],[133.399315,35.438269]]]},"properties":{"code":"31202130001","name":"淀江町佐陀佐陀一部","kihon1":"1300"}},
{"type":"Feature","geometry":{"type":"Polygon","coordinates":[[[133.399142,35.441186],[133.399248,35.442326],[133.399601,35.443655],[133.400025,35.445941],[133.400292,35.447109],[133.393293,35.444647],[133.393656,35.443028],[133.39356,35.441885],[133.394196,35.441298],[133.394489,35.440262],[133.394989,35.44063],[133.396293,35.440096],[133.396599,35.43978],[133.39706,35.439965],[133.39697,35.440334],[133.399142,35.441186]]]},"properties":{"code":"31202130002","name":"淀江町佐陀佐陀二部","kihon1":"1300"}},
{"type":"Feature","geometry":{"type":"Polygon","coordinates":[[[133.394305,35.448533],[133.393129,35.448606],[133.392684,35.447539],[133.391955,35.445531],[133.39123,35.444222],[133.391094,35.443495],[133.391429,35.443085],[133.391746,35.441938],[133.391766,35.441128],[133.3913,35.439877],[133.390726,35.439759],[133.390617,35.438404],[133.391765,35.438333],[133.391542,35.436421],[133.392735,35.436356],[133.393057,35.439934],[133.393404,35.440232],[133.394489,35.440262],[133.394196,35.441298],[133.39356,35.441885],[133.393656,35.443028],[133.393293,35.444647],[133.393323,35.445947],[133.393847,35.448168],[133.394305,35.448533]]]},"properties":{"code":"31202130003","name":"淀江町佐陀佐陀三部","kihon1":"1300"}},
{"type":"Feature","geometry":{"type":"Polygon","coordinates":[[[133.39874,35.43279],[133.398784,35.43541],[133.399071,35.436515],[133.399428,35.437961],[133.399315,35.438269],[133.392953,35.434825],[133.393016,35.433496],[133.394102,35.433494],[133.394789,35.433381],[133.396041,35.432999],[133.397392,35.433827],[133.397633,35.433395],[133.39762,35.43283],[133.39874,35.43279]]]},"properties":{"code":"31202130004","name":"淀江町佐陀桜台","kihon1":"1300"}},
{"type":"Feature","geometry":{"type":"Polygon","coordinates":[[[133.396955,35.44934],[133.397022,35.449954],[133.393326,35.450035],[133.393129,35.448606],[133.394305,35.448533],[133.395373,35.448471],[133.396627,35.448286],[133.396955,35.44934]]]},"properties":{"code":"31202130005","name":"淀江町佐陀佐陀浜","kihon1":"1300"}},
{"type":"Feature","geometry":{"type":"Polygon","coordinates":[[[133.400292,35.447109],[133.400304,35.447779],[133.400583,35.450115],[133.399982,35.45016],[133.399877,35.449727],[133.398178,35.44927],[133.396955,35.44934],[133.396627,35.448286],[133.395373,35.448471],[133.394305,35.448533],[133.393847,35.448168],[133.393323,35.445947],[133.393293,35.444647],[133.400292,35.447109]]]},"properties":{"code":"31202130006","name":"淀江町佐陀ニューやまと","kihon1":"1300"}},
{"type":"Feature","geometry":{"type":"Polygon","coordinates":[[[133.401591,35.453362],[133.40036,35.453527],[133.399582,35.454026],[133.399033,35.453354],[133.398423,35.453334],[133.397828,35.453741],[133.397492,35.453395],[133.39708,35.453395],[133.396226,35.453761],[133.395295,35.453436],[133.394502,35.453761],[133.394031,35.453504],[133.393326,35.450035],[133.397022,35.449954],[133.396955,35.44934],[133.398178,35.44927],[133.399877,35.449727],[133.399982,35.45016],[133.400583,35.450115],[133.401354,35.452449],[133.401591,35.453362]]]},"properties":{"code":"31202130007","name":"淀江町佐陀佐陀新田","kihon1":"1300"}},
{"type":"Feature","geometry":{"type":"Polygon","coordinates":[[[133.404661,35.441254],[133.399315,35.438269],[133.399428,35.437961],[133.399071,35.436515],[133.403339,35.436736],[133.403816,35.431661],[133.40491,35.431718],[133.404918,35.433125],[133.406172,35.433203],[133.40608,35.434054],[133.407133,35.43257],[133.407571,35.431771],[133.408005,35.431507],[133.4079,35.432106],[133.41059,35.432079],[133.410752,35.433042],[133.410084,35.433252],[133.410037,35.434275],[133.409429,35.435105],[133.408928,35.4353],[133.40841,35.436099],[133.40786,35.436479],[133.408405,35.436777],[133.406437,35.439003],[133.406096,35.440029],[133.404889,35.439678],[133.404661,35.441254]]]},"properties":{"code":"31202131001","name":"淀江町中間中間","kihon1":"1310"}},
{"type":"Feature","geometry":{"type":"Polygon","coordinates":[[[133.404513,35.444084],[133.404348,35.444764],[133.404811,35.444789],[133.404812,35.445206],[133.404495,35.44601],[133.404067,35.44815],[133.403768,35.450833],[133.403764,35.451938],[133.403522,35.453666],[133.402146,35.453334],[133.401591,35.453362],[133.401354,35.452449],[133.400583,35.450115],[133.400304,35.447779],[133.400292,35.447109],[133.401297,35.447462],[133.401377,35.444454],[133.402118,35.443359],[133.403294,35.443857],[133.40344,35.44363],[133.404513,35.444084]]]},"properties":{"code":"31202131002","name":"淀江町中間亀甲","kihon1":"1310"}},
{"type":"Feature","geometry":{"type":"Polygon","coordinates":[[[133.404513,35.444084],[133.40344,35.44363],[133.403294,35.443857],[133.402118,35.443359],[133.401377,35.444454],[133.401297,35.447462],[133.400292,35.447109],[133.400025,35.445941],[133.399601,35.443655],[133.399248,35.442326],[133.399142,35.441186],[133.399092,35.440485],[133.399315,35.438269],[133.404661,35.441254],[133.404571,35.442078],[133.405313,35.442691],[133.405292,35.443223],[133.405965,35.443222],[133.40597,35.444082],[133.404513,35.444084]]]},"properties":{"code":"31202131003","name":"淀江町中間亀甲新道","kihon1":"1310"}},
{"type":"Feature","geometry":{"type":"Polygon","coordinates":[[[133.413336,35.440482],[133.412411,35.44112],[133.412098,35.442008],[133.411563,35.442832],[133.410297,35.443312],[133.408354,35.443267],[133.407229,35.443387],[133.406651,35.442637],[133.40548,35.441718],[133.404661,35.441254],[133.404889,35.439678],[133.406096,35.440029],[133.406437,35.439003],[133.408405,35.436777],[133.40786,35.436479],[133.40841,35.436099],[133.408928,35.4353],[133.409429,35.435105],[133.410037,35.434275],[133.411325,35.434237],[133.411043,35.435593],[133.410512,35.437287],[133.411108,35.437469],[133.411445,35.436692],[133.412947,35.437107],[133.41408,35.437252],[133.413646,35.436522],[133.414001,35.435894],[133.415024,35.436209],[133.414757,35.435697],[133.414724,35.435172],[133.414402,35.434307],[133.414789,35.433507],[133.414777,35.432532],[133.414563,35.431697],[133.41456,35.43055],[133.414368,35.430108],[133.415689,35.429281],[133.41614,35.428575],[133.416438,35.427636],[133.417215,35.426942],[133.418017,35.426976],[133.419103,35.427977],[133.421153,35.429759],[133.421548,35.430837],[133.422504,35.431816],[133.423607,35.432621],[133.423527,35.433893],[133.423203,35.43686],[133.421501,35.43818],[133.420012,35.43879],[133.419453,35.438811],[133.418167,35.439214],[133.416997,35.439019],[133.416339,35.438502],[133.414751,35.438509],[133.414503,35.43895],[133.414015,35.439203],[133.413336,35.440482]]]},"properties":{"code":"31202132001","name":"淀江町小波小波上","kihon1":"1320"}},
{"type":"Feature","geometry":{"type":"Polygon","coordinates":[[[133.409086,35.454051],[133.408241,35.454523],[133.407775,35.453873],[133.406952,35.453904],[133.406082,35.454484],[133.405548,35.453853],[133.404602,35.453853],[133.403976,35.45428],[133.403522,35.453666],[133.403764,35.451938],[133.403768,35.450833],[133.404067,35.44815],[133.404495,35.44601],[133.404812,35.445206],[133.404811,35.444789],[133.404348,35.444764],[133.404513,35.444084],[133.40597,35.444082],[133.405965,35.443222],[133.405292,35.443223],[133.405313,35.442691],[133.404571,35.442078],[133.404661,35.441254],[133.40548,35.441718],[133.406651,35.442637],[133.407229,35.443387],[133.408354,35.443267],[133.410297,35.443312],[133.411563,35.442832],[133.412098,35.442008],[133.412411,35.44112],[133.413336,35.440482],[133.414777,35.439769],[133.415196,35.440718],[133.415714,35.44162],[133.416354,35.442295],[133.41687,35.442808],[133.417153,35.443351],[133.416657,35.44411],[133.416336,35.445162],[133.41495,35.445451],[133.413952,35.445387],[133.411022,35.446302],[133.408796,35.448233],[133.409528,35.449207],[133.409135,35.449563],[133.40911,35.450107],[133.409668,35.450311],[133.409551,35.450786],[133.409086,35.454051]]]},"properties":{"code":"31202132002","name":"淀江町小波小波浜","kihon1":"1320"}}
]}