{"type":"FeatureCollection", "features": [
{"type":"Feature","geometry":{"type":"LineString","coordinates":[[133.333905,35.433192],[133.333452,35.432799],[133.332412,35.431887],[133.332243,35.431684],[133.332147,35.431445],[133.33209,35.4311],[133.331993,35.430693],[133.331884,35.430475],[133.331681,35.430199]]},"properties":{"highway":"trunk","name":"国道9号","ref":"9"}},
{"type":"Feature","geometry":{"type":"LineString","coordinates":[[133.395013,35.424647],[133.395453,35.424812]]},"properties":{"highway":"motorway_link","name":"山陰自動車道;米子道路","ref":"E9;9"}},
{"type":"Feature","geometry":{"type":"LineString","coordinates":[[133.415987,35.440268],[133.416086,35.440782],[133.416203,35.441258],[133.416364,35.441758],[133.416551,35.442236],[133.416763,35.442726],[133.416969,35.443166],[133.417245,35.443703],[133.417574,35.444254],[133.417853,35.444646],[133.418164,35.445054],[133.418507,35.445465],[133.418853,35.445841],[133.419291,35.446271],[133.419754,35.446699],[133.420165,35.447034],[133.420669,35.44742],[133.421236,35.447805],[133.421925,35.448226],[133.422655,35.44861],[133.423265,35.448896]]},"properties":{"highway":"motorway","name":"山陰自動車道;米子道路","ref":"E9;9"}},
{"type":"Feature","geometry":{"type":"LineString","coordinates":[[133.363899,35.407696],[133.364265,35.407419],[133.364497,35.407237],[133.364802,35.406954],[133.365108,35.406662],[133.365455,35.406274],[133.365884,35.405874],[133.366107,35.4057],[133.366899,35.405164],[133.368375,35.404192],[133.369257,35.403599],[133.369947,35.403141],[133.370352,35.402863],[133.3714,35.402188],[133.372269,35.401745]]},"properties":{"highway":"trunk","name":"国道181号","ref":"181;183;482"}},
{"type":"Feature","geometry":{"type":"LineString","coordinates":[[133.372439,35.401654],[133.37521,35.400163],[133.375589,35.399952],[133.37645,35.399492],[133.377005,35.399169],[133.377548,35.398874],[133.377783,35.398692]]},"properties":{"highway":"trunk","name":"国道181号","ref":"181;183;482"}},
{"type":"Feature","geometry":{"type":"LineString","coordinates":[[133.390005,35.392194],[133.387983,35.393271],[133.386533,35.39405],[133.386185,35.39424],[133.384919,35.39492],[133.384384,35.395214]]},"properties":{"highway":"secondary","name":"福頼市山伯耆大山停車場線","ref":"160;316"}},
{"type":"Feature","geometry":{"type":"LineString","coordinates":[[133.377783,35.398692],[133.377461,35.39883],[133.376895,35.399141],[133.375969,35.399657],[133.375134,35.40011],[133.372416,35.401581]]},"properties":{"highway":"trunk","name":"国道181号","ref":"181;183;482"}},
{"type":"Feature","geometry":{"type":"LineString","coordinates":[[133.405574,35.42652],[133.409141,35.42673],[133.410113,35.426779],[133.410509,35.426819],[133.410888,35.426879],[133.411155,35.426934],[133.411411,35.426996],[133.411655,35.427071],[133.411898,35.427156],[133.412407,35.427369],[133.412608,35.427472],[133.413031,35.42773],[133.413277,35.427903],[133.413518,35.428106],[133.413731,35.428308],[133.413927,35.428527],[133.414105,35.428747],[133.414268,35.428978],[133.414379,35.429168],[133.414485,35.429391],[133.41459,35.429643],[133.414687,35.429941],[133.414762,35.430235],[133.414823,35.430513],[133.41493,35.431401],[133.415125,35.43308],[133.415719,35.438324],[133.41587,35.439598]]},"properties":{"highway":"motorway","name":"山陰自動車道;米子道路","ref":"E9;9"}},
{"type":"Feature","geometry":{"type":"LineString","coordinates":[[133.436702,35.456947],[133.436918,35.457344],[133.437312,35.458097],[133.437525,35.458525]]},"properties":{"highway":"motorway","name":"山陰自動車道;米子道路","ref":"E9;9"}},
{"type":"Feature","geometry":{"type":"LineString","coordinates":[[133.423265,35.448896],[133.423381,35.448943]]},"properties":{"highway":"motorway","name":"山陰自動車道;米子道路","ref":"E9;9"}},
{"type":"Feature","geometry":{"type":"LineString","coordinates":[[133.395649,35.424756],[133.396501,35.42512]]},"properties":{"highway":"motorway","name":"山陰自動車道;米子道路","ref":"E9;9"}},
{"type":"Feature","geometry":{"type":"LineString","coordinates":[[133.400269,35.422737],[133.400283,35.423203],[133.400265,35.42347],[133.40023,35.423829],[133.400219,35.423944],[133.40013,35.424544],[133.400049,35.424946],[133.399937,35.425397],[133.399882,35.425594],[133.399791,35.425919]]},"properties":{"highway":"motorway_link","name":null,"ref":null}},
{"type":"Feature","geometry":{"type":"LineString","coordinates":[[133.392686,35.423902],[133.393176,35.424023],[133.39353,35.424119],[133.394067,35.424293],[133.395013,35.424647]]},"properties":{"highway":"motorway_link","name":"山陰自動車道;米子道路","ref":"E9;9"}},
{"type":"Feature","geometry":{"type":"LineString","coordinates":[[133.419605,35.388768],[133.419604,35.388696]]},"properties":{"highway":"motorway_link","name":null,"ref":null}},
{"type":"Feature","geometry":{"type":"LineString","coordinates":[[133.389293,35.442648],[133.38982,35.442307],[133.390285,35.44194],[133.390686,35.441576],[133.39099,35.441248],[133.391305,35.440834],[133.391621,35.440372],[133.393042,35.438242],[133.393542,35.437501],[133.39406,35.436718],[133.394369,35.436272],[133.394695,35.435825]]},"properties":{"highway":"trunk","name":"国道431号","ref":"431"}},
{"type":"Feature","geometry":{"type":"LineString","coordinates":[[133.396545,35.433186],[133.394749,35.435612]]},"properties":{"highway":"trunk","name":"国道431号","ref":"431"}},
{"type":"Feature","geometry":{"type":"LineString","coordinates":[[133.396258,35.425222],[133.396452,35.425313],[133.397332,35.425723],[133.397706,35.425893],[133.398037,35.42603],[133.398213,35.426078],[133.398397,35.426109],[133.398585,35.426123],[133.398778,35.426114],[133.399038,35.426071],[133.399263,35.426004],[133.399337,35.425974],[133.399549,35.425862],[133.399778,35.425696],[133.399882,35.425594],[133.400004,35.425443],[133.400122,35.425259],[133.400183,35.425121],[133.40023,35.424959],[133.400304,35.424499]]},"properties":{"highway":"motorway_link","name":null,"ref":null}},
{"type":"Feature","geometry":{"type":"LineString","coordinates":[[133.331603,35.43011],[133.33098,35.429417],[133.330444,35.428799],[133.329181,35.42733],[133.328467,35.42655],[133.328308,35.426427],[133.328098,35.42631],[133.327805,35.426199],[133.327567,35.4261],[133.327247,35.425915],[133.326952,35.425629],[133.326777,35.425405],[133.325821,35.42387],[133.325629,35.423536],[133.325544,35.423342],[133.325471,35.42309],[133.3254,35.422642]]},"properties":{"highway":"trunk","name":"国道9号","ref":"9"}},
{"type":"Feature","geometry":{"type":"LineString","coordinates":[[133.396635,35.433216],[133.397051,35.432661],[133.397444,35.432071],[133.397751,35.431551],[133.398231,35.430607],[133.398476,35.430026],[133.399082,35.428451],[133.399304,35.427856],[133.399606,35.426959],[133.39983,35.426183],[133.399848,35.426111],[133.399858,35.426076],[133.399894,35.425936]]},"properties":{"highway":"trunk","name":"国道431号","ref":"431"}},
{"type":"Feature","geometry":{"type":"LineString","coordinates":[[133.339841,35.437888],[133.339042,35.437306],[133.338486,35.436897],[133.337314,35.436014],[133.337167,35.435908]]},"properties":{"highway":"trunk","name":"国道9号","ref":"9"}},
{"type":"Feature","geometry":{"type":"LineString","coordinates":[[133.398312,35.425786],[133.398772,35.4259],[133.399263,35.426004],[133.399426,35.426038]]},"properties":{"highway":"motorway","name":"山陰自動車道;米子道路","ref":"E9;9"}},
{"type":"Feature","geometry":{"type":"LineString","coordinates":[[133.331211,35.411734],[133.331623,35.411925],[133.332138,35.412143],[133.332567,35.412309],[133.332932,35.412432],[133.333577,35.412614],[133.334189,35.412765],[133.334583,35.412846],[133.334872,35.412869]]},"properties":{"highway":"motorway_link","name":null,"ref":null}},
{"type":"Feature","geometry":{"type":"LineString","coordinates":[[133.399894,35.425936],[133.400004,35.425443],[133.40011,35.42497],[133.400295,35.423821],[133.40032,35.423665],[133.400376,35.423174]]},"properties":{"highway":"motorway_link","name":null,"ref":null}},
{"type":"Feature","geometry":{"type":"LineString","coordinates":[[133.355888,35.386803],[133.356246,35.386354],[133.356442,35.386032],[133.356931,35.385209],[133.358167,35.383076],[133.358734,35.382054],[133.359038,35.381492]]},"properties":{"highway":"secondary","name":"米子岸本線","ref":"316"}},
{"type":"Feature","geometry":{"type":"LineString","coordinates":[[133.337167,35.435908],[133.335602,35.43472],[133.335084,35.434284],[133.334579,35.433819]]},"properties":{"highway":"trunk","name":"国道9号","ref":"9"}},
{"type":"Feature","geometry":{"type":"LineString","coordinates":[[133.334579,35.433819],[133.334289,35.433556],[133.333905,35.433192]]},"properties":{"highway":"trunk","name":"国道9号","ref":"9"}},
{"type":"Feature","geometry":{"type":"LineString","coordinates":[[133.380485,35.383095],[133.380027,35.383109],[133.379823,35.383123],[133.379542,35.38316],[133.379011,35.383276],[133.378167,35.383511],[133.377716,35.383614],[133.377536,35.383637],[133.377124,35.383644],[133.376537,35.38364],[133.375356,35.383653],[133.375047,35.383702],[133.374204,35.383779],[133.373936,35.383799],[133.373701,35.383805],[133.372906,35.383812],[133.372586,35.383831],[133.372226,35.383905],[133.3713,35.384203],[133.371146,35.384248],[133.370786,35.384324],[133.370057,35.384465],[133.369764,35.384527],[133.369351,35.38463],[133.368982,35.384742],[133.3684,35.384899],[133.368199,35.384921],[133.36799,35.384925],[133.367785,35.384903],[133.367643,35.384865],[133.367384,35.384776],[133.367107,35.384662],[133.366956,35.384626],[133.36675,35.384608],[133.36659,35.384614],[133.366364,35.384665],[133.3662,35.384735],[133.365968,35.384879],[133.365186,35.385502],[133.36448,35.386083],[133.364355,35.386162],[133.364262,35.386185],[133.363913,35.386214],[133.36374,35.386239],[133.363415,35.386362],[133.363213,35.386526],[133.363126,35.386628],[133.363037,35.386764],[133.362989,35.386873],[133.362968,35.387046],[133.362986,35.387256],[133.363131,35.387993],[133.363209,35.388339],[133.363237,35.388506],[133.363324,35.388906],[133.363493,35.389741],[133.363626,35.390319],[133.363875,35.391378],[133.363926,35.391744],[133.363951,35.392011],[133.363954,35.392478],[133.363901,35.393335],[133.363875,35.393635],[133.363703,35.394762],[133.363617,35.395279],[133.363593,35.395727],[133.363571,35.395825]]},"properties":{"highway":"secondary","name":"岩屋谷米子線","ref":"253"}},
{"type":"Feature","geometry":{"type":"LineString","coordinates":[[133.405853,35.396289],[133.405804,35.396248]]},"properties":{"highway":"primary","name":"淀江岸本線","ref":"53"}},
{"type":"Feature","geometry":{"type":"LineString","coordinates":[[133.388583,35.383675],[133.388984,35.383716]]},"properties":{"highway":"secondary","name":"福頼市山伯耆大山停車場線","ref":"160"}},
{"type":"Feature","geometry":{"type":"LineString","coordinates":[[133.389241,35.442573],[133.388574,35.442996],[133.387863,35.443452]]},"properties":{"highway":"trunk","name":"国道431号","ref":"431"}},
{"type":"Feature","geometry":{"type":"LineString","coordinates":[[133.438311,35.459683],[133.438233,35.459598],[133.438007,35.459276],[133.437922,35.459195]]},"properties":{"highway":"motorway_link","name":null,"ref":null}},
{"type":"Feature","geometry":{"type":"LineString","coordinates":[[133.436702,35.456947],[133.436936,35.457487],[133.437424,35.458526]]},"properties":{"highway":"motorway_link","name":null,"ref":null}},
{"type":"Feature","geometry":{"type":"LineString","coordinates":[[133.44002,35.458682],[133.439984,35.459703]]},"properties":{"highway":"secondary","name":"淀江インター線","ref":"279"}},
{"type":"Feature","geometry":{"type":"LineString","coordinates":[[133.430995,35.465672],[133.432249,35.464902],[133.433708,35.464004],[133.434619,35.463429]]},"properties":{"highway":"secondary","name":"大山淀江インター線","ref":"242;279"}},
{"type":"Feature","geometry":{"type":"LineString","coordinates":[[133.458928,35.41679],[133.459005,35.416679],[133.459166,35.416449]]},"properties":{"highway":"primary","name":"米子大山線","ref":"24"}},
{"type":"Feature","geometry":{"type":"LineString","coordinates":[[133.46609,35.416433],[133.465929,35.416455],[133.465838,35.416435],[133.465763,35.416389],[133.465589,35.416197],[133.465478,35.416144],[133.465131,35.41615],[133.464948,35.416198],[133.464728,35.416318],[133.464558,35.41635],[133.46421,35.416326],[133.463849,35.416233],[133.463766,35.416242],[133.463557,35.416353],[133.463254,35.416619],[133.46313,35.416677],[133.463023,35.416674],[133.462838,35.416621],[133.462694,35.416553],[133.462525,35.416549],[133.462168,35.416637],[133.461993,35.416665],[133.461887,35.416668],[133.461687,35.416637],[133.461492,35.416545],[133.461302,35.416432],[133.461129,35.41644],[133.461039,35.416472],[133.4608,35.416609],[133.460685,35.416621],[133.460518,35.416572],[133.460313,35.416594],[133.459935,35.416713],[133.459842,35.416731],[133.45929,35.416725],[133.459005,35.416679],[133.458657,35.416583],[133.458432,35.416548],[133.45827,35.416556],[133.457895,35.416647],[133.456642,35.416916],[133.456338,35.416972]]},"properties":{"highway":"secondary","name":"赤松淀江線","ref":"299"}},
{"type":"Feature","geometry":{"type":"LineString","coordinates":[[133.430995,35.465672],[133.430797,35.465514],[133.430501,35.465236],[133.430055,35.464774],[133.429643,35.464307],[133.428964,35.463381],[133.428887,35.463269],[133.428203,35.462282],[133.428129,35.462186],[133.427721,35.461619],[133.427236,35.460914]]},"properties":{"highway":"trunk","name":"国道9号","ref":"9"}},
{"type":"Feature","geometry":{"type":"LineString","coordinates":[[133.432149,35.467338],[133.432141,35.467247]]},"properties":{"highway":"trunk","name":"国道9号","ref":"9"}},
{"type":"Feature","geometry":{"type":"LineString","coordinates":[[133.425437,35.458357],[133.425325,35.458201]]},"properties":{"highway":"trunk","name":"国道9号","ref":"9"}},
{"type":"Feature","geometry":{"type":"LineString","coordinates":[[133.425325,35.458201],[133.424852,35.457525],[133.424435,35.456942],[133.424142,35.456522],[133.424041,35.456365],[133.423927,35.456215],[133.423642,35.45581],[133.42342,35.455554],[133.423032,35.455171],[133.422765,35.454948],[133.422413,35.454702],[133.422065,35.454496],[133.421808,35.454364],[133.421383,35.454175],[133.420492,35.453845],[133.419514,35.453511]]},"properties":{"highway":"trunk","name":"国道9号","ref":"9"}},
{"type":"Feature","geometry":{"type":"LineString","coordinates":[[133.428302,35.458661],[133.428619,35.458629],[133.428986,35.458618],[133.429226,35.458602],[133.430178,35.458506],[133.430794,35.458439],[133.431026,35.458445],[133.431217,35.458471],[133.431524,35.458551],[133.431708,35.458589],[133.431864,35.458599],[133.432259,35.458592],[133.432517,35.458554],[133.432658,35.458547],[133.433431,35.458559],[133.434781,35.45857],[133.437213,35.458581],[133.43745,35.458584],[133.437554,35.458585],[133.437635,35.458586],[133.438306,35.458596],[133.439422,35.458667],[133.44002,35.458682],[133.441976,35.458681]]},"properties":{"highway":"secondary","name":"淀江琴浦線","ref":"329"}},
{"type":"Feature","geometry":{"type":"LineString","coordinates":[[133.434518,35.468005],[133.433744,35.467757],[133.432929,35.467444],[133.432212,35.467114],[133.432098,35.467102]]},"properties":{"highway":"secondary","name":"大山淀江インター線","ref":"242"}},
{"type":"Feature","geometry":{"type":"LineString","coordinates":[[133.429841,35.431352],[133.430125,35.431309],[133.430279,35.431233],[133.430374,35.431151],[133.430467,35.431017],[133.430683,35.430614],[133.430838,35.430406],[133.431527,35.429741],[133.431937,35.429208],[133.432159,35.428949],[133.432448,35.428714],[133.43257,35.428642],[133.432974,35.428487],[133.433302,35.428433],[133.433725,35.42839],[133.433985,35.428386]]},"properties":{"highway":"secondary","name":"尾高淀江線","ref":"252"}},
{"type":"Feature","geometry":{"type":"LineString","coordinates":[[133.425184,35.43391],[133.42589,35.433313],[133.426207,35.433064],[133.426329,35.432981],[133.426598,35.432851],[133.426739,35.4328],[133.427273,35.432661],[133.427441,35.432625],[133.427628,35.432537],[133.427788,35.432411],[133.428232,35.431839],[133.428397,35.431652],[133.428519,35.431562],[133.428714,35.43147],[133.428942,35.43142],[133.429146,35.4314],[133.429841,35.431352]]},"properties":{"highway":"secondary","name":"尾高淀江線","ref":"252;299"}},
{"type":"Feature","geometry":{"type":"LineString","coordinates":[[133.434615,35.454343],[133.435031,35.454749]]},"properties":{"highway":"motorway","name":"山陰自動車道;米子道路","ref":"E9;9"}},
{"type":"Feature","geometry":{"type":"LineString","coordinates":[[133.427733,35.450684],[133.42915,35.451236]]},"properties":{"highway":"motorway","name":"山陰自動車道;米子道路","ref":"E9;9"}},
{"type":"Feature","geometry":{"type":"LineString","coordinates":[[133.435031,35.454749],[133.435177,35.454896],[133.43552,35.45528],[133.435953,35.455801],[133.436292,35.456288],[133.436478,35.45657],[133.436702,35.456947]]},"properties":{"highway":"motorway","name":"山陰自動車道;米子道路","ref":"E9;9"}},
{"type":"Feature","geometry":{"type":"LineString","coordinates":[[133.431739,35.452374],[133.432233,35.45263],[133.432714,35.452912],[133.433291,35.453288],[133.43378,35.453647],[133.434154,35.45395],[133.434615,35.454343]]},"properties":{"highway":"motorway","name":"山陰自動車道;米子道路","ref":"E9;9"}},
{"type":"Feature","geometry":{"type":"LineString","coordinates":[[133.428202,35.458208],[133.428302,35.458661],[133.428417,35.459041],[133.428476,35.459198],[133.428597,35.459469],[133.42885,35.460005],[133.428954,35.460254],[133.429099,35.460646]]},"properties":{"highway":"secondary","name":"淀江停車場線","ref":"172"}},
{"type":"Feature","geometry":{"type":"LineString","coordinates":[[133.425184,35.43391],[133.425714,35.434315],[133.425918,35.434487],[133.426163,35.43475],[133.426278,35.434897],[133.426459,35.435185],[133.426523,35.43538],[133.426588,35.435687],[133.426613,35.435884],[133.426613,35.436307],[133.426585,35.436895],[133.426634,35.437108],[133.426665,35.437182],[133.426784,35.437299],[133.426928,35.437361],[133.4271,35.43738],[133.42732,35.43736],[133.428023,35.437176]]},"properties":{"highway":"secondary","name":"赤松淀江線","ref":"299"}},
{"type":"Feature","geometry":{"type":"LineString","coordinates":[[133.428111,35.437151],[133.428291,35.43714],[133.428403,35.437166],[133.428533,35.437294],[133.428599,35.437575],[133.428737,35.438574],[133.428809,35.438833],[133.428881,35.439],[133.428972,35.439175],[133.429012,35.439301],[133.429025,35.439424],[133.429016,35.439564],[133.428879,35.440022],[133.428762,35.440474]]},"properties":{"highway":"secondary","name":"赤松淀江線","ref":"299"}},
{"type":"Feature","geometry":{"type":"LineString","coordinates":[[133.433786,35.424471],[133.433687,35.424574]]},"properties":{"highway":"secondary","name":"赤松淀江線","ref":"299"}},
{"type":"Feature","geometry":{"type":"LineString","coordinates":[[133.42856,35.448583],[133.428005,35.448579],[133.427709,35.448571],[133.427476,35.448556],[133.4266,35.448439],[133.426048,35.448358],[133.425629,35.448319],[133.425491,35.448321],[133.425124,35.448382],[133.424684,35.448488],[133.424317,35.448582],[133.424113,35.448654],[133.423771,35.448832],[133.423545,35.448959],[133.423494,35.448988],[133.423318,35.449084],[133.42295,35.449327],[133.422304,35.449817],[133.421849,35.450202],[133.421549,35.450462],[133.421229,35.450752],[133.421011,35.450975],[133.420916,35.4511],[133.420759,35.45144],[133.42068,35.451577],[133.420547,35.451863],[133.420286,35.452341],[133.420073,35.452595],[133.419781,35.453006],[133.419588,35.453389],[133.419514,35.453511]]},"properties":{"highway":"secondary","name":"赤松淀江線","ref":"299"}},
{"type":"Feature","geometry":{"type":"LineString","coordinates":[[133.432345,35.426238],[133.432208,35.426341],[133.43194,35.42671],[133.431828,35.426833],[133.431469,35.427131],[133.431142,35.427483],[133.430818,35.427786],[133.430679,35.427966],[133.430599,35.428118],[133.430499,35.428349],[133.430447,35.428567],[133.430421,35.428972],[133.430411,35.429664],[133.430377,35.429846],[133.430045,35.430952],[133.430014,35.431036],[133.429841,35.431352]]},"properties":{"highway":"secondary","name":"赤松淀江線","ref":"299"}},
{"type":"Feature","geometry":{"type":"LineString","coordinates":[[133.428023,35.437176],[133.428111,35.437151]]},"properties":{"highway":"secondary","name":"赤松淀江線","ref":"299"}},
{"type":"Feature","geometry":{"type":"LineString","coordinates":[[133.428762,35.440474],[133.428754,35.440586]]},"properties":{"highway":"secondary","name":"赤松淀江線","ref":"299"}},
{"type":"Feature","geometry":{"type":"LineString","coordinates":[[133.299477,35.47399],[133.298936,35.474202],[133.298189,35.474512],[133.297718,35.47472],[133.297029,35.47506],[133.295192,35.476018],[133.294346,35.476445],[133.29399,35.476635]]},"properties":{"highway":"trunk","name":"国道431号","ref":"431"}},
{"type":"Feature","geometry":{"type":"LineString","coordinates":[[133.278784,35.485364],[133.278374,35.485638],[133.277831,35.486022],[133.277402,35.486312],[133.276975,35.486592],[133.276453,35.486946],[133.276,35.48723],[133.275712,35.487422],[133.275088,35.487827],[133.274796,35.488022],[133.274426,35.48826],[133.273828,35.488657],[133.272728,35.489379],[133.271959,35.48985]]},"properties":{"highway":"trunk","name":"国道431号","ref":"431"}},
{"type":"Feature","geometry":{"type":"LineString","coordinates":[[133.288676,35.479472],[133.287487,35.480072],[133.286923,35.480373],[133.285754,35.481029],[133.284915,35.481475],[133.284324,35.481806],[133.283741,35.482157],[133.281718,35.483477],[133.280731,35.48413],[133.279862,35.484698],[133.278884,35.485295]]},"properties":{"highway":"trunk","name":"国道431号","ref":"431"}},
{"type":"Feature","geometry":{"type":"LineString","coordinates":[[133.308583,35.466766],[133.308499,35.466892]]},"properties":{"highway":"trunk","name":"国道431号","ref":"431"}},
{"type":"Feature","geometry":{"type":"LineString","coordinates":[[133.299669,35.473917],[133.299477,35.47399]]},"properties":{"highway":"trunk","name":"国道431号","ref":"431"}},
{"type":"Feature","geometry":{"type":"LineString","coordinates":[[133.268106,35.49314],[133.26802,35.493231]]},"properties":{"highway":"trunk","name":"国道431号","ref":"431"}},
{"type":"Feature","geometry":{"type":"LineString","coordinates":[[133.288842,35.479391],[133.288676,35.479472]]},"properties":{"highway":"trunk","name":"国道431号","ref":"431"}},
{"type":"Feature","geometry":{"type":"LineString","coordinates":[[133.29399,35.476635],[133.293902,35.476685]]},"properties":{"highway":"trunk","name":"国道431号","ref":"431"}},
{"type":"Feature","geometry":{"type":"LineString","coordinates":[[133.271959,35.48985],[133.271844,35.489923]]},"properties":{"highway":"trunk","name":"国道431号","ref":"431"}},
{"type":"Feature","geometry":{"type":"LineString","coordinates":[[133.278884,35.485295],[133.278784,35.485364]]},"properties":{"highway":"trunk","name":"国道431号","ref":"431"}},
{"type":"Feature","geometry":{"type":"LineString","coordinates":[[133.27151,35.490142],[133.271125,35.490391],[133.270144,35.491095],[133.269794,35.49139],[133.26926,35.491924],[133.268106,35.49314]]},"properties":{"highway":"trunk","name":"国道431号","ref":"431"}},
{"type":"Feature","geometry":{"type":"LineString","coordinates":[[133.293902,35.476685],[133.29308,35.477146],[133.289417,35.479087],[133.288842,35.479391]]},"properties":{"highway":"trunk","name":"国道431号","ref":"431"}},
{"type":"Feature","geometry":{"type":"LineString","coordinates":[[133.308499,35.466892],[133.307056,35.468987],[133.306893,35.469237],[133.306728,35.469472],[133.306552,35.469704],[133.306362,35.46994],[133.305969,35.470385],[133.305765,35.470598],[133.305333,35.471008],[133.305085,35.471217],[133.304826,35.471418],[133.304563,35.471612],[133.303985,35.471997],[133.303684,35.472177],[133.303366,35.472354],[133.303034,35.472519],[133.302319,35.472826],[133.301792,35.473032],[133.300212,35.473696],[133.299669,35.473917]]},"properties":{"highway":"trunk","name":"国道431号","ref":"431"}},
{"type":"Feature","geometry":{"type":"LineString","coordinates":[[133.258976,35.49118],[133.259219,35.49139],[133.260098,35.491953],[133.260256,35.49205],[133.260859,35.49244],[133.261745,35.492994],[133.262804,35.493666],[133.263726,35.494246],[133.265254,35.495215],[133.265804,35.495549],[133.265877,35.495593]]},"properties":{"highway":"secondary","name":"大篠津停車場線","ref":"178"}},
{"type":"Feature","geometry":{"type":"LineString","coordinates":[[133.288628,35.467119],[133.289937,35.468188],[133.290689,35.468835],[133.291123,35.46919],[133.291449,35.469444]]},"properties":{"highway":"secondary","name":"弓ヶ浜停車場線","ref":"220"}},
{"type":"Feature","geometry":{"type":"LineString","coordinates":[[133.252615,35.495236],[133.252482,35.495315],[133.252371,35.495429],[133.252322,35.495505],[133.252277,35.49564],[133.252273,35.495767],[133.252298,35.495868],[133.252379,35.49601],[133.252521,35.496135],[133.252708,35.496219],[133.252942,35.496262],[133.253114,35.496242],[133.253343,35.496146],[133.253432,35.496099]]},"properties":{"highway":"primary","name":"米子境港線","ref":"47"}},
{"type":"Feature","geometry":{"type":"LineString","coordinates":[[133.253062,35.495042],[133.252819,35.495147],[133.252731,35.495185],[133.252615,35.495236]]},"properties":{"highway":"primary","name":"米子境港線","ref":"47"}},
{"type":"Feature","geometry":{"type":"LineString","coordinates":[[133.322471,35.432815],[133.322349,35.433016],[133.322215,35.43318],[133.322078,35.43331],[133.321868,35.433455],[133.321362,35.433858],[133.32101,35.434088],[133.320538,35.43442],[133.319961,35.434758],[133.319693,35.434908],[133.319381,35.435055],[133.319008,35.435215],[133.3187,35.435329],[133.318197,35.435483],[133.317257,35.435751],[133.316502,35.435971],[133.316038,35.436101],[133.315218,35.43635],[133.314966,35.436412],[133.31442,35.436567],[133.313883,35.436733],[133.313535,35.436847],[133.31305,35.437017],[133.31224,35.437324],[133.310816,35.437847],[133.310122,35.438096],[133.309833,35.438205],[133.308957,35.43852],[133.307673,35.438993],[133.307195,35.439175],[133.306324,35.439515],[133.305767,35.439691],[133.304823,35.440027],[133.302876,35.440748],[133.301742,35.441153],[133.300948,35.441426],[133.299946,35.441808],[133.299391,35.442044],[133.298844,35.442291],[133.298011,35.442757],[133.297622,35.442983],[133.295961,35.444156],[133.295512,35.444482],[133.295331,35.444603],[133.294533,35.445167],[133.293158,35.446147],[133.291918,35.447013],[133.290926,35.447713],[133.290213,35.448202],[133.289124,35.448943],[133.288003,35.449695],[133.28726,35.450199],[133.286861,35.450475],[133.28497,35.451744],[133.283674,35.452612],[133.282558,35.45345],[133.281508,35.454204],[133.28045,35.455025],[133.279885,35.455459],[133.279308,35.455869],[133.278129,35.456771],[133.276977,35.457625],[133.276017,35.458358],[133.274969,35.459141],[133.274104,35.459781],[133.273947,35.459894],[133.272924,35.460666],[133.271894,35.461454],[133.27079,35.462263],[133.269547,35.463203],[133.269264,35.463412],[133.26906,35.463573],[133.26823,35.464194],[133.26677,35.465271],[133.266115,35.465763],[133.265676,35.466081],[133.26539,35.466315],[133.264934,35.466664],[133.264466,35.467007],[133.263541,35.467713],[133.262538,35.468447],[133.261504,35.469219],[133.260894,35.469687],[133.259377,35.470822],[133.256825,35.47274],[133.256089,35.473289],[133.255212,35.473949],[133.25413,35.474768],[133.253522,35.475209],[133.25337,35.475315],[133.252407,35.476074],[133.2519,35.476434],[133.251094,35.477042],[133.250829,35.477237],[133.249781,35.478027],[133.249169,35.478483],[133.248339,35.479095],[133.247258,35.479934],[133.246418,35.480642],[133.245621,35.48134],[133.24515,35.481797],[133.244348,35.482619],[133.243831,35.483177],[133.243343,35.483686],[133.243118,35.484006],[133.242947,35.484311],[133.242814,35.484719],[133.24278,35.484905],[133.242773,35.485092],[133.242789,35.485418],[133.242816,35.485651],[133.242879,35.485872],[133.243009,35.486174],[133.243197,35.486481],[133.243438,35.486774],[133.24361,35.486914],[133.243764,35.487054],[133.244068,35.487289],[133.245706,35.488488],[133.246941,35.489396],[133.248262,35.490375],[133.249205,35.491068],[133.250065,35.491693],[133.250477,35.491988],[133.250989,35.492284],[133.251481,35.492591],[133.251657,35.492723],[133.251798,35.492852],[133.251921,35.493004],[133.252071,35.493245],[133.2522,35.493505],[133.252278,35.493742],[133.252455,35.49447],[133.252519,35.494671],[133.252633,35.494979],[133.252731,35.495185],[133.252859,35.495441],[133.253096,35.495813],[133.253343,35.496146],[133.253658,35.49653],[133.253985,35.496951],[133.254111,35.497124],[133.254255,35.497374],[133.254318,35.497518],[133.254382,35.497718],[133.25442,35.49792]]},"properties":{"highway":"primary","name":"米子境港線","ref":"47"}},
{"type":"Feature","geometry":{"type":"LineString","coordinates":[[133.255321,35.495021],[133.254917,35.494902],[133.25469,35.494821],[133.254444,35.494773],[133.254292,35.494759],[133.253948,35.494768],[133.25371,35.494811],[133.253475,35.494881],[133.253062,35.495042]]},"properties":{"highway":"primary","name":"米子境港線","ref":"47"}},
{"type":"Feature","geometry":{"type":"LineString","coordinates":[[133.252359,35.492626],[133.251991,35.492946],[133.251921,35.493004]]},"properties":{"highway":"secondary","name":"米子境港自転車道線","ref":"502"}},
{"type":"Feature","geometry":{"type":"LineString","coordinates":[[133.296018,35.466332],[133.294937,35.465631],[133.294622,35.465352],[133.293976,35.464712],[133.293566,35.464299],[133.293217,35.463969],[133.29301,35.463785],[133.292759,35.463598],[133.292246,35.463303],[133.291416,35.462833],[133.29081,35.462422],[133.290377,35.462116],[133.29023,35.46199],[133.290112,35.461869],[133.289984,35.461702],[133.289879,35.461517],[133.28979,35.461324],[133.289558,35.460786],[133.289326,35.460402],[133.288921,35.459813],[133.2883,35.458968],[133.286855,35.457174],[133.28651,35.456754],[133.285291,35.455225],[133.285097,35.454953],[133.285019,35.454778],[133.284945,35.454515],[133.284827,35.454314],[133.284677,35.454147],[133.284551,35.454026],[133.284434,35.453861],[133.284388,35.453698],[133.284304,35.453493],[133.284211,35.453307],[133.284109,35.453155],[133.283929,35.452934],[133.283741,35.452681],[133.283674,35.452612]]},"properties":{"highway":"secondary","name":"米子環状線","ref":"300"}},
{"type":"Feature","geometry":{"type":"LineString","coordinates":[[133.271581,35.490217],[133.27151,35.490142],[133.269687,35.488642],[133.267416,35.486787],[133.266783,35.486287],[133.266631,35.486179],[133.26566,35.485459],[133.264759,35.484817],[133.263713,35.484063],[133.262611,35.483286]]},"properties":{"highway":"secondary","name":"米子環状線","ref":"300"}},
{"type":"Feature","geometry":{"type":"LineString","coordinates":[[133.25987,35.481278],[133.258672,35.480376],[133.258528,35.480287],[133.257601,35.479563],[133.257263,35.479295],[133.257053,35.479089],[133.256856,35.478875],[133.256708,35.478636],[133.256591,35.478342],[133.256323,35.477569],[133.256166,35.477268],[133.25594,35.47698],[133.255788,35.47682],[133.255587,35.476652],[133.255088,35.476313],[133.254268,35.475717],[133.253597,35.47526],[133.253522,35.475209]]},"properties":{"highway":"secondary","name":"米子環状線","ref":"300"}},
{"type":"Feature","geometry":{"type":"LineString","coordinates":[[133.331027,35.450328],[133.330865,35.450041],[133.330445,35.449341],[133.330194,35.448911],[133.329988,35.448531],[133.329795,35.448096],[133.329418,35.447129],[133.329145,35.446455],[133.328906,35.44583],[133.328867,35.445731],[133.328735,35.445412],[133.328242,35.444289]]},"properties":{"highway":"secondary","name":"両三柳後藤停車場線","ref":"245"}},
{"type":"Feature","geometry":{"type":"LineString","coordinates":[[133.328002,35.443752],[133.327575,35.442796]]},"properties":{"highway":"secondary","name":"両三柳後藤停車場線","ref":"245"}},
{"type":"Feature","geometry":{"type":"LineString","coordinates":[[133.328242,35.444289],[133.328192,35.444189]]},"properties":{"highway":"secondary","name":"両三柳後藤停車場線","ref":"245"}},
{"type":"Feature","geometry":{"type":"LineString","coordinates":[[133.327575,35.442796],[133.327302,35.442217],[133.32706,35.441669],[133.32683,35.441119],[133.326232,35.439787],[133.326083,35.439478]]},"properties":{"highway":"secondary","name":"両三柳後藤停車場線","ref":"245"}},
{"type":"Feature","geometry":{"type":"LineString","coordinates":[[133.341302,35.43896],[133.341097,35.439037],[133.339528,35.439934],[133.339454,35.439979],[133.337285,35.441177],[133.336497,35.441606],[133.335497,35.442141],[133.33536,35.442225],[133.334609,35.442628],[133.333501,35.443219],[133.333371,35.443295],[133.332808,35.4436],[133.33262,35.443695],[133.331367,35.444372],[133.329688,35.445286],[133.329446,35.44542],[133.328867,35.445731],[133.328324,35.446014],[133.327573,35.446425],[133.325619,35.447474],[133.324646,35.447988],[133.3239,35.448399],[133.323536,35.448576],[133.3224,35.449193],[133.321673,35.449577],[133.321424,35.449719],[133.320486,35.450224],[133.320162,35.45039],[133.318676,35.451194],[133.317374,35.451887],[133.317117,35.452022],[133.316375,35.452449],[133.316146,35.452593],[133.315709,35.452892],[133.314993,35.453431],[133.314526,35.45383],[133.314249,35.454098],[133.31355,35.454949],[133.313235,35.455361],[133.312841,35.455925],[133.312634,35.456319],[133.312405,35.456769],[133.31213,35.457422],[133.311921,35.458035],[133.311824,35.458384],[133.31171,35.458868],[133.311663,35.459136],[133.311604,35.459586],[133.31157,35.459797],[133.311525,35.460368],[133.311439,35.461139],[133.311369,35.461657],[133.311289,35.461979],[133.311117,35.462585],[133.310943,35.463035],[133.310776,35.463539],[133.310736,35.46371],[133.310732,35.463943],[133.31076,35.464119],[133.310843,35.464259],[133.310927,35.464329]]},"properties":{"highway":"secondary","name":"両三柳西福原線","ref":"317"}},
{"type":"Feature","geometry":{"type":"LineString","coordinates":[[133.335845,35.456708],[133.33611,35.456651]]},"properties":{"highway":"trunk","name":"国道431号","ref":"431"}},
{"type":"Feature","geometry":{"type":"LineString","coordinates":[[133.320312,35.460707],[133.321105,35.460456],[133.321916,35.460204],[133.323736,35.45965],[133.324631,35.459356],[133.325623,35.459045],[133.327004,35.458654],[133.32814,35.45836],[133.329061,35.458132],[133.330108,35.457896],[133.330888,35.45773],[133.331663,35.457568],[133.333102,35.457273],[133.333727,35.457151]]},"properties":{"highway":"trunk","name":"国道431号","ref":"431"}},
{"type":"Feature","geometry":{"type":"LineString","coordinates":[[133.319008,35.435215],[133.319064,35.435258],[133.319196,35.435352],[133.319824,35.435758],[133.320279,35.436073],[133.320693,35.436345],[133.321323,35.436711],[133.322327,35.437235],[133.32396,35.438072],[133.324483,35.438365],[133.324946,35.438619],[133.325468,35.438992],[133.326083,35.439478]]},"properties":{"highway":"secondary","name":"米子港線","ref":"157"}},
{"type":"Feature","geometry":{"type":"LineString","coordinates":[[133.399791,35.425919],[133.399751,35.426057],[133.399741,35.426093],[133.399719,35.426169]]},"properties":{"highway":"trunk","name":"国道431号","ref":"431"}},
{"type":"Feature","geometry":{"type":"LineString","coordinates":[[133.399883,35.446912],[133.398092,35.446285],[133.397204,35.445989],[133.396094,35.445626],[133.39494,35.445227],[133.393931,35.444884],[133.393286,35.444658],[133.392037,35.444229],[133.391528,35.444089],[133.391177,35.443947]]},"properties":{"highway":"trunk","name":"国道9号","ref":"9"}},
{"type":"Feature","geometry":{"type":"LineString","coordinates":[[133.400137,35.423633],[133.400111,35.423847],[133.400069,35.424151],[133.399971,35.424693],[133.399882,35.425012],[133.399809,35.425156],[133.399737,35.425261],[133.399639,35.425362],[133.399395,35.425525],[133.399243,35.425585],[133.399082,35.425626],[133.398832,35.425646],[133.398579,35.425624],[133.398346,35.425577],[133.398081,35.4255],[133.397707,35.425373],[133.397322,35.425233],[133.396789,35.425016],[133.396527,35.424909]]},"properties":{"highway":"motorway_link","name":null,"ref":null}},
{"type":"Feature","geometry":{"type":"LineString","coordinates":[[133.401002,35.426077],[133.400285,35.425997]]},"properties":{"highway":"trunk","name":"国道9号","ref":"9"}},
{"type":"Feature","geometry":{"type":"LineString","coordinates":[[133.400742,35.447199],[133.399883,35.446912]]},"properties":{"highway":"trunk","name":"国道9号","ref":"9"}},
{"type":"Feature","geometry":{"type":"LineString","coordinates":[[133.39573,35.424577],[133.39559,35.424516]]},"properties":{"highway":"motorway_link","name":null,"ref":null}},
{"type":"Feature","geometry":{"type":"LineString","coordinates":[[133.404269,35.426517],[133.405187,35.42664],[133.405408,35.426664]]},"properties":{"highway":"trunk","name":"国道9号","ref":"9"}},
{"type":"Feature","geometry":{"type":"LineString","coordinates":[[133.382546,35.431064],[133.381749,35.430597]]},"properties":{"highway":"trunk","name":"国道9号","ref":"9"}},
{"type":"Feature","geometry":{"type":"MultiLineString","coordinates":[[[133.381749,35.430597],[133.380887,35.430073]],[[133.380247,35.429684],[133.379978,35.42952],[133.379635,35.429334]]]},"properties":{"highway":"trunk","name":"国道9号","ref":"9"}},
{"type":"Feature","geometry":{"type":"LineString","coordinates":[[133.399719,35.426169],[133.39983,35.426183],[133.400276,35.42625]]},"properties":{"highway":"trunk","name":"国道9号","ref":"9"}},
{"type":"Feature","geometry":{"type":"LineString","coordinates":[[133.400276,35.42625],[133.400973,35.426328]]},"properties":{"highway":"trunk","name":"国道9号","ref":"9"}},
{"type":"Feature","geometry":{"type":"LineString","coordinates":[[133.400285,35.425997],[133.399894,35.425936],[133.399791,35.425919]]},"properties":{"highway":"trunk","name":"国道9号","ref":"9"}},
{"type":"Feature","geometry":{"type":"LineString","coordinates":[[133.402626,35.426421],[133.404269,35.426517]]},"properties":{"highway":"trunk","name":"国道9号","ref":"9"}},
{"type":"Feature","geometry":{"type":"LineString","coordinates":[[133.378385,35.428912],[133.378084,35.428851],[133.377574,35.428797],[133.377077,35.428793],[133.376625,35.428811],[133.375759,35.428877],[133.375459,35.428909],[133.375203,35.428947],[133.374521,35.429093]]},"properties":{"highway":"trunk","name":"国道9号","ref":"9"}},
{"type":"Feature","geometry":{"type":"LineString","coordinates":[[133.404303,35.42625],[133.402652,35.426166]]},"properties":{"highway":"trunk","name":"国道9号","ref":"9"}},
{"type":"Feature","geometry":{"type":"LineString","coordinates":[[133.402652,35.426166],[133.401002,35.426077]]},"properties":{"highway":"trunk","name":"国道9号","ref":"9"}},
{"type":"Feature","geometry":{"type":"LineString","coordinates":[[133.405493,35.426223],[133.404744,35.426235],[133.404303,35.42625]]},"properties":{"highway":"trunk","name":"国道9号","ref":"9"}},
{"type":"Feature","geometry":{"type":"LineString","coordinates":[[133.379635,35.429334],[133.379363,35.429221],[133.378933,35.42907],[133.378385,35.428912]]},"properties":{"highway":"trunk","name":"国道9号","ref":"9"}},
{"type":"Feature","geometry":{"type":"LineString","coordinates":[[133.400973,35.426328],[133.401603,35.426377],[133.402626,35.426421]]},"properties":{"highway":"trunk","name":"国道9号","ref":"9"}},
{"type":"Feature","geometry":{"type":"LineString","coordinates":[[133.388457,35.44122],[133.388375,35.440945],[133.388301,35.440626],[133.388256,35.440277],[133.388157,35.439308],[133.38809,35.438566],[133.388002,35.43766],[133.38792,35.436755],[133.387845,35.435864],[133.387754,35.43546],[133.38765,35.435138],[133.387494,35.434818],[133.387246,35.43441],[133.38708,35.43419]]},"properties":{"highway":"trunk","name":"国道9号","ref":"9"}},
{"type":"Feature","geometry":{"type":"LineString","coordinates":[[133.378385,35.428912],[133.37868,35.429072],[133.379012,35.42918],[133.379499,35.429366],[133.379919,35.429585],[133.380197,35.429755]]},"properties":{"highway":"trunk_link","name":"国道9号","ref":"9"}},
{"type":"Feature","geometry":{"type":"LineString","coordinates":[[133.380895,35.430176],[133.381194,35.430344],[133.382192,35.430968],[133.38247,35.43113]]},"properties":{"highway":"trunk_link","name":"国道9号","ref":"9"}},
{"type":"Feature","geometry":{"type":"LineString","coordinates":[[133.415621,35.423841],[133.415728,35.424694],[133.415763,35.424877],[133.415812,35.425002],[133.415974,35.425246],[133.4162,35.425474],[133.416591,35.425889],[133.416912,35.426245],[133.417311,35.426655],[133.418005,35.427406],[133.419526,35.42897],[133.419995,35.429435],[133.4202,35.429649],[133.421058,35.430524],[133.421318,35.430776],[133.422019,35.431319],[133.422555,35.431762],[133.424135,35.433037],[133.424461,35.433316],[133.425017,35.433765],[133.425184,35.43391]]},"properties":{"highway":"secondary","name":"尾高淀江線","ref":"252"}},
{"type":"Feature","geometry":{"type":"LineString","coordinates":[[133.423381,35.448943],[133.423494,35.448988],[133.423676,35.449061]]},"properties":{"highway":"motorway","name":"山陰自動車道;米子道路","ref":"E9;9"}},
{"type":"Feature","geometry":{"type":"LineString","coordinates":[[133.423676,35.449061],[133.424762,35.449526],[133.425316,35.449745],[133.426798,35.450326],[133.427733,35.450684]]},"properties":{"highway":"motorway","name":"山陰自動車道;米子道路","ref":"E9;9"}},
{"type":"Feature","geometry":{"type":"LineString","coordinates":[[133.402826,35.447876],[133.402896,35.447738],[133.402973,35.447286],[133.403028,35.446917],[133.403163,35.446152],[133.403303,35.445524],[133.40377,35.444175],[133.403871,35.443841],[133.403924,35.443585],[133.403955,35.443316],[133.403967,35.442992],[133.403963,35.44218],[133.403945,35.441751],[133.403956,35.441501],[133.403981,35.441244],[133.40403,35.440931]]},"properties":{"highway":"primary","name":"淀江岸本線","ref":"53"}},
{"type":"Feature","geometry":{"type":"LineString","coordinates":[[133.40403,35.440931],[133.40406,35.440724]]},"properties":{"highway":"primary","name":"淀江岸本線","ref":"53"}},
{"type":"Feature","geometry":{"type":"LineString","coordinates":[[133.40406,35.440724],[133.404294,35.439057],[133.404434,35.437807],[133.404535,35.436826],[133.404677,35.435134],[133.404796,35.43374],[133.404846,35.433135],[133.404969,35.431743],[133.405088,35.430371],[133.40523,35.428682],[133.405397,35.42676],[133.405408,35.426664],[133.405437,35.426514],[133.405446,35.426467],[133.405493,35.426223],[133.405514,35.426157],[133.40563,35.42593],[133.406407,35.424827],[133.407074,35.423917],[133.407699,35.423036],[133.407747,35.422976]]},"properties":{"highway":"primary","name":"淀江岸本線","ref":"53"}},
{"type":"Feature","geometry":{"type":"LineString","coordinates":[[133.400155,35.423839],[133.40023,35.423829],[133.400295,35.423821],[133.400362,35.423813],[133.400429,35.423804]]},"properties":{"highway":"primary","name":"米子大山線","ref":"24"}},
{"type":"Feature","geometry":{"type":"LineString","coordinates":[[133.400429,35.423804],[133.400621,35.423784]]},"properties":{"highway":"primary","name":"米子大山線","ref":"24"}},
{"type":"Feature","geometry":{"type":"LineString","coordinates":[[133.391022,35.433828],[133.391147,35.433674]]},"properties":{"highway":"primary","name":"米子大山線","ref":"24"}},
{"type":"Feature","geometry":{"type":"LineString","coordinates":[[133.400621,35.423784],[133.401193,35.42374]]},"properties":{"highway":"primary","name":"米子大山線","ref":"24"}},
{"type":"Feature","geometry":{"type":"LineString","coordinates":[[133.387845,35.435864],[133.388317,35.435783],[133.388622,35.43572],[133.388995,35.435616],[133.389372,35.435451],[133.389749,35.435219],[133.39,35.435015],[133.390296,35.434716],[133.390627,35.434316],[133.391022,35.433828]]},"properties":{"highway":"primary","name":"米子大山線","ref":"24"}},
{"type":"Feature","geometry":{"type":"LineString","coordinates":[[133.391147,35.433674],[133.392229,35.43237],[133.392733,35.431743],[133.39309,35.431335],[133.393215,35.431174],[133.393757,35.43034],[133.394186,35.429492],[133.395196,35.427469],[133.395749,35.426363],[133.395996,35.425876],[133.396347,35.425421],[133.396452,35.425313],[133.396522,35.425249],[133.39661,35.425167],[133.396655,35.425127],[133.396789,35.425016],[133.396876,35.424948],[133.396957,35.424889],[133.397426,35.424629],[133.397835,35.424482],[133.399299,35.424032],[133.399602,35.423944],[133.400111,35.423847],[133.400155,35.423839]]},"properties":{"highway":"primary","name":"米子大山線","ref":"24"}},
{"type":"Feature","geometry":{"type":"LineString","coordinates":[[133.401193,35.42374],[133.401477,35.423714],[133.401758,35.423651],[133.402054,35.423552],[133.402357,35.423397],[133.403078,35.423049],[133.403839,35.422656],[133.40406,35.422602],[133.404515,35.422596],[133.405293,35.422594],[133.405788,35.422634],[133.407391,35.422874],[133.407629,35.422922],[133.407747,35.422976]]},"properties":{"highway":"primary","name":"米子大山線","ref":"24"}},
{"type":"Feature","geometry":{"type":"LineString","coordinates":[[133.399791,35.425919],[133.399549,35.425862],[133.399307,35.425806],[133.398832,35.425646],[133.398254,35.425452]]},"properties":{"highway":"trunk_link","name":"国道9号","ref":"9"}},
{"type":"Feature","geometry":{"type":"LineString","coordinates":[[133.394827,35.435648],[133.396635,35.433216]]},"properties":{"highway":"trunk","name":"国道431号","ref":"431"}},
{"type":"Feature","geometry":{"type":"LineString","coordinates":[[133.394695,35.435825],[133.394827,35.435648]]},"properties":{"highway":"trunk","name":"国道431号","ref":"431"}},
{"type":"Feature","geometry":{"type":"LineString","coordinates":[[133.394749,35.435612],[133.394613,35.435796]]},"properties":{"highway":"trunk","name":"国道431号","ref":"431"}},
{"type":"Feature","geometry":{"type":"LineString","coordinates":[[133.394613,35.435796],[133.394288,35.436237],[133.393978,35.436692],[133.392953,35.438247],[133.391539,35.440355],[133.390858,35.44127],[133.390602,35.441535],[133.390226,35.441879],[133.389743,35.442233],[133.389241,35.442573]]},"properties":{"highway":"trunk","name":"国道431号","ref":"431"}},
{"type":"Feature","geometry":{"type":"LineString","coordinates":[[133.364669,35.431504],[133.36447,35.431531]]},"properties":{"highway":"trunk","name":"国道9号","ref":"9"}},
{"type":"Feature","geometry":{"type":"LineString","coordinates":[[133.368716,35.430884],[133.364669,35.431504]]},"properties":{"highway":"trunk","name":"国道9号","ref":"9"}},
{"type":"Feature","geometry":{"type":"LineString","coordinates":[[133.368873,35.430861],[133.368716,35.430884]]},"properties":{"highway":"trunk","name":"国道9号","ref":"9"}},
{"type":"Feature","geometry":{"type":"LineString","coordinates":[[133.374521,35.429093],[133.374111,35.42923],[133.372678,35.429761],[133.372169,35.429953],[133.370939,35.43041],[133.370598,35.430525],[133.370196,35.430635],[133.369791,35.430714],[133.368873,35.430861]]},"properties":{"highway":"trunk","name":"国道9号","ref":"9"}},
{"type":"Feature","geometry":{"type":"LineString","coordinates":[[133.383585,35.428364],[133.383653,35.429004],[133.383664,35.429153],[133.383601,35.42925]]},"properties":{"highway":"secondary","name":"福頼市山伯耆大山停車場線","ref":"160;262"}},
{"type":"Feature","geometry":{"type":"LineString","coordinates":[[133.41302,35.402568],[133.412553,35.402148]]},"properties":{"highway":"primary","name":"淀江岸本線","ref":"53"}},
{"type":"Feature","geometry":{"type":"LineString","coordinates":[[133.413139,35.414933],[133.413417,35.414588]]},"properties":{"highway":"primary","name":"淀江岸本線","ref":"53"}},
{"type":"Feature","geometry":{"type":"LineString","coordinates":[[133.412553,35.402148],[133.412462,35.402071],[133.411318,35.40109],[133.409908,35.399838],[133.409136,35.399169],[133.407392,35.397639],[133.405908,35.39634],[133.405853,35.396289]]},"properties":{"highway":"primary","name":"淀江岸本線","ref":"53"}},
{"type":"Feature","geometry":{"type":"LineString","coordinates":[[133.408814,35.422172],[133.409287,35.421881],[133.410337,35.421298],[133.410538,35.421172],[133.410732,35.421027],[133.411018,35.420776],[133.411229,35.420513],[133.411385,35.420198],[133.411514,35.419873],[133.411562,35.419595],[133.411572,35.419398],[133.411543,35.418632],[133.411549,35.418221],[133.411566,35.417957],[133.411578,35.417616],[133.411655,35.417216],[133.411765,35.416851],[133.411959,35.416451],[133.412091,35.416244],[133.412612,35.415569],[133.413071,35.415028],[133.413139,35.414933]]},"properties":{"highway":"primary","name":"淀江岸本線","ref":"53"}},
{"type":"Feature","geometry":{"type":"LineString","coordinates":[[133.414837,35.41284],[133.415048,35.412585],[133.415262,35.412313],[133.415371,35.412127],[133.415481,35.411895],[133.415555,35.411682],[133.4156,35.411457],[133.41562,35.411241],[133.415611,35.411018],[133.415585,35.410793],[133.415289,35.408866],[133.415139,35.407864],[133.414994,35.406938],[133.414712,35.405025],[133.414618,35.404664],[133.41447,35.404295],[133.4143,35.40396],[133.413998,35.403509],[133.413709,35.403187],[133.413467,35.402972],[133.413435,35.402943],[133.41302,35.402568]]},"properties":{"highway":"primary","name":"淀江岸本線","ref":"53"}},
{"type":"Feature","geometry":{"type":"LineString","coordinates":[[133.384046,35.417839],[133.38407,35.417954],[133.384139,35.418662],[133.384107,35.418908],[133.384046,35.419205],[133.384014,35.419573],[133.383923,35.420198],[133.383835,35.420865],[133.383811,35.421155],[133.383842,35.421585],[133.383832,35.42176],[133.383738,35.422447],[133.383636,35.423378]]},"properties":{"highway":"secondary","name":"福頼市山伯耆大山停車場線","ref":"160"}},
{"type":"Feature","geometry":{"type":"LineString","coordinates":[[133.384384,35.395214],[133.384425,35.395358],[133.384516,35.396696],[133.38456,35.397512],[133.384714,35.399702],[133.384796,35.400065],[133.384877,35.400236],[133.385092,35.400786],[133.38572,35.402292],[133.385744,35.402336]]},"properties":{"highway":"secondary","name":"福頼市山伯耆大山停車場線","ref":"160"}},
{"type":"Feature","geometry":{"type":"LineString","coordinates":[[133.385744,35.402336],[133.386489,35.404186]]},"properties":{"highway":"secondary","name":"福頼市山伯耆大山停車場線","ref":"160"}},
{"type":"Feature","geometry":{"type":"LineString","coordinates":[[133.386514,35.404239],[133.387395,35.403949],[133.387964,35.403774],[133.388585,35.403598],[133.389524,35.403347],[133.390123,35.403191],[133.390729,35.403037]]},"properties":{"highway":"secondary","name":"福頼市山伯耆大山停車場線","ref":"160"}},
{"type":"Feature","geometry":{"type":"LineString","coordinates":[[133.390729,35.403037],[133.390799,35.403299],[133.390873,35.403651],[133.390966,35.404544],[133.391017,35.405537],[133.391047,35.405925],[133.391082,35.406444],[133.391106,35.406898],[133.391192,35.408355],[133.391216,35.409337],[133.391261,35.410159],[133.391332,35.410809],[133.391387,35.410921],[133.391441,35.410983]]},"properties":{"highway":"secondary","name":"福頼市山伯耆大山停車場線","ref":"160"}},
{"type":"Feature","geometry":{"type":"LineString","coordinates":[[133.374521,35.429093],[133.374532,35.428996],[133.37469,35.428732],[133.375921,35.427099],[133.37616,35.426797],[133.376765,35.425993],[133.377216,35.425452],[133.377632,35.42498],[133.378218,35.424291],[133.378557,35.423927],[133.379838,35.422475],[133.379901,35.422403],[133.380359,35.421888],[133.380567,35.421637],[133.381424,35.420678],[133.382164,35.41983],[133.382583,35.419341],[133.382821,35.419094],[133.383031,35.418855],[133.383508,35.418392],[133.384046,35.417839]]},"properties":{"highway":"secondary","name":"米子丸山線","ref":"159"}},
{"type":"Feature","geometry":{"type":"LineString","coordinates":[[133.391441,35.410983],[133.392435,35.410281],[133.393351,35.409559],[133.394607,35.40854],[133.394875,35.408333],[133.39524,35.408113],[133.395885,35.407787]]},"properties":{"highway":"secondary","name":"米子丸山線","ref":"159"}},
{"type":"Feature","geometry":{"type":"MultiLineString","coordinates":[[[133.42053,35.397417],[133.421458,35.396995],[133.421882,35.396782],[133.422121,35.396617],[133.422822,35.396032],[133.423566,35.395446],[133.424306,35.394866],[133.425018,35.394361],[133.425835,35.393924],[133.426391,35.393725],[133.426902,35.393588],[133.427521,35.393469],[133.427999,35.393288],[133.4284,35.393027],[133.429038,35.392481],[133.429534,35.392108],[133.430491,35.39161]],[[133.430492,35.391609],[133.431056,35.391509],[133.43163,35.391523]],[[133.432105,35.3916],[133.432268,35.39164],[133.432501,35.391665]],[[133.432555,35.391671],[133.43271,35.391687],[133.434415,35.391515],[133.434648,35.391467]],[[133.435226,35.391348],[133.43587,35.39121]],[[133.437512,35.390924],[133.437973,35.390852],[133.439519,35.390663],[133.440008,35.390593],[133.440214,35.390555],[133.440553,35.390455]]]},"properties":{"highway":"secondary","name":"米子丸山線","ref":"159"}},
{"type":"Feature","geometry":{"type":"LineString","coordinates":[[133.420164,35.397545],[133.420379,35.39747],[133.420446,35.397447],[133.42053,35.397417]]},"properties":{"highway":"secondary","name":"米子丸山線","ref":"159"}},
{"type":"Feature","geometry":{"type":"LineString","coordinates":[[133.401052,35.405374],[133.401226,35.405332],[133.401373,35.40527],[133.401917,35.404995],[133.402492,35.404686],[133.402773,35.404579],[133.402932,35.404551],[133.403196,35.404551],[133.403813,35.404645],[133.40452,35.404741],[133.404945,35.404807],[133.406168,35.404988],[133.406503,35.405012],[133.406784,35.405007],[133.407821,35.404891],[133.408201,35.40483],[133.408421,35.40477],[133.408733,35.404655],[133.409004,35.404524],[133.409203,35.404392],[133.409516,35.404142],[133.409775,35.403865],[133.41035,35.403289],[133.410514,35.403141],[133.410987,35.402798],[133.412462,35.402071],[133.412847,35.401861],[133.414287,35.40106],[133.414606,35.400885],[133.415925,35.400131],[133.416609,35.399774],[133.41678,35.399664],[133.416946,35.399541],[133.417019,35.399441],[133.417064,35.399335],[133.417085,35.399227],[133.417112,35.398959],[133.417173,35.398755],[133.417303,35.398623],[133.417433,35.39855],[133.417819,35.398361],[133.418168,35.398222],[133.418518,35.398099],[133.419221,35.397894],[133.419511,35.397774],[133.420164,35.397545]]},"properties":{"highway":"secondary","name":"米子丸山線","ref":"159"}},
{"type":"Feature","geometry":{"type":"LineString","coordinates":[[133.375707,35.420572],[133.375302,35.420413],[133.374949,35.420301],[133.374129,35.420053],[133.373746,35.41992],[133.373552,35.419892]]},"properties":{"highway":"motorway_link","name":null,"ref":null}},
{"type":"Feature","geometry":{"type":"LineString","coordinates":[[133.383954,35.423815],[133.384141,35.423827],[133.384819,35.423889],[133.385538,35.423921],[133.386328,35.423932]]},"properties":{"highway":"motorway_link","name":null,"ref":null}},
{"type":"Feature","geometry":{"type":"LineString","coordinates":[[133.386312,35.423737],[133.386235,35.423733],[133.385499,35.423656],[133.384812,35.423589],[133.384382,35.423531],[133.384007,35.423458]]},"properties":{"highway":"motorway_link","name":null,"ref":null}},
{"type":"Feature","geometry":{"type":"LineString","coordinates":[[133.32699,35.406024],[133.326101,35.40306],[133.325944,35.402511],[133.32586,35.402127],[133.3258,35.401673],[133.325756,35.401186],[133.325778,35.400512],[133.325827,35.399983],[133.325935,35.3995],[133.326059,35.399065]]},"properties":{"highway":"trunk","name":"国道180号","ref":"180"}},
{"type":"Feature","geometry":{"type":"LineString","coordinates":[[133.334029,35.385987],[133.33558,35.385178]]},"properties":{"highway":"trunk","name":"国道180号","ref":"180"}},
{"type":"Feature","geometry":{"type":"LineString","coordinates":[[133.336087,35.384915],[133.336479,35.384704]]},"properties":{"highway":"trunk","name":"国道180号","ref":"180"}},
{"type":"Feature","geometry":{"type":"LineString","coordinates":[[133.336894,35.384498],[133.337645,35.384098]]},"properties":{"highway":"trunk","name":"国道180号","ref":"180"}},
{"type":"Feature","geometry":{"type":"LineString","coordinates":[[133.33558,35.385178],[133.336087,35.384915]]},"properties":{"highway":"trunk","name":"国道180号","ref":"180"}},
{"type":"Feature","geometry":{"type":"LineString","coordinates":[[133.336479,35.384704],[133.336894,35.384498]]},"properties":{"highway":"trunk","name":"国道180号","ref":"180"}},
{"type":"Feature","geometry":{"type":"LineString","coordinates":[[133.326689,35.397677],[133.327018,35.397066],[133.327656,35.396135],[133.328746,35.394796],[133.329727,35.393614],[133.330085,35.393197],[133.330359,35.39279],[133.330573,35.392399],[133.330901,35.391751],[133.331154,35.390984],[133.331292,35.390236],[133.331364,35.389614],[133.331421,35.38895],[133.331501,35.388513],[133.33164,35.388141],[133.331729,35.387941],[133.331914,35.387628],[133.332157,35.387307],[133.332375,35.387072],[133.332692,35.386799],[133.333114,35.386497],[133.334029,35.385987]]},"properties":{"highway":"trunk","name":"国道180号","ref":"180"}},
{"type":"Feature","geometry":{"type":"LineString","coordinates":[[133.326059,35.399065],[133.326689,35.397677]]},"properties":{"highway":"trunk","name":"国道180号","ref":"180"}},
{"type":"Feature","geometry":{"type":"LineString","coordinates":[[133.331457,35.411359],[133.331365,35.411498],[133.331316,35.411574],[133.331211,35.411734]]},"properties":{"highway":"trunk_link","name":"国道9号","ref":"9"}},
{"type":"Feature","geometry":{"type":"LineString","coordinates":[[133.323349,35.411006],[133.324488,35.410713],[133.32477,35.410592],[133.324973,35.410466],[133.325151,35.41031],[133.32548,35.409933],[133.325689,35.409662],[133.325969,35.409264],[133.326115,35.409052],[133.326307,35.408775]]},"properties":{"highway":"trunk","name":"国道9号","ref":"9;180"}},
{"type":"Feature","geometry":{"type":"LineString","coordinates":[[133.32255,35.411215],[133.323349,35.411006]]},"properties":{"highway":"trunk","name":"国道9号","ref":"9;180"}},
{"type":"Feature","geometry":{"type":"LineString","coordinates":[[133.32934,35.410523],[133.328514,35.410097],[133.328226,35.409944],[133.327963,35.409795],[133.327704,35.409634]]},"properties":{"highway":"motorway_link","name":null,"ref":null}},
{"type":"Feature","geometry":{"type":"LineString","coordinates":[[133.320591,35.41171],[133.321447,35.411488],[133.32255,35.411215]]},"properties":{"highway":"trunk","name":"国道9号","ref":"9;180"}},
{"type":"Feature","geometry":{"type":"LineString","coordinates":[[133.331457,35.411359],[133.329797,35.410637],[133.328595,35.410047],[133.327929,35.409696],[133.327704,35.409634]]},"properties":{"highway":"trunk_link","name":"国道9号","ref":"9"}},
{"type":"Feature","geometry":{"type":"LineString","coordinates":[[133.325969,35.409264],[133.326616,35.409511],[133.32733,35.409755],[133.327686,35.409891]]},"properties":{"highway":"trunk_link","name":"国道9号","ref":"9"}},
{"type":"Feature","geometry":{"type":"LineString","coordinates":[[133.327686,35.409891],[133.328381,35.410234],[133.329021,35.410562],[133.329715,35.410903],[133.33033,35.41128],[133.330911,35.411584],[133.331211,35.411734]]},"properties":{"highway":"trunk_link","name":"国道9号","ref":"9"}},
{"type":"Feature","geometry":{"type":"LineString","coordinates":[[133.327704,35.409634],[133.327524,35.40952],[133.327172,35.409284],[133.326307,35.408775]]},"properties":{"highway":"trunk_link","name":"国道9号","ref":"9"}},
{"type":"Feature","geometry":{"type":"LineString","coordinates":[[133.325116,35.408825],[133.325738,35.409159],[133.325969,35.409264]]},"properties":{"highway":"trunk_link","name":"国道9号","ref":"9"}},
{"type":"Feature","geometry":{"type":"LineString","coordinates":[[133.326307,35.408775],[133.325707,35.408498],[133.325577,35.408445],[133.325291,35.408364],[133.32493,35.408295],[133.324673,35.408227],[133.324449,35.408157],[133.323721,35.407845],[133.322099,35.4071],[133.321832,35.406997]]},"properties":{"highway":"motorway_link","name":null,"ref":null}},
{"type":"Feature","geometry":{"type":"LineString","coordinates":[[133.364005,35.399559],[133.362862,35.399585]]},"properties":{"highway":"secondary","name":"岩屋谷米子線","ref":"253"}},
{"type":"Feature","geometry":{"type":"LineString","coordinates":[[133.362744,35.401071],[133.362383,35.401071],[133.362066,35.401032],[133.361729,35.400972],[133.361294,35.400861],[133.360617,35.400641],[133.360309,35.400579],[133.360037,35.400545],[133.359811,35.400528],[133.358959,35.40055],[133.355624,35.400718],[133.353498,35.400804],[133.352435,35.400866]]},"properties":{"highway":"secondary","name":"岩屋谷米子線","ref":"253"}},
{"type":"Feature","geometry":{"type":"LineString","coordinates":[[133.364345,35.399419],[133.364449,35.399661]]},"properties":{"highway":"secondary","name":"岩屋谷米子線","ref":"253"}},
{"type":"Feature","geometry":{"type":"LineString","coordinates":[[133.352343,35.400872],[133.351242,35.400937],[133.351003,35.400972],[133.350801,35.401037],[133.350618,35.401165],[133.350508,35.401283],[133.350453,35.401399],[133.350437,35.401525],[133.350449,35.401918],[133.350509,35.402816],[133.350579,35.403798],[133.350592,35.404149],[133.350554,35.404417],[133.350496,35.404627],[133.350394,35.404867]]},"properties":{"highway":"secondary","name":"岩屋谷米子線","ref":"253"}},
{"type":"Feature","geometry":{"type":"LineString","coordinates":[[133.362862,35.399585],[133.362694,35.399587]]},"properties":{"highway":"secondary","name":"岩屋谷米子線","ref":"253"}},
{"type":"Feature","geometry":{"type":"LineString","coordinates":[[133.350269,35.405092],[133.350071,35.405329],[133.349824,35.405556],[133.349635,35.405698],[133.348226,35.406524],[133.347805,35.40676],[133.346403,35.407623],[133.346328,35.407637]]},"properties":{"highway":"secondary","name":"岩屋谷米子線","ref":"253"}},
{"type":"Feature","geometry":{"type":"LineString","coordinates":[[133.362744,35.401071],[133.36276,35.401568],[133.36275,35.402717],[133.362735,35.403349],[133.362731,35.403984],[133.362688,35.404453],[133.362629,35.404901],[133.362505,35.405699],[133.362454,35.406155],[133.362452,35.406389],[133.362466,35.406586],[133.362579,35.407184],[133.362604,35.407443],[133.36263,35.407607],[133.362727,35.407893],[133.362898,35.40821],[133.362945,35.408311],[133.363161,35.408741],[133.363318,35.409072],[133.363393,35.409325],[133.363403,35.409616],[133.363318,35.411294],[133.363295,35.411472],[133.36323,35.411657],[133.363125,35.411827],[133.36292,35.412012],[133.362387,35.41245],[133.362251,35.41254],[133.362108,35.412605],[133.361573,35.412795],[133.361404,35.412868],[133.361226,35.412978],[133.361102,35.413089],[133.360994,35.413235],[133.360916,35.413418],[133.360875,35.413581],[133.36088,35.413818],[133.360961,35.414057],[133.361303,35.414716],[133.361561,35.415175],[133.361661,35.415307],[133.3619,35.415544],[133.362384,35.415874],[133.362523,35.415998],[133.362613,35.41611],[133.362654,35.416206],[133.362705,35.416827],[133.362758,35.41709],[133.362847,35.417309],[133.362972,35.417497],[133.363192,35.417713],[133.363241,35.417758],[133.363381,35.417884],[133.363534,35.418059],[133.363627,35.418226],[133.363646,35.418395],[133.36367,35.419097],[133.363709,35.420117],[133.363762,35.420807],[133.363775,35.421285],[133.363808,35.421798],[133.363819,35.422363],[133.363836,35.422878],[133.36387,35.424646],[133.3639,35.42527],[133.363889,35.426343],[133.363864,35.427077],[133.363835,35.427445],[133.36381,35.427866],[133.363801,35.428262],[133.363838,35.428576]]},"properties":{"highway":"secondary","name":"境車尾線","ref":"244"}},
{"type":"Feature","geometry":{"type":"LineString","coordinates":[[133.363869,35.428772],[133.36401,35.42935],[133.364265,35.430323],[133.364323,35.430646],[133.364434,35.431407],[133.36447,35.431531]]},"properties":{"highway":"secondary","name":"境車尾線","ref":"244"}},
{"type":"Feature","geometry":{"type":"LineString","coordinates":[[133.33563,35.423634],[133.334722,35.424096],[133.333143,35.42491],[133.332768,35.42513],[133.332234,35.425395],[133.33184,35.425602],[133.331357,35.425844],[133.330896,35.426109],[133.330476,35.42639],[133.329654,35.426989],[133.329432,35.427138],[133.329181,35.42733]]},"properties":{"highway":"primary","name":"米子停車場線","ref":"28"}},
{"type":"Feature","geometry":{"type":"LineString","coordinates":[[133.254533,35.497975],[133.254511,35.497825],[133.254418,35.497492],[133.254273,35.497194],[133.253942,35.496731],[133.253747,35.496489],[133.253497,35.496195],[133.253432,35.496099],[133.253185,35.495774],[133.25305,35.495575],[133.252949,35.495405],[133.252819,35.495147],[133.252726,35.494946],[133.252617,35.494655],[133.252506,35.494263],[133.252379,35.493722],[133.252342,35.493588],[133.252244,35.493353],[133.25217,35.493204],[133.251991,35.492946],[133.251868,35.492805],[133.251727,35.492665],[133.251559,35.492527],[133.251037,35.492209],[133.250529,35.491918],[133.249009,35.490817],[133.248789,35.490651],[133.246853,35.489219],[133.243875,35.487017],[133.243506,35.486711],[133.243307,35.486452],[133.243041,35.486035],[133.242921,35.48569],[133.242881,35.485427],[133.24287,35.485161],[133.242896,35.484822],[133.242979,35.484508],[133.243114,35.484224],[133.243245,35.484001],[133.243374,35.483824],[133.243747,35.483409],[133.244444,35.482667],[133.244613,35.48247],[133.245466,35.481634],[133.245714,35.481395],[133.246505,35.480683],[133.247338,35.479992],[133.248588,35.479033],[133.249853,35.478078],[133.250291,35.477752],[133.250907,35.477289],[133.251993,35.476482],[133.252499,35.476099],[133.253597,35.47526],[133.253743,35.475149],[133.255287,35.474003],[133.256893,35.472793],[133.257589,35.472299],[133.260459,35.470127],[133.260981,35.469738],[133.261598,35.469271],[133.262622,35.468516],[133.263628,35.467765],[133.264573,35.467066],[133.265036,35.466701],[133.265379,35.466448],[133.265805,35.466118],[133.266235,35.465812],[133.268522,35.464089],[133.269353,35.463462],[133.270887,35.462328],[133.271239,35.462053],[133.271955,35.461519],[133.272998,35.460736],[133.274026,35.45998],[133.2753,35.459014],[133.276086,35.458428],[133.277046,35.457686],[133.278205,35.456834],[133.279386,35.455942],[133.28054,35.455075],[133.280638,35.455016],[133.281617,35.454277],[133.282625,35.453506],[133.283741,35.452681],[133.285028,35.45181],[133.285965,35.451181],[133.28615,35.451063],[133.286498,35.450823],[133.288074,35.449779],[133.289185,35.449009],[133.289588,35.448745],[133.29028,35.448254],[133.290998,35.447769],[133.291439,35.447462],[133.291984,35.447069],[133.293229,35.446191],[133.293491,35.446016],[133.294309,35.445435],[133.295063,35.44489],[133.29565,35.444477],[133.296082,35.444198],[133.296614,35.443808],[133.297064,35.443457],[133.297533,35.443153],[133.298077,35.442808],[133.298391,35.442631],[133.298887,35.442376],[133.299451,35.442115],[133.299996,35.441895],[133.300998,35.441519],[133.302624,35.440929],[133.303806,35.440504],[133.304102,35.440391],[133.305797,35.439782],[133.305875,35.439744],[133.307699,35.439056],[133.307827,35.439006],[133.30871,35.438684],[133.310152,35.438156],[133.310442,35.438057],[133.311818,35.437559],[133.313357,35.436991],[133.313495,35.436932],[133.313927,35.436792],[133.314465,35.436646],[133.314992,35.436478],[133.315136,35.43644],[133.315665,35.436281],[133.316579,35.436016],[133.317301,35.4358],[133.317365,35.435787],[133.318207,35.435546],[133.318824,35.435343],[133.319064,35.435258],[133.319642,35.434996],[133.320022,35.434817],[133.320517,35.434513],[133.320975,35.434196],[133.321405,35.433887],[133.32175,35.433632],[133.321807,35.433599],[133.322143,35.433334],[133.322231,35.433274],[133.322398,35.433076],[133.322535,35.432844]]},"properties":{"highway":"primary","name":"米子境港線","ref":"47"}},
{"type":"Feature","geometry":{"type":"LineString","coordinates":[[133.355409,35.38726],[133.355888,35.386803]]},"properties":{"highway":"secondary","name":"米子岸本線","ref":"316"}},
{"type":"Feature","geometry":{"type":"LineString","coordinates":[[133.340331,35.419406],[133.340647,35.419233],[133.341073,35.418977],[133.341229,35.418829],[133.341509,35.418507],[133.341761,35.418192],[133.342223,35.417595],[133.342708,35.416953],[133.342891,35.416642],[133.342942,35.416519],[133.343012,35.416242],[133.34308,35.41586],[133.343239,35.415041],[133.34333,35.414812],[133.34388,35.413745],[133.343897,35.413712],[133.344634,35.412285],[133.344736,35.412051],[133.344977,35.411119],[133.345247,35.41014],[133.345328,35.409795],[133.345393,35.4096],[133.345474,35.409451],[133.34561,35.409309],[133.345956,35.408979],[133.346243,35.40863],[133.346341,35.40841],[133.346369,35.408227],[133.346374,35.408024],[133.346328,35.407637],[133.346221,35.407003],[133.346146,35.406653],[133.346046,35.406364],[133.345672,35.405536],[133.345562,35.405355],[133.345419,35.405206],[133.344993,35.40483],[133.344749,35.404635],[133.344639,35.404496],[133.344521,35.404216],[133.343956,35.403029],[133.342944,35.400897],[133.342855,35.400716],[133.342195,35.399306],[133.340482,35.395667],[133.34017,35.395091],[133.340081,35.394908],[133.339926,35.394505]]},"properties":{"highway":"secondary","name":"米子広瀬線","ref":"102"}},
{"type":"Feature","geometry":{"type":"LineString","coordinates":[[133.338567,35.428786],[133.338332,35.428186],[133.337592,35.426215],[133.337526,35.426054],[133.337446,35.42592],[133.336725,35.425039],[133.336357,35.424561],[133.335966,35.424036],[133.33563,35.423634],[133.335389,35.423285],[133.335314,35.423196],[133.334812,35.422561],[133.33444,35.422043],[133.334247,35.421788]]},"properties":{"highway":"secondary","name":"米子広瀬線","ref":"102"}},
{"type":"Feature","geometry":{"type":"LineString","coordinates":[[133.339716,35.419758],[133.339882,35.419672]]},"properties":{"highway":"secondary","name":"米子広瀬線","ref":"102"}},
{"type":"Feature","geometry":{"type":"LineString","coordinates":[[133.339882,35.419672],[133.340331,35.419406]]},"properties":{"highway":"secondary","name":"米子広瀬線","ref":"102"}},
{"type":"Feature","geometry":{"type":"LineString","coordinates":[[133.334071,35.420983],[133.334119,35.420731],[133.334171,35.420604],[133.334397,35.420156],[133.334514,35.419948],[133.334739,35.419453],[133.334812,35.419224],[133.334855,35.418953]]},"properties":{"highway":"secondary","name":"米子広瀬線","ref":"102"}},
{"type":"Feature","geometry":{"type":"LineString","coordinates":[[133.339716,35.419758],[133.340468,35.420352],[133.342289,35.421829],[133.343453,35.422759],[133.345225,35.424181],[133.345294,35.424237],[133.345408,35.424308],[133.345783,35.424574],[133.346191,35.424833],[133.346451,35.424947],[133.346736,35.42503],[133.347431,35.425136],[133.349812,35.425368],[133.352253,35.425604],[133.354058,35.42578],[133.354464,35.425814],[133.356232,35.425976],[133.357044,35.426043],[133.357896,35.426134],[133.358365,35.42619],[133.35865,35.426249],[133.358972,35.426326],[133.35927,35.42644],[133.359656,35.426632],[133.359706,35.426671],[133.36002,35.426864],[133.360283,35.427084],[133.360525,35.427347],[133.360696,35.427585],[133.36082,35.427806],[133.360927,35.428046],[133.361034,35.428418],[133.361205,35.429065]]},"properties":{"highway":"secondary","name":"米子環状線","ref":"300"}},
{"type":"Feature","geometry":{"type":"LineString","coordinates":[[133.361205,35.429065],[133.361237,35.429197]]},"properties":{"highway":"secondary","name":"米子環状線","ref":"300"}},
{"type":"Feature","geometry":{"type":"LineString","coordinates":[[133.361237,35.429197],[133.36142,35.429917],[133.361631,35.430695],[133.361669,35.430805],[133.361751,35.431232],[133.36191,35.431911]]},"properties":{"highway":"secondary","name":"米子環状線","ref":"300"}},
{"type":"Feature","geometry":{"type":"LineString","coordinates":[[133.321401,35.413299],[133.321665,35.41316],[133.321882,35.413073],[133.322167,35.412892],[133.322429,35.412542],[133.322566,35.412457],[133.322816,35.412365],[133.32308,35.412189],[133.323151,35.412193],[133.323632,35.412402],[133.323724,35.412421],[133.323949,35.412386],[133.324078,35.412345],[133.324165,35.412296]]},"properties":{"highway":"secondary","name":"米子環状線","ref":"300"}},
{"type":"Feature","geometry":{"type":"LineString","coordinates":[[133.334675,35.418113],[133.334532,35.417812],[133.334263,35.417495],[133.332826,35.415755],[133.332388,35.415134],[133.332017,35.414552],[133.331825,35.41419],[133.331439,35.41325],[133.331208,35.412531],[133.331176,35.412263],[133.331183,35.412055],[133.331212,35.411931],[133.331211,35.411734]]},"properties":{"highway":"secondary","name":"米子環状線","ref":"300"}},
{"type":"Feature","geometry":{"type":"LineString","coordinates":[[133.327074,35.412088],[133.328306,35.412063],[133.329874,35.412024],[133.330005,35.412012],[133.330201,35.41197],[133.330913,35.411768],[133.331211,35.411734]]},"properties":{"highway":"secondary","name":"米子環状線","ref":"300"}},
{"type":"Feature","geometry":{"type":"LineString","coordinates":[[133.332352,35.411808],[133.332233,35.4117],[133.332054,35.411598],[133.332002,35.411468]]},"properties":{"highway":"motorway_link","name":null,"ref":null}},
{"type":"Feature","geometry":{"type":"LineString","coordinates":[[133.334585,35.418122],[133.334675,35.418113],[133.334837,35.418086],[133.335129,35.418068],[133.335393,35.418092],[133.335642,35.418138],[133.336012,35.418249],[133.33624,35.418306],[133.337184,35.418529],[133.33789,35.418724],[133.338534,35.418992],[133.339199,35.419359]]},"properties":{"highway":"secondary","name":"米子広瀬線","ref":"102;300"}},
{"type":"Feature","geometry":{"type":"LineString","coordinates":[[133.364637,35.4002],[133.364384,35.400169],[133.364297,35.400115],[133.364253,35.400031],[133.364213,35.399556]]},"properties":{"highway":"secondary","name":"岩屋谷米子線","ref":"253"}},
{"type":"Feature","geometry":{"type":"LineString","coordinates":[[133.341029,35.394408],[133.341732,35.39434],[133.341973,35.3943],[133.342215,35.394241],[133.342437,35.394163],[133.342649,35.394073],[133.342909,35.393942],[133.343348,35.393673],[133.343678,35.393491],[133.344027,35.393363],[133.34431,35.393305],[133.344495,35.393276],[133.344708,35.393259],[133.34497,35.39327],[133.345399,35.393316],[133.346675,35.393433],[133.347016,35.393447],[133.347824,35.393418],[133.348657,35.393344],[133.34905,35.393304],[133.349382,35.393184],[133.349657,35.393038],[133.349907,35.392838],[133.350067,35.392655],[133.350317,35.392258],[133.350444,35.392033],[133.350555,35.391889],[133.350669,35.391779],[133.350837,35.391656],[133.350984,35.391575],[133.351551,35.391317],[133.352299,35.391005],[133.352732,35.390809],[133.352937,35.39068],[133.353191,35.390446],[133.353327,35.390254],[133.353433,35.39004],[133.353497,35.389823],[133.353614,35.389319],[133.353673,35.389128],[133.35374,35.388965],[133.353889,35.388711],[133.35401,35.388547],[133.354137,35.3884],[133.354379,35.388149],[133.35474,35.387822],[133.35533,35.387333],[133.355409,35.38726]]},"properties":{"highway":"secondary","name":"米子岸本線","ref":"316"}},
{"type":"Feature","geometry":{"type":"LineString","coordinates":[[133.328755,35.437317],[133.329328,35.437757],[133.330444,35.438648],[133.330779,35.438906],[133.331349,35.439355]]},"properties":{"highway":"secondary","name":"両三柳後藤停車場線","ref":"245"}},
{"type":"Feature","geometry":{"type":"LineString","coordinates":[[133.36191,35.431911],[133.361761,35.431935],[133.36142,35.432021],[133.36038,35.432317],[133.359579,35.43256],[133.359264,35.432651],[133.358877,35.432734],[133.358551,35.432782],[133.358275,35.432798],[133.357886,35.432811],[133.357458,35.432803],[133.357027,35.432783],[133.356054,35.432717],[133.355381,35.432682],[133.354255,35.432612],[133.35373,35.432574],[133.353374,35.432559],[133.35306,35.432578],[133.352827,35.432621],[133.352577,35.43269],[133.352351,35.432768],[133.352157,35.432866],[133.351152,35.433419],[133.350087,35.434012],[133.349147,35.434538],[133.349004,35.434624],[133.348564,35.434862]]},"properties":{"highway":"trunk","name":"国道9号","ref":"9"}},
{"type":"Feature","geometry":{"type":"LineString","coordinates":[[133.36447,35.431531],[133.363194,35.431728],[133.362082,35.431882],[133.36191,35.431911]]},"properties":{"highway":"trunk","name":"国道9号","ref":"9"}},
{"type":"Feature","geometry":{"type":"LineString","coordinates":[[133.336571,35.449936],[133.335835,35.450173],[133.33572,35.450214],[133.334018,35.450788],[133.332807,35.451221],[133.331766,35.451569],[133.330235,35.452086],[133.328291,35.452748],[133.326995,35.453203],[133.326169,35.45348],[133.325042,35.453863],[133.324024,35.454202],[133.323088,35.454525],[133.322038,35.454893]]},"properties":{"highway":"secondary","name":"東福原樋口線","ref":"208"}},
{"type":"Feature","geometry":{"type":"LineString","coordinates":[[133.361431,35.456142],[133.361429,35.456017],[133.361357,35.455534],[133.361291,35.454987],[133.361207,35.454654],[133.361118,35.454436],[133.361058,35.454317],[133.360906,35.454063],[133.360779,35.453887],[133.360629,35.45371],[133.360366,35.453466],[133.359227,35.452583],[133.35891,35.452355],[133.358358,35.451938],[133.357695,35.451423],[133.357603,35.451366],[133.357457,35.451271],[133.356826,35.450786],[133.356494,35.450524],[133.354934,35.449332],[133.35454,35.449038],[133.353923,35.448556],[133.352713,35.447631],[133.352548,35.4475],[133.352421,35.447419],[133.351464,35.446685],[133.350705,35.446131],[133.350671,35.446098]]},"properties":{"highway":"secondary","name":"皆生西原線","ref":"207"}},
{"type":"Feature","geometry":{"type":"LineString","coordinates":[[133.360994,35.445953],[133.360968,35.445802],[133.360914,35.444904],[133.360847,35.444107],[133.360828,35.443634],[133.360797,35.443141],[133.36079,35.442723],[133.360854,35.442169],[133.360901,35.441943],[133.361,35.441616],[133.361085,35.441391],[133.361471,35.440694],[133.362273,35.439282],[133.36245,35.438973],[133.362586,35.438693],[133.362729,35.438334],[133.362847,35.437913],[133.362906,35.437499],[133.362919,35.437042],[133.362878,35.436588],[133.362688,35.435585],[133.362504,35.434679],[133.362225,35.433228],[133.36205,35.432466],[133.36191,35.431911]]},"properties":{"highway":"secondary","name":"皆生車尾線","ref":"206"}},
{"type":"Feature","geometry":{"type":"LineString","coordinates":[[133.322563,35.432608],[133.322471,35.432815]]},"properties":{"highway":"primary","name":"米子境港線","ref":"47"}},
{"type":"Feature","geometry":{"type":"LineString","coordinates":[[133.363067,35.44761],[133.362947,35.447506]]},"properties":{"highway":"secondary","name":"皆生車尾線","ref":"206"}},
{"type":"Feature","geometry":{"type":"LineString","coordinates":[[133.366313,35.45565],[133.366232,35.455181],[133.36612,35.454685],[133.365915,35.453563],[133.365816,35.452925],[133.365711,35.452334],[133.365452,35.450616],[133.36538,35.450269],[133.365324,35.450048],[133.36521,35.449742],[133.365147,35.449634]]},"properties":{"highway":"secondary","name":"皆生車尾線","ref":"206;300"}},
{"type":"Feature","geometry":{"type":"LineString","coordinates":[[133.36447,35.431531],[133.364522,35.431671],[133.36462,35.432126],[133.364794,35.432906],[133.365006,35.433936],[133.365378,35.435969],[133.365621,35.437527],[133.365745,35.437999],[133.366114,35.439366],[133.366497,35.440766],[133.366764,35.441565],[133.367014,35.442232],[133.367375,35.443084],[133.367719,35.44385],[133.368669,35.445884],[133.369364,35.447394],[133.369434,35.447573]]},"properties":{"highway":"secondary","name":"米子環状線","ref":"300"}},
{"type":"Feature","geometry":{"type":"LineString","coordinates":[[133.369692,35.448308],[133.369676,35.448395],[133.369612,35.448467]]},"properties":{"highway":"secondary","name":"米子環状線","ref":"300"}},
{"type":"Feature","geometry":{"type":"LineString","coordinates":[[133.338629,35.460254],[133.338377,35.460308]]},"properties":{"highway":"secondary","name":"米子環状線","ref":"300"}},
{"type":"Feature","geometry":{"type":"LineString","coordinates":[[133.366313,35.45565],[133.365514,35.455739],[133.364859,35.455789],[133.364509,35.455809],[133.363908,35.455875],[133.362782,35.456004],[133.361431,35.456142],[133.361249,35.456162],[133.36001,35.456272],[133.359398,35.456331],[133.358967,35.456395],[133.358616,35.456476],[133.35747,35.45673],[133.356703,35.456894],[133.356339,35.456978],[133.356049,35.457031],[133.355446,35.45712],[133.355197,35.457153],[133.354492,35.457258],[133.353331,35.457442],[133.352015,35.45764],[133.351519,35.457769],[133.350552,35.457999],[133.350265,35.458073],[133.349259,35.458298],[133.348909,35.45835],[133.348357,35.458415],[133.347792,35.458459],[133.347252,35.45847],[133.346813,35.458471],[133.346427,35.45848],[133.346076,35.45853],[133.34582,35.458582],[133.345067,35.458805],[133.344793,35.45888],[133.343946,35.459006],[133.343334,35.45911],[133.342807,35.459241],[133.341769,35.459483],[133.340877,35.459707],[133.339702,35.459983],[133.338629,35.460254]]},"properties":{"highway":"secondary","name":"米子環状線","ref":"300"}},
{"type":"Feature","geometry":{"type":"LineString","coordinates":[[133.338377,35.460308],[133.337647,35.460533],[133.336913,35.460784],[133.336254,35.461004],[133.335665,35.461192],[133.335493,35.461198],[133.335333,35.461151],[133.335262,35.461099],[133.335156,35.46095],[133.334908,35.460341],[133.334606,35.459586],[133.334279,35.458667],[133.333752,35.45724],[133.333727,35.457151]]},"properties":{"highway":"secondary","name":"米子環状線","ref":"300"}},
{"type":"Feature","geometry":{"type":"LineString","coordinates":[[133.369544,35.448691],[133.369576,35.448785],[133.369834,35.449268],[133.369931,35.449359],[133.370045,35.449372],[133.370111,35.449349]]},"properties":{"highway":"secondary","name":"米子環状線","ref":"300"}},
{"type":"Feature","geometry":{"type":"LineString","coordinates":[[133.369434,35.447573],[133.369331,35.447599],[133.369236,35.44768],[133.369228,35.447773],[133.369401,35.448324],[133.369448,35.448437]]},"properties":{"highway":"secondary","name":"米子環状線","ref":"300"}},
{"type":"Feature","geometry":{"type":"LineString","coordinates":[[133.369448,35.448437],[133.369472,35.4485],[133.3695,35.448574],[133.369544,35.448691]]},"properties":{"highway":"secondary","name":"米子環状線","ref":"300"}},
{"type":"Feature","geometry":{"type":"LineString","coordinates":[[133.349077,35.453392],[133.349971,35.453161],[133.351369,35.452851],[133.352102,35.452684],[133.354591,35.452139],[133.356093,35.451791],[133.357061,35.451559],[133.357695,35.451423],[133.358339,35.451275],[133.358965,35.451119],[133.360614,35.450723],[133.361654,35.450476],[133.363009,35.450147],[133.364933,35.449688],[133.365147,35.449634]]},"properties":{"highway":"trunk","name":"国道431号","ref":"431"}},
{"type":"Feature","geometry":{"type":"LineString","coordinates":[[133.405255,35.426507],[133.405437,35.426514],[133.405574,35.42652]]},"properties":{"highway":"motorway","name":"山陰自動車道;米子道路","ref":"E9;9"}},
{"type":"Feature","geometry":{"type":"LineString","coordinates":[[133.404312,35.426447],[133.405255,35.426507]]},"properties":{"highway":"motorway","name":"山陰自動車道;米子道路","ref":"E9;9"}},
{"type":"Feature","geometry":{"type":"LineString","coordinates":[[133.397965,35.425677],[133.398312,35.425786]]},"properties":{"highway":"motorway","name":"山陰自動車道;米子道路","ref":"E9;9"}},
{"type":"Feature","geometry":{"type":"LineString","coordinates":[[133.399426,35.426038],[133.399741,35.426093],[133.399848,35.426111],[133.400377,35.426194],[133.401023,35.426262]]},"properties":{"highway":"motorway","name":"山陰自動車道;米子道路","ref":"E9;9"}},
{"type":"Feature","geometry":{"type":"LineString","coordinates":[[133.396527,35.424909],[133.39573,35.424577]]},"properties":{"highway":"motorway_link","name":null,"ref":null}},
{"type":"Feature","geometry":{"type":"LineString","coordinates":[[133.400304,35.424499],[133.400357,35.424028],[133.400362,35.423813],[133.400376,35.423174]]},"properties":{"highway":"motorway_link","name":null,"ref":null}},
{"type":"Feature","geometry":{"type":"LineString","coordinates":[[133.394361,35.424107],[133.393754,35.423953],[133.393512,35.423903],[133.392741,35.423775],[133.39251,35.423747],[133.392194,35.423729]]},"properties":{"highway":"motorway_link","name":"山陰自動車道;米子道路","ref":"E9;9"}},
{"type":"Feature","geometry":{"type":"LineString","coordinates":[[133.395013,35.424647],[133.39544,35.424844]]},"properties":{"highway":"motorway_link","name":null,"ref":null}},
{"type":"Feature","geometry":{"type":"LineString","coordinates":[[133.355891,35.417283],[133.356204,35.417303],[133.35712,35.417316],[133.357681,35.417329]]},"properties":{"highway":"motorway_link","name":null,"ref":null}},
{"type":"Feature","geometry":{"type":"LineString","coordinates":[[133.321197,35.406679],[133.322071,35.407198],[133.322586,35.407488],[133.323657,35.408062],[133.324499,35.408499],[133.325116,35.408825]]},"properties":{"highway":"motorway_link","name":null,"ref":null}},
{"type":"Feature","geometry":{"type":"LineString","coordinates":[[133.405408,35.426664],[133.407058,35.426723],[133.408377,35.42672],[133.409141,35.42673]]},"properties":{"highway":"motorway_link","name":null,"ref":"E9;9"}},
{"type":"Feature","geometry":{"type":"LineString","coordinates":[[133.338235,35.383754],[133.338527,35.383601]]},"properties":{"highway":"trunk","name":"国道180号","ref":"180"}},
{"type":"Feature","geometry":{"type":"LineString","coordinates":[[133.369915,35.448476],[133.371492,35.448102]]},"properties":{"highway":"trunk","name":"国道431号","ref":"431"}},
{"type":"Feature","geometry":{"type":"LineString","coordinates":[[133.367744,35.449003],[133.3695,35.448574],[133.36964,35.44854]]},"properties":{"highway":"trunk","name":"国道431号","ref":"431"}},
{"type":"Feature","geometry":{"type":"LineString","coordinates":[[133.379851,35.39718],[133.380177,35.396842],[133.380491,35.396494],[133.380761,35.39614],[133.381054,35.395721],[133.381374,35.395161],[133.381598,35.39468],[133.382013,35.393463]]},"properties":{"highway":"trunk","name":"国道181号","ref":"181;183;482"}},
{"type":"Feature","geometry":{"type":"LineString","coordinates":[[133.336083,35.456562],[133.335816,35.456623]]},"properties":{"highway":"trunk","name":"国道431号","ref":"431"}},
{"type":"Feature","geometry":{"type":"LineString","coordinates":[[133.365097,35.449551],[133.362916,35.450078],[133.362264,35.45024],[133.360575,35.450639],[133.358799,35.451069],[133.358319,35.451199],[133.357858,35.451316],[133.357603,35.451366],[133.35736,35.451413],[133.356063,35.451715],[133.355339,35.451874],[133.354559,35.452054],[133.353921,35.452187],[133.352104,35.45251]]},"properties":{"highway":"trunk","name":"国道431号","ref":"431"}},
{"type":"Feature","geometry":{"type":"LineString","coordinates":[[133.36738,35.44909],[133.367744,35.449003]]},"properties":{"highway":"trunk","name":"国道431号","ref":"431"}},
{"type":"Feature","geometry":{"type":"LineString","coordinates":[[133.369612,35.448467],[133.369472,35.4485],[133.367668,35.448934]]},"properties":{"highway":"trunk","name":"国道431号","ref":"431"}},
{"type":"Feature","geometry":{"type":"LineString","coordinates":[[133.367668,35.448934],[133.367299,35.449031]]},"properties":{"highway":"trunk","name":"国道431号","ref":"431"}},
{"type":"Feature","geometry":{"type":"LineString","coordinates":[[133.351984,35.452535],[133.351294,35.45268],[133.350076,35.452957],[133.349775,35.45303],[133.348163,35.453449],[133.347444,35.453632],[133.346418,35.4539],[133.34555,35.45412],[133.345242,35.454219],[133.344885,35.454307],[133.344729,35.454334],[133.34375,35.454601],[133.343488,35.454652],[133.340631,35.455397],[133.340229,35.455496],[133.338432,35.455965],[133.337015,35.456333],[133.336083,35.456562]]},"properties":{"highway":"trunk","name":"国道431号","ref":"431"}},
{"type":"Feature","geometry":{"type":"LineString","coordinates":[[133.371469,35.44803],[133.369893,35.448402]]},"properties":{"highway":"trunk","name":"国道431号","ref":"431"}},
{"type":"Feature","geometry":{"type":"LineString","coordinates":[[133.382013,35.393463],[133.38219,35.39297]]},"properties":{"highway":"trunk","name":"国道181号","ref":"181;183;482"}},
{"type":"Feature","geometry":{"type":"LineString","coordinates":[[133.333701,35.457061],[133.333083,35.457186],[133.332521,35.457316],[133.331155,35.457591],[133.330081,35.457823],[133.329031,35.45806],[133.328102,35.458291],[133.326999,35.458577],[133.325602,35.458974],[133.324588,35.459283],[133.323699,35.459567],[133.321882,35.460133],[133.321066,35.46039],[133.320279,35.460634]]},"properties":{"highway":"trunk","name":"国道431号","ref":"431"}},
{"type":"Feature","geometry":{"type":"LineString","coordinates":[[133.3254,35.422642],[133.325328,35.422027]]},"properties":{"highway":"trunk","name":"国道9号","ref":"9"}},
{"type":"Feature","geometry":{"type":"LineString","coordinates":[[133.339199,35.419359],[133.339632,35.41968]]},"properties":{"highway":"secondary","name":"米子広瀬線","ref":"102;300"}},
{"type":"Feature","geometry":{"type":"LineString","coordinates":[[133.339632,35.41968],[133.339716,35.419758]]},"properties":{"highway":"secondary","name":"米子広瀬線","ref":"102;300"}},
{"type":"Feature","geometry":{"type":"LineString","coordinates":[[133.325249,35.412109],[133.325623,35.411934]]},"properties":{"highway":"secondary","name":"米子環状線","ref":"300"}},
{"type":"Feature","geometry":{"type":"LineString","coordinates":[[133.382605,35.430995],[133.381938,35.430593],[133.381231,35.430157],[133.380877,35.429948]]},"properties":{"highway":"trunk_link","name":"国道9号","ref":"9"}},
{"type":"Feature","geometry":{"type":"LineString","coordinates":[[133.341306,35.427159],[133.340716,35.427625],[133.339568,35.428489]]},"properties":{"highway":"trunk","name":"国道181号","ref":"181;183;482"}},
{"type":"Feature","geometry":{"type":"LineString","coordinates":[[133.339568,35.428489],[133.339314,35.4287]]},"properties":{"highway":"trunk","name":"国道181号","ref":"181;183;482"}},
{"type":"Feature","geometry":{"type":"LineString","coordinates":[[133.338764,35.429154],[133.338935,35.429083],[133.339243,35.428847]]},"properties":{"highway":"trunk","name":"国道181号","ref":"181;183;482"}},
{"type":"Feature","geometry":{"type":"LineString","coordinates":[[133.339619,35.428552],[133.340918,35.427557],[133.341127,35.427403],[133.341338,35.427235]]},"properties":{"highway":"trunk","name":"国道181号","ref":"181;183;482"}},
{"type":"Feature","geometry":{"type":"LineString","coordinates":[[133.348481,35.421819],[133.348183,35.422085]]},"properties":{"highway":"trunk","name":"国道181号","ref":"181;183;482"}},
{"type":"Feature","geometry":{"type":"LineString","coordinates":[[133.331681,35.430199],[133.331603,35.43011]]},"properties":{"highway":"trunk","name":"国道9号","ref":"9"}},
{"type":"Feature","geometry":{"type":"LineString","coordinates":[[133.363838,35.428576],[133.363869,35.428772]]},"properties":{"highway":"secondary","name":"境車尾線","ref":"244"}},
{"type":"Feature","geometry":{"type":"LineString","coordinates":[[133.31989,35.460758],[133.319797,35.460783],[133.318662,35.461173],[133.318161,35.461359],[133.317691,35.461542],[133.317299,35.461705],[133.316945,35.461863],[133.316029,35.462254],[133.314876,35.46274],[133.314036,35.463072],[133.312995,35.463472],[133.311895,35.463848],[133.311245,35.464089]]},"properties":{"highway":"trunk","name":"国道431号","ref":"431"}},
{"type":"Feature","geometry":{"type":"LineString","coordinates":[[133.319925,35.460829],[133.320312,35.460707]]},"properties":{"highway":"trunk","name":"国道431号","ref":"431"}},
{"type":"Feature","geometry":{"type":"LineString","coordinates":[[133.320279,35.460634],[133.31989,35.460758]]},"properties":{"highway":"trunk","name":"国道431号","ref":"431"}},
{"type":"Feature","geometry":{"type":"LineString","coordinates":[[133.311245,35.464089],[133.310916,35.464228],[133.310843,35.464259]]},"properties":{"highway":"trunk","name":"国道431号","ref":"431"}},
{"type":"Feature","geometry":{"type":"LineString","coordinates":[[133.310927,35.464329],[133.311455,35.464122],[133.311951,35.46394],[133.31304,35.463544],[133.314074,35.463152],[133.314929,35.462812],[133.316062,35.462335],[133.31692,35.461962],[133.31773,35.461623],[133.318704,35.461247],[133.319201,35.461068],[133.319925,35.460829]]},"properties":{"highway":"trunk","name":"国道431号","ref":"431"}},
{"type":"Feature","geometry":{"type":"LineString","coordinates":[[133.310843,35.464259],[133.310478,35.464433],[133.310268,35.464571],[133.310085,35.464721],[133.309913,35.464883],[133.309772,35.46504],[133.309639,35.465214],[133.308979,35.466188],[133.308583,35.466766]]},"properties":{"highway":"trunk","name":"国道431号","ref":"431"}},
{"type":"Feature","geometry":{"type":"LineString","coordinates":[[133.305176,35.463137],[133.305085,35.463174]]},"properties":{"highway":"secondary","name":"東福原樋口線","ref":"208"}},
{"type":"Feature","geometry":{"type":"LineString","coordinates":[[133.303728,35.463408],[133.302915,35.463532],[133.302673,35.463608],[133.301793,35.464241],[133.301482,35.464406],[133.301058,35.464667],[133.30068,35.46491],[133.300408,35.465076],[133.299537,35.465518],[133.299406,35.465565],[133.298652,35.46594],[133.298202,35.466232],[133.297305,35.46668]]},"properties":{"highway":"secondary","name":"東福原樋口線","ref":"208"}},
{"type":"Feature","geometry":{"type":"LineString","coordinates":[[133.401052,35.405374],[133.400772,35.405409]]},"properties":{"highway":"secondary","name":"米子丸山線","ref":"159"}},
{"type":"Feature","geometry":{"type":"LineString","coordinates":[[133.350394,35.404867],[133.350269,35.405092]]},"properties":{"highway":"secondary","name":"岩屋谷米子線","ref":"253"}},
{"type":"Feature","geometry":{"type":"LineString","coordinates":[[133.372416,35.401581],[133.372246,35.401672]]},"properties":{"highway":"trunk","name":"国道181号","ref":"181;183;482"}},
{"type":"Feature","geometry":{"type":"LineString","coordinates":[[133.399719,35.426169],[133.399541,35.426841],[133.399453,35.427146],[133.399049,35.428305],[133.398685,35.429249],[133.398476,35.429778],[133.398227,35.430378],[133.398012,35.430855],[133.397763,35.431353],[133.397428,35.43193],[133.396803,35.43283],[133.396545,35.433186]]},"properties":{"highway":"trunk","name":"国道431号","ref":"431"}},
{"type":"Feature","geometry":{"type":"LineString","coordinates":[[133.402647,35.426358],[133.404312,35.426447]]},"properties":{"highway":"motorway","name":"山陰自動車道;米子道路","ref":"E9;9"}},
{"type":"Feature","geometry":{"type":"LineString","coordinates":[[133.401023,35.426262],[133.401425,35.426302],[133.401853,35.426327],[133.402647,35.426358]]},"properties":{"highway":"motorway","name":"山陰自動車道;米子道路","ref":"E9;9"}},
{"type":"Feature","geometry":{"type":"LineString","coordinates":[[133.400269,35.422737],[133.400196,35.423076],[133.400137,35.423633]]},"properties":{"highway":"motorway_link","name":null,"ref":null}},
{"type":"Feature","geometry":{"type":"LineString","coordinates":[[133.395776,35.424499],[133.39563,35.424445]]},"properties":{"highway":"motorway_link","name":"山陰自動車道;米子道路","ref":"E9;9"}},
{"type":"Feature","geometry":{"type":"LineString","coordinates":[[133.39563,35.424445],[133.395287,35.424341],[133.394725,35.424193],[133.394361,35.424107]]},"properties":{"highway":"motorway_link","name":"山陰自動車道;米子道路","ref":"E9;9"}},
{"type":"Feature","geometry":{"type":"LineString","coordinates":[[133.26186,35.482879],[133.260174,35.48429],[133.259354,35.485041],[133.259039,35.485327],[133.258182,35.486128],[133.257434,35.486857],[133.256296,35.488074],[133.255526,35.48892],[133.255113,35.489389]]},"properties":{"highway":"secondary","name":"米子境港自転車道線","ref":"502"}},
{"type":"Feature","geometry":{"type":"LineString","coordinates":[[133.252359,35.492626],[133.252934,35.492065],[133.253289,35.491683],[133.25418,35.490552],[133.255113,35.489389]]},"properties":{"highway":"secondary","name":"米子境港自転車道線","ref":"502"}},
{"type":"Feature","geometry":{"type":"LineString","coordinates":[[133.400434,35.421355],[133.400433,35.421043],[133.400311,35.419394],[133.400282,35.418815],[133.400284,35.418607],[133.400316,35.418185],[133.400391,35.41776],[133.400512,35.417345],[133.400682,35.416948],[133.400863,35.416619],[133.400989,35.416417]]},"properties":{"highway":"motorway","name":"米子自動車道","ref":"E73"}},
{"type":"Feature","geometry":{"type":"LineString","coordinates":[[133.38219,35.39297],[133.382539,35.391965],[133.382857,35.390925],[133.383339,35.38884],[133.383599,35.388052],[133.383983,35.387247],[133.384484,35.386531],[133.38604,35.384742],[133.386414,35.384256]]},"properties":{"highway":"trunk","name":"国道181号","ref":"181;183;482"}},
{"type":"Feature","geometry":{"type":"LineString","coordinates":[[133.328755,35.437317],[133.329617,35.436658],[133.330476,35.435965],[133.331285,35.435318],[133.332133,35.434604],[133.333073,35.433869],[133.333905,35.433192]]},"properties":{"highway":"secondary","name":"米子港線","ref":"157"}},
{"type":"Feature","geometry":{"type":"LineString","coordinates":[[133.41943,35.388558],[133.419539,35.388993],[133.419616,35.389334],[133.419659,35.38949]]},"properties":{"highway":"motorway_link","name":null,"ref":null}},
{"type":"Feature","geometry":{"type":"LineString","coordinates":[[133.341338,35.427235],[133.34247,35.426365],[133.342955,35.426003],[133.343927,35.425267],[133.344327,35.424967],[133.344794,35.424586],[133.345294,35.424237],[133.345459,35.424124],[133.346304,35.42364],[133.34665,35.423419],[133.346888,35.423253],[133.347223,35.422994],[133.34824,35.42213],[133.348273,35.422105]]},"properties":{"highway":"trunk","name":"国道181号","ref":"181;183;482"}},
{"type":"Feature","geometry":{"type":"LineString","coordinates":[[133.348273,35.422105],[133.348579,35.421839]]},"properties":{"highway":"trunk","name":"国道181号","ref":"181;183;482"}},
{"type":"Feature","geometry":{"type":"LineString","coordinates":[[133.348579,35.421839],[133.349314,35.421203],[133.349879,35.420722],[133.350398,35.420276],[133.350832,35.419824],[133.351055,35.419518],[133.352072,35.417985],[133.352319,35.417563],[133.352504,35.417192],[133.352692,35.416571],[133.352708,35.416521],[133.352827,35.416146]]},"properties":{"highway":"trunk","name":"国道181号","ref":"181;183;482"}},
{"type":"Feature","geometry":{"type":"LineString","coordinates":[[133.352999,35.415562],[133.353115,35.415138],[133.353181,35.414942],[133.353347,35.41459],[133.353624,35.414233],[133.35456,35.413305],[133.354866,35.413059],[133.355125,35.412906],[133.356846,35.411921],[133.357172,35.411718],[133.358195,35.411066],[133.358504,35.410864],[133.35932,35.410291],[133.359781,35.410018],[133.360144,35.409825],[133.361324,35.409269],[133.36171,35.409077],[133.362945,35.408311],[133.363093,35.408218]]},"properties":{"highway":"trunk","name":"国道181号","ref":"181;183;482"}},
{"type":"Feature","geometry":{"type":"LineString","coordinates":[[133.352827,35.416146],[133.352999,35.415562]]},"properties":{"highway":"trunk","name":"国道181号","ref":"181;183;482"}},
{"type":"Feature","geometry":{"type":"LineString","coordinates":[[133.41587,35.439598],[133.415987,35.440268]]},"properties":{"highway":"motorway","name":"山陰自動車道;米子道路","ref":"E9;9"}},
{"type":"Feature","geometry":{"type":"LineString","coordinates":[[133.39809,35.425846],[133.398868,35.426048],[133.399038,35.426071],[133.399719,35.426169]]},"properties":{"highway":"trunk_link","name":"国道9号","ref":"9"}},
{"type":"Feature","geometry":{"type":"LineString","coordinates":[[133.398254,35.425452],[133.397644,35.425254],[133.397292,35.425125],[133.396986,35.424995]]},"properties":{"highway":"motorway_link","name":"山陰自動車道;米子道路","ref":"E9;9"}},
{"type":"Feature","geometry":{"type":"LineString","coordinates":[[133.395695,35.424675],[133.395534,35.424608]]},"properties":{"highway":"motorway","name":"山陰自動車道;米子道路","ref":"E9;9"}},
{"type":"Feature","geometry":{"type":"LineString","coordinates":[[133.395512,35.424698],[133.395649,35.424756]]},"properties":{"highway":"motorway","name":"山陰自動車道;米子道路","ref":"E9;9"}},
{"type":"Feature","geometry":{"type":"LineString","coordinates":[[133.395453,35.424812],[133.395605,35.424867]]},"properties":{"highway":"motorway_link","name":"山陰自動車道;米子道路","ref":"E9;9"}},
{"type":"Feature","geometry":{"type":"LineString","coordinates":[[133.39544,35.424844],[133.395587,35.424912]]},"properties":{"highway":"motorway_link","name":null,"ref":null}},
{"type":"Feature","geometry":{"type":"LineString","coordinates":[[133.395605,35.424867],[133.396408,35.425199]]},"properties":{"highway":"motorway_link","name":"山陰自動車道;米子道路","ref":"E9;9"}},
{"type":"Feature","geometry":{"type":"LineString","coordinates":[[133.395587,35.424912],[133.395951,35.425088],[133.396258,35.425222]]},"properties":{"highway":"motorway_link","name":"米子自動車道","ref":null}},
{"type":"Feature","geometry":{"type":"LineString","coordinates":[[133.395534,35.424608],[133.394923,35.424377],[133.394497,35.424234],[133.394076,35.424109],[133.393625,35.423991],[133.39317,35.423888],[133.392708,35.423803],[133.392194,35.423729],[133.391678,35.423681],[133.391171,35.423646],[133.390689,35.42363],[133.390145,35.423632],[133.389617,35.423648]]},"properties":{"highway":"motorway","name":"山陰自動車道;米子道路","ref":"E9;9"}},
{"type":"Feature","geometry":{"type":"LineString","coordinates":[[133.389616,35.423736],[133.390136,35.42372],[133.390647,35.423716],[133.391159,35.423732],[133.391667,35.423768],[133.392182,35.423825],[133.392686,35.423902],[133.393595,35.424082],[133.394033,35.424192],[133.394471,35.42432],[133.394879,35.424457],[133.395512,35.424698]]},"properties":{"highway":"motorway","name":"山陰自動車道;米子道路","ref":"E9;9"}},
{"type":"Feature","geometry":{"type":"LineString","coordinates":[[133.379241,35.422238],[133.379838,35.422475],[133.379968,35.422527]]},"properties":{"highway":"motorway","name":"山陰自動車道;米子道路","ref":"E9;9"}},
{"type":"Feature","geometry":{"type":"LineString","coordinates":[[133.378272,35.421858],[133.379241,35.422238]]},"properties":{"highway":"motorway","name":"山陰自動車道;米子道路","ref":"E9;9"}},
{"type":"Feature","geometry":{"type":"LineString","coordinates":[[133.377561,35.421573],[133.378272,35.421858]]},"properties":{"highway":"motorway","name":"山陰自動車道;米子道路","ref":"E9;9"}},
{"type":"Feature","geometry":{"type":"LineString","coordinates":[[133.373408,35.419975],[133.373668,35.420103],[133.374253,35.42037],[133.37551,35.420872]]},"properties":{"highway":"motorway_link","name":null,"ref":null}},
{"type":"Feature","geometry":{"type":"LineString","coordinates":[[133.373445,35.419945],[133.375463,35.420736]]},"properties":{"highway":"motorway","name":"山陰自動車道;米子道路","ref":"E9;9"}},
{"type":"Feature","geometry":{"type":"LineString","coordinates":[[133.363044,35.417739],[133.363241,35.417758],[133.364618,35.417885],[133.36553,35.417978],[133.366369,35.418071],[133.367152,35.418179],[133.367893,35.418309],[133.368556,35.418434],[133.368849,35.418495]]},"properties":{"highway":"motorway","name":"山陰自動車道;米子道路","ref":"E9;9"}},
{"type":"Feature","geometry":{"type":"LineString","coordinates":[[133.357741,35.417081],[133.356995,35.416969],[133.356132,35.416855],[133.355956,35.416839]]},"properties":{"highway":"motorway_link","name":null,"ref":null}},
{"type":"Feature","geometry":{"type":"LineString","coordinates":[[133.352263,35.41644],[133.352593,35.416542],[133.352692,35.416571],[133.352905,35.416633],[133.353488,35.416752]]},"properties":{"highway":"motorway","name":"山陰自動車道;米子道路","ref":"E9;9"}},
{"type":"Feature","geometry":{"type":"LineString","coordinates":[[133.350909,35.415979],[133.351732,35.416264],[133.352263,35.41644]]},"properties":{"highway":"motorway","name":"山陰自動車道;米子道路","ref":"E9;9"}},
{"type":"Feature","geometry":{"type":"LineString","coordinates":[[133.3316,35.411712],[133.332026,35.411919],[133.332464,35.412124],[133.332758,35.412247],[133.333017,35.412345],[133.333304,35.412462],[133.333957,35.41266],[133.334872,35.412869],[133.335403,35.412966],[133.335803,35.413012],[133.336768,35.413106]]},"properties":{"highway":"motorway","name":"山陰自動車道;米子道路","ref":"E9;9"}},
{"type":"Feature","geometry":{"type":"LineString","coordinates":[[133.334637,35.412783],[133.334,35.412615],[133.33375,35.412534],[133.333323,35.412362],[133.333131,35.412269],[133.332352,35.411808],[133.331888,35.411563],[133.331457,35.411359]]},"properties":{"highway":"motorway_link","name":null,"ref":null}},
{"type":"Feature","geometry":{"type":"LineString","coordinates":[[133.413337,35.403021],[133.413179,35.403138],[133.412859,35.403406],[133.412481,35.403786],[133.412098,35.404208],[133.408006,35.40862],[133.406664,35.410067],[133.405374,35.411454],[133.404352,35.412519],[133.403375,35.41349],[133.402993,35.413875],[133.402219,35.414707],[133.401636,35.415373]]},"properties":{"highway":"motorway","name":"米子自動車道","ref":"E73"}},
{"type":"Feature","geometry":{"type":"LineString","coordinates":[[133.413968,35.402559],[133.413649,35.402776],[133.413435,35.402943],[133.413337,35.403021]]},"properties":{"highway":"motorway","name":"米子自動車道","ref":"E73"}},
{"type":"Feature","geometry":{"type":"LineString","coordinates":[[133.417611,35.400739],[133.417276,35.400936],[133.416916,35.40112],[133.41608,35.401491],[133.415566,35.401711],[133.415251,35.40186],[133.414758,35.402113],[133.414356,35.402332],[133.413968,35.402559]]},"properties":{"highway":"motorway","name":"米子自動車道","ref":"E73"}},
{"type":"Feature","geometry":{"type":"LineString","coordinates":[[133.419054,35.399553],[133.418702,35.399902],[133.418354,35.400201],[133.41799,35.400479],[133.417611,35.400739]]},"properties":{"highway":"motorway","name":"米子自動車道","ref":"E73"}},
{"type":"Feature","geometry":{"type":"LineString","coordinates":[[133.419554,35.388656],[133.419602,35.389127],[133.419659,35.38949],[133.419741,35.389888],[133.419923,35.390574],[133.420151,35.391277],[133.420429,35.392089],[133.42061,35.392671],[133.420727,35.393079],[133.420861,35.393775],[133.42091,35.394128],[133.420937,35.394486],[133.420949,35.394899],[133.420907,35.395437],[133.420788,35.39618],[133.420735,35.396428],[133.420596,35.396895],[133.420521,35.397126],[133.420379,35.39747],[133.420265,35.397719],[133.420064,35.398132],[133.419841,35.398531],[133.419583,35.398902],[133.419255,35.39932],[133.419054,35.399553]]},"properties":{"highway":"motorway","name":"米子自動車道","ref":"E73"}},
{"type":"Feature","geometry":{"type":"LineString","coordinates":[[133.338764,35.429154],[133.338045,35.429748],[133.337046,35.430589],[133.336012,35.431435],[133.334968,35.432321],[133.333905,35.433192]]},"properties":{"highway":"trunk","name":"国道181号","ref":"181;183;482"}},
{"type":"Feature","geometry":{"type":"LineString","coordinates":[[133.372269,35.401745],[133.372439,35.401654]]},"properties":{"highway":"trunk","name":"国道181号","ref":"181;183;482"}},
{"type":"Feature","geometry":{"type":"LineString","coordinates":[[133.356046,35.417126],[133.357377,35.417233],[133.359284,35.417405],[133.361466,35.417597]]},"properties":{"highway":"motorway","name":"山陰自動車道;米子道路","ref":"E9;9"}},
{"type":"Feature","geometry":{"type":"LineString","coordinates":[[133.325328,35.422027],[133.325197,35.421141],[133.324956,35.419399],[133.324947,35.418986],[133.324947,35.417973],[133.324941,35.41745],[133.324929,35.416948],[133.32491,35.416415],[133.324858,35.416262],[133.32477,35.41615],[133.324256,35.415597],[133.324045,35.415383],[133.323977,35.41533],[133.323845,35.415268],[133.323686,35.415238],[133.322873,35.415145],[133.32261,35.415106],[133.322437,35.415035],[133.322273,35.414926],[133.322137,35.414778],[133.321579,35.413639],[133.321401,35.413299],[133.321151,35.412816]]},"properties":{"highway":"trunk","name":"国道9号","ref":"9"}},
{"type":"Feature","geometry":{"type":"LineString","coordinates":[[133.363093,35.408218],[133.363899,35.407696]]},"properties":{"highway":"trunk","name":"国道181号","ref":"181;183;482"}},
{"type":"Feature","geometry":{"type":"LineString","coordinates":[[133.324418,35.408258],[133.325975,35.408987]]},"properties":{"highway":"motorway","name":"山陰自動車道;安来道路","ref":"E9;9"}},
{"type":"Feature","geometry":{"type":"LineString","coordinates":[[133.438175,35.459681],[133.437922,35.459195],[133.437664,35.458645]]},"properties":{"highway":"motorway","name":"山陰自動車道;米子道路","ref":"E9;9"}},
{"type":"Feature","geometry":{"type":"LineString","coordinates":[[133.434643,35.454319],[133.434184,35.453926],[133.433809,35.453623],[133.433322,35.453265],[133.432744,35.452889],[133.432259,35.452602],[133.431762,35.452332]]},"properties":{"highway":"motorway","name":"山陰自動車道;米子道路","ref":"E9;9"}},
{"type":"Feature","geometry":{"type":"LineString","coordinates":[[133.435082,35.454745],[133.434643,35.454319]]},"properties":{"highway":"motorway","name":"山陰自動車道;米子道路","ref":"E9;9"}},
{"type":"Feature","geometry":{"type":"LineString","coordinates":[[133.429175,35.451191],[133.427752,35.450655]]},"properties":{"highway":"motorway","name":"山陰自動車道;米子道路","ref":"E9;9"}},
{"type":"Feature","geometry":{"type":"LineString","coordinates":[[133.427752,35.450655],[133.427275,35.450474],[133.426819,35.450293],[133.425336,35.449713],[133.424784,35.449494],[133.423704,35.449028]]},"properties":{"highway":"motorway","name":"山陰自動車道;米子道路","ref":"E9;9"}},
{"type":"Feature","geometry":{"type":"LineString","coordinates":[[133.423704,35.449028],[133.423545,35.448959],[133.423421,35.448906]]},"properties":{"highway":"motorway","name":"山陰自動車道;米子道路","ref":"E9;9"}},
{"type":"Feature","geometry":{"type":"LineString","coordinates":[[133.423421,35.448906],[133.423312,35.448854]]},"properties":{"highway":"motorway","name":"山陰自動車道;米子道路","ref":"E9;9"}},
{"type":"Feature","geometry":{"type":"LineString","coordinates":[[133.423312,35.448854],[133.422688,35.44856],[133.421956,35.448171],[133.42128,35.447757],[133.420719,35.44738],[133.420225,35.446994],[133.419814,35.44665],[133.419354,35.44623],[133.418917,35.445806],[133.418565,35.445431],[133.418222,35.44502],[133.41792,35.444617],[133.417649,35.444225],[133.417311,35.443681],[133.417041,35.443144],[133.416837,35.442704],[133.416629,35.442211],[133.416446,35.441736],[133.41628,35.441237],[133.416154,35.44077],[133.416045,35.440253]]},"properties":{"highway":"motorway","name":"山陰自動車道;米子道路","ref":"E9;9"}},
{"type":"Feature","geometry":{"type":"LineString","coordinates":[[133.416045,35.440253],[133.415948,35.439585]]},"properties":{"highway":"motorway","name":"山陰自動車道;米子道路","ref":"E9;9"}},
{"type":"Feature","geometry":{"type":"LineString","coordinates":[[133.415948,35.439585],[133.415785,35.438331],[133.415006,35.431393],[133.414884,35.430507],[133.41483,35.430222],[133.414757,35.429928],[133.414662,35.429626],[133.414568,35.42939],[133.414459,35.429157],[133.414336,35.428954],[133.414163,35.428711],[133.413982,35.428494],[133.413783,35.428271],[133.413577,35.428071],[133.41332,35.427864],[133.413074,35.427687],[133.412857,35.427542],[133.412643,35.427419],[133.412187,35.427206],[133.411925,35.427102],[133.411679,35.427016],[133.411432,35.426941],[133.410898,35.426826],[133.410517,35.426772],[133.410111,35.426729],[133.409691,35.426701],[133.409145,35.426674],[133.408056,35.426614],[133.40692,35.426541],[133.405581,35.426474]]},"properties":{"highway":"motorway","name":"山陰自動車道;米子道路","ref":"E9;9"}},
{"type":"Feature","geometry":{"type":"LineString","coordinates":[[133.410898,35.426826],[133.410517,35.426758],[133.409427,35.426594],[133.407496,35.426385],[133.406518,35.42629],[133.405493,35.426223]]},"properties":{"highway":"motorway_link","name":null,"ref":"E9;9"}},
{"type":"Feature","geometry":{"type":"LineString","coordinates":[[133.402651,35.426313],[133.401829,35.42627],[133.401023,35.426212]]},"properties":{"highway":"motorway","name":"山陰自動車道;米子道路","ref":"E9;9"}},
{"type":"Feature","geometry":{"type":"LineString","coordinates":[[133.404329,35.426404],[133.402651,35.426313]]},"properties":{"highway":"motorway","name":"山陰自動車道;米子道路","ref":"E9;9"}},
{"type":"Feature","geometry":{"type":"LineString","coordinates":[[133.405256,35.426458],[133.404329,35.426404]]},"properties":{"highway":"motorway","name":"山陰自動車道;米子道路","ref":"E9;9"}},
{"type":"Feature","geometry":{"type":"LineString","coordinates":[[133.405581,35.426474],[133.405446,35.426467],[133.405256,35.426458]]},"properties":{"highway":"motorway","name":"山陰自動車道;米子道路","ref":"E9;9"}},
{"type":"Feature","geometry":{"type":"LineString","coordinates":[[133.399456,35.426003],[133.399337,35.425974],[133.398338,35.425733]]},"properties":{"highway":"motorway","name":"山陰自動車道;米子道路","ref":"E9;9"}},
{"type":"Feature","geometry":{"type":"LineString","coordinates":[[133.401023,35.426212],[133.400335,35.42615],[133.399858,35.426076],[133.399751,35.426057],[133.399456,35.426003]]},"properties":{"highway":"motorway","name":"山陰自動車道;米子道路","ref":"E9;9"}},
{"type":"Feature","geometry":{"type":"LineString","coordinates":[[133.397985,35.425633],[133.397581,35.4255],[133.397197,35.425353],[133.396722,35.425156]]},"properties":{"highway":"motorway","name":"山陰自動車道;米子道路","ref":"E9;9"}},
{"type":"Feature","geometry":{"type":"LineString","coordinates":[[133.398338,35.425733],[133.397985,35.425633]]},"properties":{"highway":"motorway","name":"山陰自動車道;米子道路","ref":"E9;9"}},
{"type":"Feature","geometry":{"type":"LineString","coordinates":[[133.3793,35.422163],[133.378303,35.421771]]},"properties":{"highway":"motorway","name":"山陰自動車道;米子道路","ref":"E9;9"}},
{"type":"Feature","geometry":{"type":"LineString","coordinates":[[133.380042,35.42246],[133.379901,35.422403],[133.3793,35.422163]]},"properties":{"highway":"motorway","name":"山陰自動車道;米子道路","ref":"E9;9"}},
{"type":"Feature","geometry":{"type":"LineString","coordinates":[[133.375508,35.420647],[133.373552,35.419892]]},"properties":{"highway":"motorway","name":"山陰自動車道;米子道路","ref":"E9;9"}},
{"type":"Feature","geometry":{"type":"LineString","coordinates":[[133.378303,35.421771],[133.377609,35.421487]]},"properties":{"highway":"motorway","name":"山陰自動車道;米子道路","ref":"E9;9"}},
{"type":"Feature","geometry":{"type":"LineString","coordinates":[[133.336768,35.413106],[133.342554,35.413573],[133.3428,35.413598]]},"properties":{"highway":"motorway","name":"山陰自動車道;米子道路","ref":"E9;9"}},
{"type":"Feature","geometry":{"type":"LineString","coordinates":[[133.343971,35.413758],[133.344628,35.413877],[133.345108,35.413985]]},"properties":{"highway":"motorway","name":"山陰自動車道;米子道路","ref":"E9;9"}},
{"type":"Feature","geometry":{"type":"LineString","coordinates":[[133.345108,35.413985],[133.345308,35.414045],[133.350909,35.415979]]},"properties":{"highway":"motorway","name":"山陰自動車道;米子道路","ref":"E9;9"}},
{"type":"Feature","geometry":{"type":"LineString","coordinates":[[133.320841,35.406494],[133.321197,35.406679],[133.321832,35.406997],[133.323046,35.407601],[133.323747,35.40794],[133.324418,35.408258]]},"properties":{"highway":"motorway","name":"山陰自動車道;安来道路","ref":"E9;9"}},
{"type":"Feature","geometry":{"type":"LineString","coordinates":[[133.311245,35.464089],[133.311076,35.464099],[133.310993,35.464079],[133.310855,35.463992]]},"properties":{"highway":"trunk_link","name":null,"ref":null}},
{"type":"Feature","geometry":{"type":"LineString","coordinates":[[133.415621,35.423841],[133.416117,35.423772],[133.418529,35.423448],[133.41941,35.423344],[133.420068,35.423232],[133.420432,35.423188],[133.422834,35.422882],[133.424368,35.422754],[133.425378,35.422674],[133.425836,35.422621],[133.426324,35.422552],[133.426951,35.42244],[133.428122,35.422187],[133.431039,35.421574],[133.431279,35.421532],[133.432515,35.421298],[133.436562,35.420286],[133.437669,35.420105],[133.43797,35.420052],[133.438331,35.419949],[133.438713,35.419787],[133.439028,35.419599],[133.439458,35.419241],[133.4399,35.418824],[133.440112,35.41867],[133.440423,35.418506],[133.441052,35.41825],[133.442393,35.417781],[133.443241,35.417531],[133.444559,35.417287],[133.446044,35.417058],[133.446499,35.417008],[133.446965,35.416984],[133.447239,35.416995],[133.447514,35.417018],[133.447957,35.41708],[133.449336,35.417398]]},"properties":{"highway":"primary","name":"米子大山線","ref":"24"}},
{"type":"Feature","geometry":{"type":"LineString","coordinates":[[133.407747,35.422976],[133.407927,35.422748],[133.408108,35.422593],[133.40831,35.422447],[133.408552,35.422305],[133.408814,35.422172]]},"properties":{"highway":"primary","name":"米子大山線","ref":"24;53"}},
{"type":"Feature","geometry":{"type":"LineString","coordinates":[[133.369858,35.44841],[133.369765,35.44837],[133.369692,35.448308]]},"properties":{"highway":"secondary","name":"米子環状線","ref":"300"}},
{"type":"Feature","geometry":{"type":"LineString","coordinates":[[133.36964,35.44854],[133.369805,35.448622]]},"properties":{"highway":"secondary","name":"米子環状線","ref":"300"}},
{"type":"Feature","geometry":{"type":"LineString","coordinates":[[133.334585,35.418122],[133.334705,35.418476],[133.334745,35.418688],[133.334752,35.418953]]},"properties":{"highway":"secondary","name":"米子広瀬線","ref":"102"}},
{"type":"Feature","geometry":{"type":"LineString","coordinates":[[133.331211,35.411734],[133.331118,35.41192],[133.331096,35.412035],[133.331079,35.41228],[133.331089,35.412396],[133.33114,35.412627],[133.331269,35.413034],[133.33153,35.413772],[133.331633,35.414014],[133.331836,35.414417],[133.332289,35.415176],[133.332807,35.415886],[133.333225,35.416367],[133.334188,35.417558],[133.334454,35.417878],[133.33454,35.418015],[133.334585,35.418122]]},"properties":{"highway":"secondary","name":"米子環状線","ref":"300"}},
{"type":"Feature","geometry":{"type":"LineString","coordinates":[[133.334855,35.418953],[133.334851,35.41869],[133.334768,35.418349],[133.334675,35.418113]]},"properties":{"highway":"secondary","name":"米子広瀬線","ref":"102"}},
{"type":"Feature","geometry":{"type":"LineString","coordinates":[[133.334752,35.418953],[133.334715,35.419219],[133.334648,35.419432],[133.334535,35.419679],[133.334153,35.420411],[133.334033,35.420706],[133.333997,35.420838],[133.333979,35.420978]]},"properties":{"highway":"secondary","name":"米子広瀬線","ref":"102"}},
{"type":"Feature","geometry":{"type":"LineString","coordinates":[[133.383486,35.423492],[133.383251,35.423448],[133.382761,35.423342],[133.382259,35.423219],[133.381728,35.423064],[133.381154,35.42288],[133.3806,35.422681],[133.380042,35.42246]]},"properties":{"highway":"motorway","name":"山陰自動車道;米子道路","ref":"E9;9"}},
{"type":"Feature","geometry":{"type":"LineString","coordinates":[[133.383722,35.423616],[133.384175,35.423693],[133.384691,35.423759],[133.385155,35.42381],[133.38563,35.423842],[133.386323,35.423867]]},"properties":{"highway":"motorway","name":"山陰自動車道;米子道路","ref":"E9;9"}},
{"type":"Feature","geometry":{"type":"LineString","coordinates":[[133.414777,35.412921],[133.414837,35.41284]]},"properties":{"highway":"primary","name":"淀江岸本線","ref":"53"}},
{"type":"Feature","geometry":{"type":"LineString","coordinates":[[133.413417,35.414588],[133.414007,35.413875],[133.414777,35.412921]]},"properties":{"highway":"primary","name":"淀江岸本線","ref":"53"}},
{"type":"Feature","geometry":{"type":"LineString","coordinates":[[133.329181,35.42733],[133.328976,35.427487],[133.328179,35.428065],[133.327323,35.428701],[133.327112,35.428831],[133.326837,35.428986],[133.326298,35.429208],[133.325819,35.429415],[133.325698,35.429459],[133.324688,35.429887],[133.324336,35.430055],[133.324135,35.430173],[133.323805,35.43046],[133.323662,35.430609],[133.323536,35.430757],[133.323423,35.430929],[133.323235,35.43127],[133.323074,35.431628],[133.322612,35.432587]]},"properties":{"highway":"primary","name":"米子境港線","ref":"47"}},
{"type":"Feature","geometry":{"type":"LineString","coordinates":[[133.322535,35.432844],[133.322632,35.432633]]},"properties":{"highway":"primary","name":"米子境港線","ref":"47"}},
{"type":"Feature","geometry":{"type":"LineString","coordinates":[[133.437424,35.458526],[133.43745,35.458584],[133.437478,35.458644]]},"properties":{"highway":"motorway_link","name":null,"ref":null}},
{"type":"Feature","geometry":{"type":"LineString","coordinates":[[133.437478,35.458644],[133.43791,35.459677]]},"properties":{"highway":"motorway_link","name":null,"ref":null}},
{"type":"Feature","geometry":{"type":"LineString","coordinates":[[133.437583,35.458646],[133.438108,35.45968]]},"properties":{"highway":"motorway","name":"山陰自動車道;米子道路","ref":"E9;9"}},
{"type":"Feature","geometry":{"type":"LineString","coordinates":[[133.437525,35.458525],[133.437554,35.458585],[133.437583,35.458646]]},"properties":{"highway":"motorway","name":"山陰自動車道;米子道路","ref":"E9;9"}},
{"type":"Feature","geometry":{"type":"LineString","coordinates":[[133.437664,35.458645],[133.437635,35.458586],[133.437604,35.458523]]},"properties":{"highway":"motorway","name":"山陰自動車道;米子道路","ref":"E9;9"}},
{"type":"Feature","geometry":{"type":"LineString","coordinates":[[133.437604,35.458523],[133.43737,35.458079],[133.436983,35.457327],[133.436762,35.456926],[133.436527,35.456554],[133.436336,35.456272],[133.435985,35.455786],[133.435558,35.455261],[133.435082,35.454745]]},"properties":{"highway":"motorway","name":"山陰自動車道;米子道路","ref":"E9;9"}},
{"type":"Feature","geometry":{"type":"LineString","coordinates":[[133.3803,35.429613],[133.379935,35.42939],[133.379541,35.429195],[133.379037,35.429001],[133.37878,35.428922],[133.378551,35.428887],[133.378385,35.428912]]},"properties":{"highway":"trunk_link","name":"国道9号","ref":"9"}},
{"type":"Feature","geometry":{"type":"LineString","coordinates":[[133.401522,35.447432],[133.40132,35.447368]]},"properties":{"highway":"trunk","name":"国道9号","ref":"9"}},
{"type":"Feature","geometry":{"type":"LineString","coordinates":[[133.40132,35.447368],[133.400742,35.447199]]},"properties":{"highway":"trunk","name":"国道9号","ref":"9"}},
{"type":"Feature","geometry":{"type":"LineString","coordinates":[[133.432308,35.468531],[133.432234,35.468218],[133.4322,35.467812],[133.432149,35.467338]]},"properties":{"highway":"trunk","name":"国道9号","ref":"9"}},
{"type":"Feature","geometry":{"type":"LineString","coordinates":[[133.387897,35.443533],[133.388537,35.443143],[133.389293,35.442648]]},"properties":{"highway":"trunk","name":"国道431号","ref":"431"}},
{"type":"Feature","geometry":{"type":"LineString","coordinates":[[133.338235,35.383754],[133.337645,35.384098]]},"properties":{"highway":"trunk","name":"国道180号","ref":"180"}},
{"type":"Feature","geometry":{"type":"LineString","coordinates":[[133.339407,35.428728],[133.339619,35.428552]]},"properties":{"highway":"trunk","name":"国道181号","ref":"181;183;482"}},
{"type":"Feature","geometry":{"type":"LineString","coordinates":[[133.339243,35.428847],[133.339407,35.428728]]},"properties":{"highway":"trunk","name":"国道181号","ref":"181;183;482"}},
{"type":"Feature","geometry":{"type":"LineString","coordinates":[[133.339162,35.428825],[133.338889,35.429019],[133.338764,35.429154]]},"properties":{"highway":"trunk","name":"国道181号","ref":"181;183;482"}},
{"type":"Feature","geometry":{"type":"LineString","coordinates":[[133.339314,35.4287],[133.339162,35.428825]]},"properties":{"highway":"trunk","name":"国道181号","ref":"181;183;482"}},
{"type":"Feature","geometry":{"type":"LineString","coordinates":[[133.351656,35.385432],[133.351698,35.385464],[133.352135,35.385748],[133.352554,35.385947],[133.354018,35.386556],[133.354245,35.386681],[133.354812,35.387013],[133.35533,35.387333],[133.355634,35.387622],[133.356051,35.388216],[133.356571,35.388969],[133.357646,35.390615],[133.358153,35.391552],[133.358304,35.391768],[133.358456,35.391959],[133.358608,35.392108],[133.358958,35.392362],[133.359203,35.392493],[133.359713,35.39275],[133.359929,35.392876],[133.360143,35.393015],[133.360257,35.393101],[133.360381,35.393228],[133.360491,35.393408],[133.36057,35.393634],[133.360718,35.394251],[133.360815,35.394497],[133.360995,35.394829],[133.361632,35.395892],[133.361952,35.396444],[133.362234,35.39698],[133.362366,35.397339],[133.362501,35.397783],[133.362574,35.398138],[133.362635,35.398541],[133.362661,35.39894],[133.362694,35.399587]]},"properties":{"highway":"secondary","name":"境車尾線","ref":"244"}},
{"type":"Feature","geometry":{"type":"LineString","coordinates":[[133.32934,35.410523],[133.32752,35.40971]]},"properties":{"highway":"motorway","name":"山陰自動車道;米子道路","ref":"E9;9"}},
{"type":"Feature","geometry":{"type":"LineString","coordinates":[[133.441976,35.458681],[133.443563,35.45869],[133.444931,35.458716],[133.446623,35.458718],[133.446964,35.458755],[133.44728,35.458828],[133.447482,35.458891],[133.447704,35.458984],[133.447896,35.459088],[133.448165,35.45927],[133.44862,35.459654],[133.449306,35.460188],[133.44963,35.460435],[133.449871,35.460602],[133.450464,35.460896],[133.450827,35.461035],[133.451095,35.461123],[133.451466,35.461198],[133.452002,35.461287],[133.452467,35.461316],[133.452958,35.461293],[133.453352,35.46123],[133.454143,35.461051]]},"properties":{"highway":"secondary","name":"淀江琴浦線","ref":"329"}},
{"type":"Feature","geometry":{"type":"LineString","coordinates":[[133.396594,35.42528],[133.396997,35.42546],[133.397358,35.425597],[133.39809,35.425846]]},"properties":{"highway":"motorway_link","name":"山陰自動車道;米子道路","ref":"E9;9"}},
{"type":"Feature","geometry":{"type":"LineString","coordinates":[[133.396408,35.425199],[133.396522,35.425249],[133.396594,35.42528]]},"properties":{"highway":"motorway_link","name":"山陰自動車道;米子道路","ref":"E9;9"}},
{"type":"Feature","geometry":{"type":"LineString","coordinates":[[133.396688,35.425201],[133.397163,35.425406],[133.397566,35.425552],[133.397965,35.425677]]},"properties":{"highway":"motorway","name":"山陰自動車道;米子道路","ref":"E9;9"}},
{"type":"Feature","geometry":{"type":"LineString","coordinates":[[133.396501,35.42512],[133.39661,35.425167],[133.396688,35.425201]]},"properties":{"highway":"motorway","name":"山陰自動車道;米子道路","ref":"E9;9"}},
{"type":"Feature","geometry":{"type":"LineString","coordinates":[[133.396561,35.425086],[133.395695,35.424675]]},"properties":{"highway":"motorway","name":"山陰自動車道;米子道路","ref":"E9;9"}},
{"type":"Feature","geometry":{"type":"LineString","coordinates":[[133.396722,35.425156],[133.396655,35.425127],[133.396561,35.425086]]},"properties":{"highway":"motorway","name":"山陰自動車道;米子道路","ref":"E9;9"}},
{"type":"Feature","geometry":{"type":"LineString","coordinates":[[133.396723,35.424881],[133.395776,35.424499]]},"properties":{"highway":"motorway_link","name":"山陰自動車道;米子道路","ref":"E9;9"}},
{"type":"Feature","geometry":{"type":"LineString","coordinates":[[133.396986,35.424995],[133.396876,35.424948],[133.396723,35.424881]]},"properties":{"highway":"motorway_link","name":"山陰自動車道;米子道路","ref":"E9;9"}},
{"type":"Feature","geometry":{"type":"LineString","coordinates":[[133.401634,35.415589],[133.402349,35.414791],[133.402762,35.414336],[133.403122,35.413949],[133.4035,35.413554],[133.404426,35.412563],[133.405412,35.411483],[133.406706,35.410105],[133.408047,35.408643],[133.412131,35.404229],[133.412523,35.40381],[133.412897,35.403434],[133.413373,35.403046]]},"properties":{"highway":"motorway","name":"米子自動車道","ref":"E73"}},
{"type":"Feature","geometry":{"type":"LineString","coordinates":[[133.400989,35.416417],[133.401469,35.41579],[133.401634,35.415589]]},"properties":{"highway":"motorway","name":"米子自動車道","ref":"E73"}},
{"type":"Feature","geometry":{"type":"LineString","coordinates":[[133.401636,35.415373],[133.401239,35.415844],[133.400977,35.416184]]},"properties":{"highway":"motorway","name":"米子自動車道","ref":"E73"}},
{"type":"Feature","geometry":{"type":"LineString","coordinates":[[133.400977,35.416184],[133.400836,35.416396],[133.400707,35.416623],[133.40049,35.417067],[133.400402,35.417291],[133.400331,35.417504],[133.400272,35.417728],[133.400226,35.417952],[133.40019,35.418187],[133.400164,35.418606],[133.400172,35.419052],[133.400187,35.419267],[133.400306,35.420693],[133.400322,35.421043],[133.400322,35.421347]]},"properties":{"highway":"motorway","name":"米子自動車道","ref":"E73"}},
{"type":"Feature","geometry":{"type":"LineString","coordinates":[[133.264754,35.496659],[133.264005,35.497442],[133.263456,35.498019],[133.262981,35.498511],[133.261915,35.499635]]},"properties":{"highway":"trunk","name":"国道431号","ref":"431"}},
{"type":"Feature","geometry":{"type":"LineString","coordinates":[[133.264813,35.496598],[133.264754,35.496659]]},"properties":{"highway":"trunk","name":"国道431号","ref":"431"}},
{"type":"Feature","geometry":{"type":"LineString","coordinates":[[133.26802,35.493231],[133.267003,35.494296],[133.265804,35.495549],[133.265193,35.496199],[133.264813,35.496598]]},"properties":{"highway":"trunk","name":"国道431号","ref":"431"}},
{"type":"Feature","geometry":{"type":"LineString","coordinates":[[133.369805,35.448622],[133.369873,35.448486]]},"properties":{"highway":"secondary","name":"米子環状線","ref":"300"}},
{"type":"Feature","geometry":{"type":"LineString","coordinates":[[133.377783,35.398692],[133.378624,35.398191],[133.378861,35.398034],[133.379073,35.397873],[133.379851,35.39718]]},"properties":{"highway":"trunk","name":"国道181号","ref":"181;183;482"}},
{"type":"Feature","geometry":{"type":"LineString","coordinates":[[133.261254,35.482296],[133.262611,35.483286]]},"properties":{"highway":"secondary","name":"米子環状線","ref":"300"}},
{"type":"Feature","geometry":{"type":"LineString","coordinates":[[133.362694,35.399587],[133.362739,35.400602],[133.362744,35.401071]]},"properties":{"highway":"secondary","name":"境車尾線","ref":"244;253"}},
{"type":"Feature","geometry":{"type":"LineString","coordinates":[[133.35348,35.416794],[133.353933,35.416909],[133.354293,35.416986],[133.355663,35.417247],[133.355891,35.417283]]},"properties":{"highway":"motorway_link","name":null,"ref":null}},
{"type":"Feature","geometry":{"type":"LineString","coordinates":[[133.336774,35.413072],[133.335812,35.412971],[133.335407,35.412922],[133.334892,35.412836],[133.334637,35.412783],[133.334478,35.412752],[133.333969,35.412624],[133.333667,35.412538],[133.333322,35.412424],[133.333032,35.412317],[133.332776,35.412213],[133.332488,35.41208],[133.331654,35.411639]]},"properties":{"highway":"motorway","name":"山陰自動車道;米子道路","ref":"E9;9"}},
{"type":"Feature","geometry":{"type":"LineString","coordinates":[[133.3428,35.413598],[133.343104,35.413634],[133.343794,35.413732]]},"properties":{"highway":"motorway","name":"山陰自動車道;米子道路","ref":"E9;9"}},
{"type":"Feature","geometry":{"type":"LineString","coordinates":[[133.343794,35.413732],[133.34388,35.413745],[133.343971,35.413758]]},"properties":{"highway":"motorway","name":"山陰自動車道;米子道路","ref":"E9;9"}},
{"type":"Feature","geometry":{"type":"LineString","coordinates":[[133.32752,35.40971],[133.329277,35.410581]]},"properties":{"highway":"motorway","name":"山陰自動車道;米子道路","ref":"E9;9"}},
{"type":"Feature","geometry":{"type":"LineString","coordinates":[[133.327686,35.409891],[133.32808,35.410038],[133.328473,35.410213],[133.329277,35.410581]]},"properties":{"highway":"motorway_link","name":null,"ref":null}},
{"type":"Feature","geometry":{"type":"LineString","coordinates":[[133.308628,35.46685],[133.308891,35.466492],[133.309163,35.466089],[133.309335,35.465798],[133.309575,35.465444],[133.309865,35.465082],[133.31002,35.464924],[133.310354,35.464643],[133.310545,35.464515],[133.310743,35.464409],[133.310927,35.464329]]},"properties":{"highway":"trunk","name":"国道431号","ref":"431"}},
{"type":"Feature","geometry":{"type":"LineString","coordinates":[[133.308537,35.466971],[133.308628,35.46685]]},"properties":{"highway":"trunk","name":"国道431号","ref":"431"}},
{"type":"Feature","geometry":{"type":"LineString","coordinates":[[133.299706,35.473974],[133.301849,35.473118],[133.302269,35.472958],[133.302685,35.472772],[133.30307,35.472586],[133.303394,35.472418],[133.304046,35.472041],[133.304335,35.471855],[133.304614,35.471665],[133.304895,35.471462],[133.30515,35.471263],[133.3054,35.471049],[133.305622,35.470846],[133.306049,35.470415],[133.306449,35.469959],[133.30664,35.469719],[133.306805,35.469496],[133.30713,35.469023],[133.308006,35.46774],[133.308537,35.466971]]},"properties":{"highway":"trunk","name":"国道431号","ref":"431"}},
{"type":"Feature","geometry":{"type":"LineString","coordinates":[[133.299516,35.47405],[133.299706,35.473974]]},"properties":{"highway":"trunk","name":"国道431号","ref":"431"}},
{"type":"Feature","geometry":{"type":"LineString","coordinates":[[133.294049,35.476718],[133.29441,35.476527],[133.295238,35.476082],[133.297071,35.475114],[133.297747,35.474782],[133.298257,35.474556],[133.298982,35.47426],[133.299516,35.47405]]},"properties":{"highway":"trunk","name":"国道431号","ref":"431"}},
{"type":"Feature","geometry":{"type":"LineString","coordinates":[[133.288732,35.479532],[133.288893,35.479446]]},"properties":{"highway":"trunk","name":"国道431号","ref":"431"}},
{"type":"Feature","geometry":{"type":"LineString","coordinates":[[133.288893,35.479446],[133.290679,35.478505],[133.293127,35.477206],[133.293962,35.476762]]},"properties":{"highway":"trunk","name":"国道431号","ref":"431"}},
{"type":"Feature","geometry":{"type":"LineString","coordinates":[[133.293962,35.476762],[133.294049,35.476718]]},"properties":{"highway":"trunk","name":"国道431号","ref":"431"}},
{"type":"Feature","geometry":{"type":"LineString","coordinates":[[133.27896,35.485374],[133.279452,35.485047],[133.281772,35.483532],[133.283803,35.482212],[133.284378,35.481863],[133.284966,35.481533],[133.285805,35.48108],[133.287561,35.480146],[133.288732,35.479532]]},"properties":{"highway":"trunk","name":"国道431号","ref":"431"}},
{"type":"Feature","geometry":{"type":"LineString","coordinates":[[133.278865,35.485439],[133.27896,35.485374]]},"properties":{"highway":"trunk","name":"国道431号","ref":"431"}},
{"type":"Feature","geometry":{"type":"LineString","coordinates":[[133.272039,35.489919],[133.273628,35.488871],[133.276511,35.48699],[133.278567,35.485632],[133.278865,35.485439]]},"properties":{"highway":"trunk","name":"国道431号","ref":"431"}},
{"type":"Feature","geometry":{"type":"LineString","coordinates":[[133.271905,35.490004],[133.272039,35.489919]]},"properties":{"highway":"trunk","name":"国道431号","ref":"431"}},
{"type":"Feature","geometry":{"type":"LineString","coordinates":[[133.268171,35.493181],[133.269324,35.491969],[133.269589,35.491698],[133.269846,35.491447],[133.270199,35.491146],[133.270564,35.490884],[133.271581,35.490217]]},"properties":{"highway":"trunk","name":"国道431号","ref":"431"}},
{"type":"Feature","geometry":{"type":"LineString","coordinates":[[133.268086,35.493272],[133.268171,35.493181]]},"properties":{"highway":"trunk","name":"国道431号","ref":"431"}},
{"type":"Feature","geometry":{"type":"LineString","coordinates":[[133.261985,35.499675],[133.262712,35.498907],[133.263525,35.498059],[133.264818,35.496699]]},"properties":{"highway":"trunk","name":"国道431号","ref":"431"}},
{"type":"Feature","geometry":{"type":"LineString","coordinates":[[133.264875,35.496636],[133.265877,35.495593],[133.267066,35.494339],[133.268086,35.493272]]},"properties":{"highway":"trunk","name":"国道431号","ref":"431"}},
{"type":"Feature","geometry":{"type":"LineString","coordinates":[[133.264818,35.496699],[133.264875,35.496636]]},"properties":{"highway":"trunk","name":"国道431号","ref":"431"}},
{"type":"Feature","geometry":{"type":"LineString","coordinates":[[133.261719,35.499842],[133.261207,35.500377]]},"properties":{"highway":"trunk","name":"国道431号","ref":"431"}},
{"type":"Feature","geometry":{"type":"LineString","coordinates":[[133.261915,35.499635],[133.261719,35.499842]]},"properties":{"highway":"trunk","name":"国道431号","ref":"431"}},
{"type":"Feature","geometry":{"type":"LineString","coordinates":[[133.261281,35.50041],[133.261787,35.499881]]},"properties":{"highway":"trunk","name":"国道431号","ref":"431"}},
{"type":"Feature","geometry":{"type":"LineString","coordinates":[[133.261787,35.499881],[133.261985,35.499675]]},"properties":{"highway":"trunk","name":"国道431号","ref":"431"}},
{"type":"Feature","geometry":{"type":"LineString","coordinates":[[133.360172,35.41744],[133.358704,35.417256],[133.358397,35.417207],[133.358087,35.417138],[133.357741,35.417081]]},"properties":{"highway":"motorway_link","name":null,"ref":null}},
{"type":"Feature","geometry":{"type":"LineString","coordinates":[[133.357681,35.417329],[133.358094,35.417341],[133.359103,35.417422],[133.359284,35.417405]]},"properties":{"highway":"motorway_link","name":null,"ref":null}},
{"type":"Feature","geometry":{"type":"LineString","coordinates":[[133.355956,35.416839],[133.355672,35.416808],[133.355226,35.416808],[133.355035,35.416815],[133.354801,35.416848],[133.354352,35.416888]]},"properties":{"highway":"motorway_link","name":null,"ref":null}},
{"type":"Feature","geometry":{"type":"LineString","coordinates":[[133.384046,35.417839],[133.384216,35.417671],[133.384659,35.417209],[133.3849,35.416923],[133.385075,35.416734],[133.385894,35.416002],[133.386818,35.415155],[133.387637,35.414426],[133.388611,35.413525],[133.389817,35.412445],[133.390924,35.411441],[133.391245,35.411131],[133.391441,35.410983]]},"properties":{"highway":"secondary","name":"米子丸山線","ref":"159;160"}},
{"type":"Feature","geometry":{"type":"MultiLineString","coordinates":[[[133.320591,35.41171],[133.320486,35.411642],[133.320029,35.411408]],[[133.319932,35.411358],[133.31983,35.411305]]]},"properties":{"highway":"trunk","name":"国道9号","ref":"9;180"}},
{"type":"Feature","geometry":{"type":"LineString","coordinates":[[133.353488,35.416752],[133.353998,35.416856],[133.354345,35.41692],[133.35523,35.417044],[133.355845,35.417109]]},"properties":{"highway":"motorway","name":"山陰自動車道;米子道路","ref":"E9;9"}},
{"type":"Feature","geometry":{"type":"LineString","coordinates":[[133.355845,35.417109],[133.356046,35.417126]]},"properties":{"highway":"motorway","name":"山陰自動車道;米子道路","ref":"E9;9"}},
{"type":"Feature","geometry":{"type":"LineString","coordinates":[[133.352905,35.416633],[133.35348,35.416794]]},"properties":{"highway":"motorway_link","name":null,"ref":null}},
{"type":"Feature","geometry":{"type":"LineString","coordinates":[[133.361934,35.417639],[133.363044,35.417739]]},"properties":{"highway":"motorway","name":"山陰自動車道;米子道路","ref":"E9;9"}},
{"type":"Feature","geometry":{"type":"LineString","coordinates":[[133.361466,35.417597],[133.361934,35.417639]]},"properties":{"highway":"motorway","name":"山陰自動車道;米子道路","ref":"E9;9"}},
{"type":"Feature","geometry":{"type":"LineString","coordinates":[[133.329277,35.410581],[133.330646,35.411247]]},"properties":{"highway":"motorway","name":"山陰自動車道;米子道路","ref":"E9;9"}},
{"type":"Feature","geometry":{"type":"LineString","coordinates":[[133.330704,35.411174],[133.32934,35.410523]]},"properties":{"highway":"motorway","name":"山陰自動車道;米子道路","ref":"E9;9"}},
{"type":"Feature","geometry":{"type":"LineString","coordinates":[[133.331654,35.411639],[133.331365,35.411498],[133.330704,35.411174]]},"properties":{"highway":"motorway","name":"山陰自動車道;米子道路","ref":"E9;9"}},
{"type":"Feature","geometry":{"type":"LineString","coordinates":[[133.330646,35.411247],[133.331316,35.411574],[133.3316,35.411712]]},"properties":{"highway":"motorway","name":"山陰自動車道;米子道路","ref":"E9;9"}},
{"type":"Feature","geometry":{"type":"LineString","coordinates":[[133.326233,35.409108],[133.32752,35.40971]]},"properties":{"highway":"motorway","name":"山陰自動車道;米子道路","ref":"E9;9"}},
{"type":"Feature","geometry":{"type":"LineString","coordinates":[[133.325975,35.408987],[133.326115,35.409052],[133.326233,35.409108]]},"properties":{"highway":"motorway","name":"山陰自動車道;米子道路","ref":"E9;9"}},
{"type":"Feature","geometry":{"type":"LineString","coordinates":[[133.322038,35.454893],[133.32197,35.454699],[133.321876,35.454576],[133.32172,35.454486],[133.321481,35.454455],[133.320958,35.454462],[133.320444,35.454532],[133.320047,35.454638],[133.319059,35.454909],[133.318147,35.455217],[133.317471,35.45552],[133.316769,35.455898],[133.315561,35.456544],[133.315231,35.456736],[133.315002,35.456903],[133.314807,35.457065],[133.314671,35.457202],[133.314374,35.457531],[133.314071,35.457882],[133.313451,35.458615]]},"properties":{"highway":"secondary","name":"東福原樋口線","ref":"208"}},
{"type":"Feature","geometry":{"type":"LineString","coordinates":[[133.310927,35.464329],[133.310916,35.464228],[133.310855,35.463992],[133.310833,35.463877],[133.310838,35.463703],[133.310868,35.463577],[133.311137,35.462813],[133.311233,35.462515],[133.311322,35.462206],[133.311405,35.461838],[133.311504,35.461313],[133.311545,35.461028],[133.311626,35.460138],[133.311655,35.459766],[133.311695,35.459446],[133.311787,35.458914],[133.31191,35.458387],[133.312083,35.457786],[133.312152,35.457578],[133.312313,35.457159],[133.31242,35.456908],[133.312737,35.456286],[133.313054,35.455751],[133.313275,35.45542],[133.313562,35.455042],[133.313879,35.454647],[133.314261,35.454241],[133.314578,35.453927],[133.314859,35.453673],[133.315193,35.453383],[133.315605,35.453057],[133.316294,35.452591],[133.316676,35.452371],[133.317368,35.452001],[133.31809,35.451604],[133.318708,35.451273],[133.319475,35.450869],[133.320361,35.450376],[133.321153,35.449971],[133.321454,35.449796],[133.322191,35.449425],[133.323194,35.448883],[133.323701,35.448595],[133.324304,35.448293],[133.325662,35.447555],[133.326634,35.447053],[133.32762,35.446522],[133.327984,35.446322],[133.328906,35.44583],[133.330657,35.444875],[133.331087,35.444643],[133.331349,35.444491],[133.331982,35.444158],[133.33268,35.443772],[133.33287,35.443681],[133.333418,35.443382],[133.334322,35.442898],[133.335473,35.442256],[133.335586,35.442204],[133.337325,35.441251],[133.337924,35.440927],[133.338149,35.440822],[133.339309,35.440161],[133.339614,35.440001],[133.34054,35.439453],[133.341162,35.439114],[133.341302,35.43896]]},"properties":{"highway":"secondary","name":"両三柳西福原線","ref":"317"}},
{"type":"Feature","geometry":{"type":"LineString","coordinates":[[133.341302,35.43896],[133.341124,35.43883],[133.340537,35.438417],[133.339953,35.437969]]},"properties":{"highway":"trunk","name":"国道9号","ref":"9"}},
{"type":"Feature","geometry":{"type":"LineString","coordinates":[[133.339953,35.437969],[133.339841,35.437888]]},"properties":{"highway":"trunk","name":"国道9号","ref":"9"}},
{"type":"Feature","geometry":{"type":"LineString","coordinates":[[133.350518,35.44598],[133.350467,35.445931],[133.349529,35.445219],[133.349421,35.44514],[133.348912,35.444741],[133.348105,35.444131],[133.347172,35.443412],[133.346778,35.44313],[133.346321,35.442772],[133.345248,35.441954],[133.344463,35.441351],[133.344048,35.441043],[133.34349,35.440613],[133.343217,35.440413],[133.342191,35.439611],[133.341302,35.43896]]},"properties":{"highway":"secondary","name":"皆生西原線","ref":"207"}},
{"type":"Feature","geometry":{"type":"LineString","coordinates":[[133.350671,35.446098],[133.350518,35.44598]]},"properties":{"highway":"secondary","name":"皆生西原線","ref":"207"}},
{"type":"Feature","geometry":{"type":"LineString","coordinates":[[133.363046,35.408134],[133.362898,35.40821],[133.36277,35.408284],[133.36217,35.408702],[133.36178,35.408951],[133.361389,35.409165],[133.360851,35.409425],[133.360114,35.409774],[133.359904,35.409878],[133.359547,35.410069],[133.359189,35.41031],[133.357486,35.411439],[133.356082,35.412286],[133.354908,35.41295],[133.354581,35.413199],[133.353999,35.413764],[133.353477,35.414293],[133.353236,35.414627],[133.353103,35.414924],[133.352989,35.415333],[133.352927,35.415528]]},"properties":{"highway":"trunk","name":"国道181号","ref":"181;183;482"}},
{"type":"Feature","geometry":{"type":"LineString","coordinates":[[133.352736,35.416123],[133.352609,35.416495],[133.352593,35.416542],[133.352434,35.417043],[133.352247,35.417504],[133.352128,35.417737],[133.351919,35.418105],[133.350906,35.419606],[133.350661,35.419907],[133.350285,35.42028],[133.349824,35.420668],[133.349483,35.42097],[133.348574,35.421742]]},"properties":{"highway":"trunk","name":"国道181号","ref":"181;183;482"}},
{"type":"Feature","geometry":{"type":"LineString","coordinates":[[133.352927,35.415528],[133.352736,35.416123]]},"properties":{"highway":"trunk","name":"国道181号","ref":"181;183;482"}},
{"type":"Feature","geometry":{"type":"LineString","coordinates":[[133.363829,35.407607],[133.363046,35.408134]]},"properties":{"highway":"trunk","name":"国道181号","ref":"181;183;482"}},
{"type":"Feature","geometry":{"type":"LineString","coordinates":[[133.372246,35.401672],[133.371379,35.402155],[133.37068,35.402581],[133.369822,35.403145],[133.369215,35.403551],[133.368321,35.404146],[133.367829,35.404452],[133.36691,35.405083],[133.366388,35.405426],[133.365912,35.405749],[133.365653,35.405979],[133.365308,35.406325],[133.365027,35.406614],[133.364554,35.407059],[133.364193,35.407357],[133.363829,35.407607]]},"properties":{"highway":"trunk","name":"国道181号","ref":"181;183;482"}},
{"type":"Feature","geometry":{"type":"LineString","coordinates":[[133.348183,35.422085],[133.347967,35.422263],[133.347505,35.422677],[133.346717,35.423319],[133.346621,35.423388],[133.346262,35.423597],[133.345268,35.424143],[133.345225,35.424181],[133.344716,35.424548],[133.344136,35.425044],[133.343921,35.425199],[133.343475,35.425541],[133.34293,35.42594],[133.342003,35.426638],[133.341306,35.427159]]},"properties":{"highway":"trunk","name":"国道181号","ref":"181;183;482"}},
{"type":"Feature","geometry":{"type":"LineString","coordinates":[[133.368859,35.418461],[133.367904,35.418275],[133.36716,35.418147],[133.366378,35.418037],[133.365529,35.417941],[133.364619,35.417849],[133.363192,35.417713],[133.363048,35.417699]]},"properties":{"highway":"motorway","name":"山陰自動車道;米子道路","ref":"E9;9"}},
{"type":"Feature","geometry":{"type":"LineString","coordinates":[[133.363048,35.417699],[133.361937,35.4176]]},"properties":{"highway":"motorway","name":"山陰自動車道;米子道路","ref":"E9;9"}},
{"type":"Feature","geometry":{"type":"LineString","coordinates":[[133.361468,35.41756],[133.360172,35.41744],[133.359283,35.41737],[133.357379,35.417199],[133.356047,35.417096]]},"properties":{"highway":"motorway","name":"山陰自動車道;米子道路","ref":"E9;9"}},
{"type":"Feature","geometry":{"type":"LineString","coordinates":[[133.361937,35.4176],[133.361468,35.41756]]},"properties":{"highway":"motorway","name":"山陰自動車道;米子道路","ref":"E9;9"}},
{"type":"Feature","geometry":{"type":"LineString","coordinates":[[133.355849,35.417081],[133.355235,35.417015],[133.354352,35.416888],[133.353497,35.416726]]},"properties":{"highway":"motorway","name":"山陰自動車道;米子道路","ref":"E9;9"}},
{"type":"Feature","geometry":{"type":"LineString","coordinates":[[133.356047,35.417096],[133.355849,35.417081]]},"properties":{"highway":"motorway","name":"山陰自動車道;米子道路","ref":"E9;9"}},
{"type":"Feature","geometry":{"type":"LineString","coordinates":[[133.353497,35.416726],[133.353061,35.416617],[133.352708,35.416521],[133.352609,35.416495],[133.352274,35.416404]]},"properties":{"highway":"motorway","name":"山陰自動車道;米子道路","ref":"E9;9"}},
{"type":"Feature","geometry":{"type":"LineString","coordinates":[[133.352274,35.416404],[133.351748,35.416229],[133.351368,35.41609],[133.350922,35.415938]]},"properties":{"highway":"motorway","name":"山陰自動車道;米子道路","ref":"E9;9"}},
{"type":"Feature","geometry":{"type":"LineString","coordinates":[[133.350922,35.415938],[133.345326,35.414011],[133.345115,35.41395]]},"properties":{"highway":"motorway","name":"山陰自動車道;米子道路","ref":"E9;9"}},
{"type":"Feature","geometry":{"type":"LineString","coordinates":[[133.345115,35.41395],[133.344639,35.413841],[133.343994,35.413727]]},"properties":{"highway":"motorway","name":"山陰自動車道;米子道路","ref":"E9;9"}},
{"type":"Feature","geometry":{"type":"LineString","coordinates":[[133.342803,35.413569],[133.342557,35.413546],[133.336774,35.413072]]},"properties":{"highway":"motorway","name":"山陰自動車道;米子道路","ref":"E9;9"}},
{"type":"Feature","geometry":{"type":"LineString","coordinates":[[133.343994,35.413727],[133.343897,35.413712],[133.34381,35.413699]]},"properties":{"highway":"motorway","name":"山陰自動車道;米子道路","ref":"E9;9"}},
{"type":"Feature","geometry":{"type":"LineString","coordinates":[[133.34381,35.413699],[133.343116,35.413603],[133.342803,35.413569]]},"properties":{"highway":"motorway","name":"山陰自動車道;米子道路","ref":"E9;9"}},
{"type":"Feature","geometry":{"type":"LineString","coordinates":[[133.42719,35.460851],[133.426606,35.460011],[133.426205,35.459451],[133.425903,35.458998],[133.425437,35.458357]]},"properties":{"highway":"trunk","name":"国道9号","ref":"9"}},
{"type":"Feature","geometry":{"type":"LineString","coordinates":[[133.427236,35.460914],[133.42719,35.460851]]},"properties":{"highway":"trunk","name":"国道9号","ref":"9"}},
{"type":"Feature","geometry":{"type":"LineString","coordinates":[[133.404589,35.448487],[133.403616,35.448149],[133.403318,35.448041],[133.402826,35.447876],[133.401842,35.447545],[133.401522,35.447432]]},"properties":{"highway":"trunk","name":"国道9号","ref":"9"}},
{"type":"Feature","geometry":{"type":"LineString","coordinates":[[133.406446,35.449117],[133.406189,35.449017]]},"properties":{"highway":"trunk","name":"国道9号","ref":"9"}},
{"type":"Feature","geometry":{"type":"LineString","coordinates":[[133.456197,35.418042],[133.457595,35.41767],[133.457966,35.41755],[133.458383,35.417328],[133.45867,35.41709],[133.458928,35.41679]]},"properties":{"highway":"primary","name":"米子大山線","ref":"24"}},
{"type":"Feature","geometry":{"type":"LineString","coordinates":[[133.456061,35.418078],[133.456197,35.418042]]},"properties":{"highway":"primary","name":"米子大山線","ref":"24"}},
{"type":"Feature","geometry":{"type":"LineString","coordinates":[[133.419104,35.399581],[133.419298,35.399355],[133.419635,35.398917],[133.419881,35.398569],[133.420123,35.398145],[133.420312,35.397748],[133.420446,35.397447],[133.420572,35.397138],[133.420636,35.396903],[133.420789,35.396445],[133.420847,35.396198],[133.420957,35.39544],[133.420996,35.394903],[133.420989,35.394485],[133.420959,35.394125],[133.420907,35.393767],[133.420846,35.393409],[133.420774,35.393072],[133.42066,35.39266],[133.420477,35.392077],[133.420192,35.391258],[133.419981,35.390564],[133.419787,35.389881],[133.419709,35.389485],[133.419646,35.389126],[133.419605,35.388768],[133.419598,35.388691]]},"properties":{"highway":"motorway","name":"米子自動車道","ref":"E73"}},
{"type":"Feature","geometry":{"type":"LineString","coordinates":[[133.417662,35.40077],[133.418044,35.400512],[133.418391,35.400246],[133.418757,35.399933],[133.41905,35.399644],[133.419104,35.399581]]},"properties":{"highway":"motorway","name":"米子自動車道","ref":"E73"}},
{"type":"Feature","geometry":{"type":"LineString","coordinates":[[133.414007,35.402591],[133.414377,35.402361],[133.414785,35.402137],[133.415273,35.40189],[133.415586,35.401742],[133.416549,35.401332],[133.416944,35.401159],[133.417304,35.400983],[133.417662,35.40077]]},"properties":{"highway":"motorway","name":"米子自動車道","ref":"E73"}},
{"type":"Feature","geometry":{"type":"LineString","coordinates":[[133.413373,35.403046],[133.413467,35.402972],[133.413684,35.402801],[133.414007,35.402591]]},"properties":{"highway":"motorway","name":"米子自動車道","ref":"E73"}},
{"type":"Feature","geometry":{"type":"LineString","coordinates":[[133.429456,35.461601],[133.429393,35.462127],[133.429363,35.462289],[133.429275,35.462535],[133.428959,35.463226],[133.428887,35.463269]]},"properties":{"highway":"secondary","name":"淀江停車場線","ref":"172"}},
{"type":"Feature","geometry":{"type":"LineString","coordinates":[[133.429452,35.461569],[133.429456,35.461601]]},"properties":{"highway":"secondary","name":"淀江停車場線","ref":"172"}},
{"type":"Feature","geometry":{"type":"LineString","coordinates":[[133.429116,35.460688],[133.429452,35.461569]]},"properties":{"highway":"secondary","name":"淀江停車場線","ref":"172"}},
{"type":"Feature","geometry":{"type":"LineString","coordinates":[[133.429099,35.460646],[133.429116,35.460688]]},"properties":{"highway":"secondary","name":"淀江停車場線","ref":"172"}},
{"type":"Feature","geometry":{"type":"LineString","coordinates":[[133.400322,35.421347],[133.40036,35.421929],[133.400346,35.422349],[133.400269,35.422737]]},"properties":{"highway":"motorway_link","name":"米子自動車道","ref":"E73"}},
{"type":"Feature","geometry":{"type":"LineString","coordinates":[[133.400322,35.421347],[133.400239,35.421934],[133.400221,35.4222],[133.400221,35.422463],[133.400269,35.422737]]},"properties":{"highway":"motorway_link","name":"米子自動車道","ref":"E73"}},
{"type":"Feature","geometry":{"type":"LineString","coordinates":[[133.400322,35.421347],[133.400285,35.422199],[133.400269,35.422737]]},"properties":{"highway":"motorway","name":"米子自動車道","ref":"E73"}},
{"type":"Feature","geometry":{"type":"LineString","coordinates":[[133.400416,35.422739],[133.40047,35.422476],[133.400483,35.422203],[133.400481,35.421932],[133.400434,35.421355]]},"properties":{"highway":"motorway_link","name":"米子自動車道","ref":"E73"}},
{"type":"Feature","geometry":{"type":"LineString","coordinates":[[133.406189,35.449017],[133.405292,35.448727],[133.404707,35.448526]]},"properties":{"highway":"trunk","name":"国道9号","ref":"9"}},
{"type":"Feature","geometry":{"type":"LineString","coordinates":[[133.404707,35.448526],[133.404589,35.448487]]},"properties":{"highway":"trunk","name":"国道9号","ref":"9"}},
{"type":"Feature","geometry":{"type":"LineString","coordinates":[[133.389458,35.423657],[133.388383,35.423723],[133.387766,35.423757],[133.387111,35.423779]]},"properties":{"highway":"motorway","name":"山陰自動車道;米子道路","ref":"E9;9"}},
{"type":"Feature","geometry":{"type":"LineString","coordinates":[[133.386818,35.423871],[133.387622,35.423844],[133.388367,35.42381],[133.389464,35.423744]]},"properties":{"highway":"motorway","name":"山陰自動車道;米子道路","ref":"E9;9"}},
{"type":"Feature","geometry":{"type":"LineString","coordinates":[[133.389464,35.423744],[133.389616,35.423736]]},"properties":{"highway":"motorway","name":"山陰自動車道;米子道路","ref":"E9;9"}},
{"type":"Feature","geometry":{"type":"LineString","coordinates":[[133.389617,35.423648],[133.389458,35.423657]]},"properties":{"highway":"motorway","name":"山陰自動車道;米子道路","ref":"E9;9"}},
{"type":"Feature","geometry":{"type":"LineString","coordinates":[[133.395945,35.407758],[133.396923,35.407273],[133.39737,35.407046],[133.397768,35.406839],[133.398803,35.406319],[133.399154,35.406147],[133.399861,35.405787]]},"properties":{"highway":"secondary","name":"米子丸山線","ref":"159"}},
{"type":"Feature","geometry":{"type":"LineString","coordinates":[[133.395885,35.407787],[133.395945,35.407758]]},"properties":{"highway":"secondary","name":"米子丸山線","ref":"159"}},
{"type":"Feature","geometry":{"type":"LineString","coordinates":[[133.399919,35.405756],[133.400078,35.405669],[133.400406,35.405507],[133.400619,35.405438],[133.400772,35.405409]]},"properties":{"highway":"secondary","name":"米子丸山線","ref":"159"}},
{"type":"Feature","geometry":{"type":"LineString","coordinates":[[133.399861,35.405787],[133.399919,35.405756]]},"properties":{"highway":"secondary","name":"米子丸山線","ref":"159"}},
{"type":"Feature","geometry":{"type":"LineString","coordinates":[[133.409321,35.422101],[133.409264,35.422029],[133.409256,35.421961],[133.409287,35.421881]]},"properties":{"highway":"primary_link","name":null,"ref":null}},
{"type":"Feature","geometry":{"type":"LineString","coordinates":[[133.352435,35.400866],[133.352343,35.400872]]},"properties":{"highway":"secondary","name":"岩屋谷米子線","ref":"253"}},
{"type":"Feature","geometry":{"type":"LineString","coordinates":[[133.323931,35.390944],[133.323791,35.3909],[133.323523,35.390792],[133.323226,35.390659],[133.32288,35.390447],[133.322425,35.390079],[133.321443,35.389311],[133.32118,35.389125],[133.320636,35.388832],[133.320015,35.388588],[133.319072,35.388224],[133.318003,35.387807],[133.317772,35.387704],[133.317587,35.387594],[133.317449,35.387469],[133.317234,35.387249],[133.317141,35.387174],[133.316948,35.387071],[133.316821,35.38703],[133.316202,35.386937],[133.316123,35.386918]]},"properties":{"highway":"secondary","name":"米子広瀬線","ref":"102"}},
{"type":"Feature","geometry":{"type":"LineString","coordinates":[[133.324181,35.391023],[133.323931,35.390944]]},"properties":{"highway":"secondary","name":"米子広瀬線","ref":"102"}},
{"type":"Feature","geometry":{"type":"MultiLineString","coordinates":[[[133.38701,35.434096],[133.386927,35.433983],[133.386684,35.433714],[133.386338,35.433405],[133.386019,35.433169],[133.385708,35.432968],[133.385252,35.432697],[133.38465,35.432326],[133.38431,35.432125]],[[133.384021,35.431955],[133.383264,35.43149]]]},"properties":{"highway":"trunk","name":"国道9号","ref":"9"}},
{"type":"Feature","geometry":{"type":"LineString","coordinates":[[133.38708,35.43419],[133.38701,35.434096]]},"properties":{"highway":"trunk","name":"国道9号","ref":"9"}},
{"type":"Feature","geometry":{"type":"LineString","coordinates":[[133.391055,35.443893],[133.390897,35.443822],[133.390608,35.443676],[133.390214,35.443437],[133.389862,35.443173],[133.38971,35.443046],[133.389293,35.442648],[133.389241,35.442573],[133.388965,35.442204],[133.388738,35.441859],[133.388607,35.441598],[133.388457,35.44122]]},"properties":{"highway":"trunk","name":"国道9号","ref":"9"}},
{"type":"Feature","geometry":{"type":"LineString","coordinates":[[133.391177,35.443947],[133.391055,35.443893]]},"properties":{"highway":"trunk","name":"国道9号","ref":"9"}},
{"type":"Feature","geometry":{"type":"LineString","coordinates":[[133.325623,35.411934],[133.325759,35.411894],[133.325932,35.411922],[133.326538,35.412074],[133.326717,35.412093],[133.327074,35.412088]]},"properties":{"highway":"secondary","name":"米子環状線","ref":"300"}},
{"type":"Feature","geometry":{"type":"LineString","coordinates":[[133.326307,35.408775],[133.326506,35.408573],[133.326711,35.408224],[133.326854,35.407918],[133.326994,35.407539],[133.327075,35.407178],[133.327094,35.406961],[133.327101,35.406739],[133.327078,35.406446],[133.327041,35.40618],[133.32699,35.406024]]},"properties":{"highway":"trunk","name":"国道180号","ref":"180"}},
{"type":"Feature","geometry":{"type":"LineString","coordinates":[[133.32699,35.406024],[133.326996,35.406226],[133.327016,35.406453],[133.327013,35.406745],[133.326978,35.406986],[133.326913,35.407365],[133.326854,35.407609],[133.3267,35.40801],[133.326611,35.408203],[133.326401,35.408539],[133.326307,35.408775]]},"properties":{"highway":"trunk","name":"国道180号","ref":"180"}},
{"type":"Feature","geometry":{"type":"LineString","coordinates":[[133.321086,35.41269],[133.320756,35.412023],[133.320591,35.41171]]},"properties":{"highway":"trunk","name":"国道9号","ref":"9"}},
{"type":"Feature","geometry":{"type":"LineString","coordinates":[[133.321151,35.412816],[133.321086,35.41269]]},"properties":{"highway":"trunk","name":"国道9号","ref":"9"}},
{"type":"Feature","geometry":{"type":"LineString","coordinates":[[133.338764,35.429154],[133.338714,35.429105],[133.338614,35.428908]]},"properties":{"highway":"secondary","name":"米子広瀬線","ref":"102"}},
{"type":"Feature","geometry":{"type":"LineString","coordinates":[[133.338614,35.428908],[133.338567,35.428786]]},"properties":{"highway":"secondary","name":"米子広瀬線","ref":"102"}},
{"type":"Feature","geometry":{"type":"LineString","coordinates":[[133.322632,35.432633],[133.322612,35.432587]]},"properties":{"highway":"primary","name":"米子境港線","ref":"47"}},
{"type":"Feature","geometry":{"type":"LineString","coordinates":[[133.322612,35.432587],[133.322563,35.432608]]},"properties":{"highway":"primary","name":"米子境港線","ref":"47"}},
{"type":"Feature","geometry":{"type":"LineString","coordinates":[[133.333068,35.455252],[133.333058,35.455362],[133.333328,35.456089],[133.333456,35.456406],[133.333533,35.456484]]},"properties":{"highway":"secondary","name":"両三柳後藤停車場線","ref":"245"}},
{"type":"Feature","geometry":{"type":"LineString","coordinates":[[133.333701,35.457061],[133.333601,35.456677],[133.333533,35.456484]]},"properties":{"highway":"secondary","name":"両三柳後藤停車場線","ref":"245"}},
{"type":"Feature","geometry":{"type":"LineString","coordinates":[[133.333533,35.456484],[133.333548,35.456409],[133.333395,35.455982],[133.333137,35.455339],[133.333068,35.455252]]},"properties":{"highway":"secondary","name":"両三柳後藤停車場線","ref":"245"}},
{"type":"Feature","geometry":{"type":"LineString","coordinates":[[133.348487,35.434904],[133.347965,35.435192],[133.346921,35.435781],[133.345356,35.436646],[133.344525,35.43711],[133.343977,35.43742],[133.343175,35.437881],[133.342276,35.438403],[133.341302,35.43896]]},"properties":{"highway":"trunk","name":"国道9号","ref":"9"}},
{"type":"Feature","geometry":{"type":"LineString","coordinates":[[133.348564,35.434862],[133.348487,35.434904]]},"properties":{"highway":"trunk","name":"国道9号","ref":"9"}},
{"type":"Feature","geometry":{"type":"LineString","coordinates":[[133.33611,35.456651],[133.337057,35.456457],[133.337826,35.45629],[133.338486,35.456128],[133.340284,35.455663],[133.340768,35.455541],[133.342319,35.455135],[133.343487,35.454838],[133.344854,35.454483],[133.346483,35.454059],[133.349025,35.453405]]},"properties":{"highway":"trunk","name":"国道431号","ref":"431"}},
{"type":"Feature","geometry":{"type":"LineString","coordinates":[[133.349025,35.453405],[133.349077,35.453392]]},"properties":{"highway":"trunk","name":"国道431号","ref":"431"}},
{"type":"Feature","geometry":{"type":"LineString","coordinates":[[133.349421,35.44514],[133.349326,35.445228],[133.348841,35.445612],[133.348603,35.445774],[133.348203,35.44597],[133.347117,35.446351],[133.346116,35.446682],[133.345253,35.446985],[133.345077,35.447039],[133.344325,35.447298],[133.343336,35.447627],[133.341852,35.44814],[133.340769,35.448509],[133.3397,35.448876],[133.338749,35.449197],[133.338128,35.449422],[133.338025,35.449447],[133.33726,35.4497],[133.336686,35.449899]]},"properties":{"highway":"secondary","name":"東福原樋口線","ref":"208"}},
{"type":"Feature","geometry":{"type":"LineString","coordinates":[[133.336686,35.449899],[133.336571,35.449936]]},"properties":{"highway":"secondary","name":"東福原樋口線","ref":"208"}},
{"type":"Feature","geometry":{"type":"LineString","coordinates":[[133.333068,35.455252],[133.332865,35.454449],[133.332767,35.453972],[133.332605,35.453371],[133.332461,35.452979],[133.332351,35.452702],[133.332077,35.452118],[133.331766,35.451569],[133.33155,35.451182],[133.331286,35.450736],[133.331056,35.450379]]},"properties":{"highway":"secondary","name":"両三柳後藤停車場線","ref":"245"}},
{"type":"Feature","geometry":{"type":"LineString","coordinates":[[133.331056,35.450379],[133.331027,35.450328]]},"properties":{"highway":"secondary","name":"両三柳後藤停車場線","ref":"245"}},
{"type":"Feature","geometry":{"type":"LineString","coordinates":[[133.328755,35.437317],[133.328612,35.437388],[133.328162,35.437747],[133.327184,35.438537],[133.326122,35.439378],[133.326083,35.439478]]},"properties":{"highway":"secondary","name":"米子港線","ref":"157;245"}},
{"type":"Feature","geometry":{"type":"LineString","coordinates":[[133.326083,35.439478],[133.32625,35.439394],[133.326501,35.439192],[133.326884,35.438895],[133.327939,35.438045],[133.328242,35.437808],[133.328684,35.437443],[133.328755,35.437317]]},"properties":{"highway":"secondary","name":"米子港線","ref":"157;245"}},
{"type":"Feature","geometry":{"type":"LineString","coordinates":[[133.311655,35.459766],[133.31157,35.459797],[133.311319,35.459886],[133.311134,35.459969],[133.31098,35.460067],[133.310657,35.460291],[133.310289,35.460503],[133.309807,35.460793],[133.309207,35.461259],[133.309032,35.461377],[133.308929,35.461424],[133.30877,35.461471],[133.308324,35.461576],[133.308033,35.461663],[133.307743,35.461767],[133.307527,35.461868],[133.307262,35.462007],[133.306387,35.462568],[133.306031,35.462749],[133.305515,35.462991],[133.305176,35.463137]]},"properties":{"highway":"secondary","name":"東福原樋口線","ref":"208"}},
{"type":"Feature","geometry":{"type":"LineString","coordinates":[[133.352104,35.45251],[133.351984,35.452535]]},"properties":{"highway":"trunk","name":"国道431号","ref":"431"}},
{"type":"Feature","geometry":{"type":"LineString","coordinates":[[133.301849,35.473118],[133.301792,35.473032],[133.301634,35.47281],[133.300923,35.47177],[133.300736,35.471506],[133.299931,35.4703],[133.299174,35.46922],[133.299003,35.468987]]},"properties":{"highway":"secondary","name":"米子環状線","ref":"300"}},
{"type":"Feature","geometry":{"type":"LineString","coordinates":[[133.299003,35.468987],[133.298816,35.468788],[133.298454,35.468315],[133.298026,35.467731],[133.297621,35.467129],[133.297305,35.46668]]},"properties":{"highway":"secondary","name":"米子環状線","ref":"300"}},
{"type":"Feature","geometry":{"type":"LineString","coordinates":[[133.365097,35.449551],[133.364799,35.449116],[133.364577,35.448903],[133.364035,35.448422],[133.363888,35.448316],[133.363067,35.44761]]},"properties":{"highway":"secondary","name":"皆生車尾線","ref":"206"}},
{"type":"Feature","geometry":{"type":"LineString","coordinates":[[133.297305,35.46668],[133.297204,35.466687],[133.29705,35.466668],[133.296904,35.466597],[133.296332,35.46611]]},"properties":{"highway":"secondary","name":"東福原樋口線","ref":"208;300"}},
{"type":"Feature","geometry":{"type":"LineString","coordinates":[[133.296018,35.466332],[133.296332,35.46611]]},"properties":{"highway":"secondary","name":"東福原樋口線","ref":"208;300"}},
{"type":"Feature","geometry":{"type":"LineString","coordinates":[[133.291449,35.469444],[133.291734,35.469265],[133.293075,35.468352],[133.293545,35.468025],[133.294585,35.467325],[133.295479,35.466712],[133.296018,35.466332]]},"properties":{"highway":"secondary","name":"弓ヶ浜停車場線","ref":"220"}},
{"type":"Feature","geometry":{"type":"LineString","coordinates":[[133.379851,35.39718],[133.38007,35.397286],[133.380214,35.397329],[133.380406,35.39732],[133.380575,35.397252],[133.381497,35.396763],[133.38312,35.395879],[133.384384,35.395214]]},"properties":{"highway":"secondary","name":"米子岸本線","ref":"316"}},
{"type":"Feature","geometry":{"type":"LineString","coordinates":[[133.408814,35.422172],[133.409001,35.422113],[133.409228,35.422091],[133.409321,35.422101],[133.409492,35.422134],[133.409933,35.422269],[133.411298,35.422764],[133.412599,35.423229],[133.413226,35.42347],[133.413661,35.423622],[133.414011,35.423717],[133.414348,35.423799],[133.414678,35.423844],[133.414959,35.423862],[133.415371,35.423853],[133.415621,35.423841]]},"properties":{"highway":"primary","name":"米子大山線","ref":"24;252"}},
{"type":"Feature","geometry":{"type":"LineString","coordinates":[[133.372158,35.419356],[133.37199,35.419292],[133.371527,35.419147],[133.370915,35.418979],[133.370024,35.418742],[133.369479,35.418604],[133.368859,35.418461]]},"properties":{"highway":"motorway","name":"山陰自動車道;米子道路","ref":"E9;9"}},
{"type":"Feature","geometry":{"type":"LineString","coordinates":[[133.372866,35.419629],[133.372158,35.419356]]},"properties":{"highway":"motorway","name":"山陰自動車道;米子道路","ref":"E9;9"}},
{"type":"Feature","geometry":{"type":"LineString","coordinates":[[133.368849,35.418495],[133.369469,35.41864],[133.370009,35.418787],[133.370887,35.419031],[133.371439,35.419203],[133.371933,35.419367],[133.372119,35.419437]]},"properties":{"highway":"motorway","name":"山陰自動車道;米子道路","ref":"E9;9"}},
{"type":"Feature","geometry":{"type":"LineString","coordinates":[[133.372119,35.419437],[133.372822,35.419702]]},"properties":{"highway":"motorway","name":"山陰自動車道;米子道路","ref":"E9;9"}},
{"type":"Feature","geometry":{"type":"LineString","coordinates":[[133.373396,35.419833],[133.372866,35.419629]]},"properties":{"highway":"motorway","name":"山陰自動車道;米子道路","ref":"E9;9"}},
{"type":"Feature","geometry":{"type":"LineString","coordinates":[[133.373552,35.419892],[133.373396,35.419833]]},"properties":{"highway":"motorway","name":"山陰自動車道;米子道路","ref":"E9;9"}},
{"type":"Feature","geometry":{"type":"LineString","coordinates":[[133.372822,35.419702],[133.372948,35.41975],[133.373312,35.419892]]},"properties":{"highway":"motorway","name":"山陰自動車道;米子道路","ref":"E9;9"}},
{"type":"Feature","geometry":{"type":"LineString","coordinates":[[133.373312,35.419892],[133.373445,35.419945]]},"properties":{"highway":"motorway","name":"山陰自動車道;米子道路","ref":"E9;9"}},
{"type":"Feature","geometry":{"type":"LineString","coordinates":[[133.372948,35.41975],[133.37328,35.419913]]},"properties":{"highway":"motorway_link","name":null,"ref":null}},
{"type":"Feature","geometry":{"type":"LineString","coordinates":[[133.37328,35.419913],[133.373408,35.419975]]},"properties":{"highway":"motorway_link","name":null,"ref":null}},
{"type":"Feature","geometry":{"type":"LineString","coordinates":[[133.376749,35.421247],[133.377561,35.421573]]},"properties":{"highway":"motorway","name":"山陰自動車道;米子道路","ref":"E9;9"}},
{"type":"Feature","geometry":{"type":"LineString","coordinates":[[133.37658,35.421178],[133.376749,35.421247]]},"properties":{"highway":"motorway","name":"山陰自動車道;米子道路","ref":"E9;9"}},
{"type":"Feature","geometry":{"type":"LineString","coordinates":[[133.377609,35.421487],[133.376757,35.421144]]},"properties":{"highway":"motorway","name":"山陰自動車道;米子道路","ref":"E9;9"}},
{"type":"Feature","geometry":{"type":"LineString","coordinates":[[133.376757,35.421144],[133.376575,35.421071]]},"properties":{"highway":"motorway","name":"山陰自動車道;米子道路","ref":"E9;9"}},
{"type":"Feature","geometry":{"type":"LineString","coordinates":[[133.375649,35.420809],[133.37658,35.421178]]},"properties":{"highway":"motorway","name":"山陰自動車道;米子道路","ref":"E9;9"}},
{"type":"Feature","geometry":{"type":"LineString","coordinates":[[133.375463,35.420736],[133.375649,35.420809]]},"properties":{"highway":"motorway","name":"山陰自動車道;米子道路","ref":"E9;9"}},
{"type":"Feature","geometry":{"type":"LineString","coordinates":[[133.376575,35.421071],[133.375695,35.420721]]},"properties":{"highway":"motorway","name":"山陰自動車道;米子道路","ref":"E9;9"}},
{"type":"Feature","geometry":{"type":"LineString","coordinates":[[133.375695,35.420721],[133.375508,35.420647]]},"properties":{"highway":"motorway","name":"山陰自動車道;米子道路","ref":"E9;9"}},
{"type":"Feature","geometry":{"type":"LineString","coordinates":[[133.379968,35.422527],[133.380546,35.422753],[133.381117,35.422962],[133.381702,35.42315],[133.382225,35.423294],[133.382732,35.423418],[133.38323,35.423527],[133.383476,35.423571]]},"properties":{"highway":"motorway","name":"山陰自動車道;米子道路","ref":"E9;9"}},
{"type":"Feature","geometry":{"type":"LineString","coordinates":[[133.383476,35.423571],[133.38362,35.423597],[133.383722,35.423616]]},"properties":{"highway":"motorway","name":"山陰自動車道;米子道路","ref":"E9;9"}},
{"type":"Feature","geometry":{"type":"LineString","coordinates":[[133.386318,35.423782],[133.386125,35.42378],[133.385639,35.423758],[133.38516,35.423719],[133.384673,35.423673],[133.384186,35.423609],[133.383731,35.423536]]},"properties":{"highway":"motorway","name":"山陰自動車道;米子道路","ref":"E9;9"}},
{"type":"Feature","geometry":{"type":"LineString","coordinates":[[133.383731,35.423536],[133.383626,35.423517],[133.383486,35.423492]]},"properties":{"highway":"motorway","name":"山陰自動車道;米子道路","ref":"E9;9"}},
{"type":"Feature","geometry":{"type":"LineString","coordinates":[[133.430961,35.451948],[133.430726,35.45184],[133.429175,35.451191]]},"properties":{"highway":"motorway","name":"山陰自動車道;米子道路","ref":"E9;9"}},
{"type":"Feature","geometry":{"type":"LineString","coordinates":[[133.431762,35.452332],[133.430961,35.451948]]},"properties":{"highway":"motorway","name":"山陰自動車道;米子道路","ref":"E9;9"}},
{"type":"Feature","geometry":{"type":"LineString","coordinates":[[133.42915,35.451236],[133.430718,35.451883],[133.43093,35.451985]]},"properties":{"highway":"motorway","name":"山陰自動車道;米子道路","ref":"E9;9"}},
{"type":"Feature","geometry":{"type":"LineString","coordinates":[[133.43093,35.451985],[133.431739,35.452374]]},"properties":{"highway":"motorway","name":"山陰自動車道;米子道路","ref":"E9;9"}},
{"type":"Feature","geometry":{"type":"LineString","coordinates":[[133.387111,35.423779],[133.386435,35.423784]]},"properties":{"highway":"motorway","name":"山陰自動車道;米子道路","ref":"E9;9"}},
{"type":"Feature","geometry":{"type":"LineString","coordinates":[[133.387111,35.423779],[133.386434,35.423743]]},"properties":{"highway":"motorway_link","name":null,"ref":null}},
{"type":"Feature","geometry":{"type":"LineString","coordinates":[[133.386434,35.423743],[133.386312,35.423737]]},"properties":{"highway":"motorway_link","name":null,"ref":null}},
{"type":"Feature","geometry":{"type":"LineString","coordinates":[[133.386435,35.423784],[133.386318,35.423782]]},"properties":{"highway":"motorway","name":"山陰自動車道;米子道路","ref":"E9;9"}},
{"type":"Feature","geometry":{"type":"LineString","coordinates":[[133.386445,35.42387],[133.386818,35.423871]]},"properties":{"highway":"motorway","name":"山陰自動車道;米子道路","ref":"E9;9"}},
{"type":"Feature","geometry":{"type":"LineString","coordinates":[[133.386323,35.423867],[133.386445,35.42387]]},"properties":{"highway":"motorway","name":"山陰自動車道;米子道路","ref":"E9;9"}},
{"type":"Feature","geometry":{"type":"LineString","coordinates":[[133.386448,35.423932],[133.386662,35.423925],[133.386818,35.423871]]},"properties":{"highway":"motorway_link","name":null,"ref":null}},
{"type":"Feature","geometry":{"type":"LineString","coordinates":[[133.386328,35.423932],[133.386448,35.423932]]},"properties":{"highway":"motorway_link","name":null,"ref":null}},
{"type":"Feature","geometry":{"type":"LineString","coordinates":[[133.454143,35.461051],[133.454327,35.461208]]},"properties":{"highway":"secondary","name":"淀江琴浦線","ref":"329"}},
{"type":"Feature","geometry":{"type":"LineString","coordinates":[[133.38115,35.428558],[133.381663,35.428508],[133.38316,35.428391],[133.383437,35.428367],[133.383585,35.428364]]},"properties":{"highway":"secondary","name":"日吉津伯耆大山停車場線","ref":"262"}},
{"type":"Feature","geometry":{"type":"LineString","coordinates":[[133.364213,35.399556],[133.364005,35.399559]]},"properties":{"highway":"secondary","name":"岩屋谷米子線","ref":"253"}},
{"type":"Feature","geometry":{"type":"LineString","coordinates":[[133.364449,35.399661],[133.364637,35.4002]]},"properties":{"highway":"secondary","name":"岩屋谷米子線","ref":"253"}},
{"type":"Feature","geometry":{"type":"LineString","coordinates":[[133.255321,35.495021],[133.255386,35.49487],[133.255576,35.494318],[133.255681,35.493982],[133.25579,35.493677],[133.255938,35.493308],[133.256,35.493171],[133.256119,35.493033],[133.256948,35.492489],[133.258149,35.491707],[133.258976,35.49118]]},"properties":{"highway":"secondary","name":"大篠津停車場線","ref":"178"}},
{"type":"Feature","geometry":{"type":"LineString","coordinates":[[133.429503,35.457253],[133.429381,35.457444],[133.429154,35.457729],[133.42884,35.458019],[133.428711,35.458092],[133.428202,35.458208]]},"properties":{"highway":"secondary","name":"淀江停車場線","ref":"172"}},
{"type":"Feature","geometry":{"type":"LineString","coordinates":[[133.386489,35.404186],[133.386514,35.404239]]},"properties":{"highway":"secondary","name":"福頼市山伯耆大山停車場線","ref":"160"}},
{"type":"Feature","geometry":{"type":"LineString","coordinates":[[133.339926,35.394505],[133.338817,35.394568],[133.335446,35.394739],[133.33516,35.394747],[133.334723,35.39472],[133.334433,35.394674],[133.334111,35.394594],[133.333867,35.394519],[133.333618,35.394414],[133.333366,35.394285],[133.333146,35.394156],[133.333008,35.394052],[133.331569,35.39289],[133.331333,35.392726],[133.330992,35.392543],[133.330573,35.392399],[133.329752,35.392155],[133.328668,35.391842],[133.327691,35.391558],[133.327493,35.391497],[133.327209,35.391439],[133.326935,35.391367],[133.326222,35.391251],[133.325283,35.39116],[133.324666,35.391094],[133.324181,35.391023]]},"properties":{"highway":"secondary","name":"米子広瀬線","ref":"102"}},
{"type":"Feature","geometry":{"type":"LineString","coordinates":[[133.449336,35.417398],[133.449269,35.417501],[133.449056,35.4176],[133.448775,35.417706],[133.448154,35.417905],[133.447625,35.418088],[133.446787,35.418391],[133.446613,35.418459],[133.446417,35.418623],[133.446158,35.418864],[133.445915,35.419151],[133.445818,35.419229],[133.445635,35.419341],[133.445236,35.419565],[133.445019,35.419662],[133.444831,35.419714],[133.444271,35.419907],[133.444165,35.41993],[133.443762,35.419939],[133.442699,35.42002],[133.442479,35.420074],[133.442005,35.42025],[133.441806,35.420311],[133.441338,35.420376],[133.440825,35.42052],[133.440357,35.420669],[133.440044,35.42081],[133.439615,35.421019],[133.439216,35.421253],[133.438863,35.421552],[133.438679,35.421749],[133.438572,35.421907],[133.438305,35.422201],[133.438146,35.422446],[133.438044,35.422543],[133.437945,35.422592],[133.437429,35.422666],[133.437312,35.422707]]},"properties":{"highway":"secondary","name":"赤松淀江線","ref":"299"}},
{"type":"Feature","geometry":{"type":"LineString","coordinates":[[133.449764,35.417503],[133.451592,35.417955],[133.452864,35.418255],[133.453293,35.418359],[133.453713,35.418417],[133.454004,35.418438],[133.454517,35.418417],[133.455048,35.418331],[133.456061,35.418078]]},"properties":{"highway":"primary","name":"米子大山線","ref":"24"}},
{"type":"Feature","geometry":{"type":"LineString","coordinates":[[133.449336,35.417398],[133.449764,35.417503]]},"properties":{"highway":"primary","name":"米子大山線","ref":"24;299"}},
{"type":"Feature","geometry":{"type":"LineString","coordinates":[[133.333979,35.420978],[133.333979,35.421252],[133.334032,35.421481],[133.334129,35.421703],[133.334247,35.421788]]},"properties":{"highway":"secondary","name":"米子広瀬線","ref":"102"}},
{"type":"Feature","geometry":{"type":"LineString","coordinates":[[133.334247,35.421788],[133.334225,35.421671],[133.334136,35.421475],[133.334103,35.421374],[133.334069,35.421125],[133.334071,35.420983]]},"properties":{"highway":"secondary","name":"米子広瀬線","ref":"102"}},
{"type":"Feature","geometry":{"type":"LineString","coordinates":[[133.313451,35.458615],[133.313038,35.45908],[133.312826,35.459246],[133.312659,35.459351],[133.312397,35.459484],[133.312129,35.459591],[133.311655,35.459766]]},"properties":{"highway":"secondary","name":"東福原樋口線","ref":"208"}},
{"type":"Feature","geometry":{"type":"LineString","coordinates":[[133.466182,35.416417],[133.46609,35.416433]]},"properties":{"highway":"secondary","name":"赤松淀江線","ref":"299"}},
{"type":"Feature","geometry":{"type":"LineString","coordinates":[[133.383636,35.423378],[133.383626,35.423517],[133.38362,35.423597],[133.383601,35.423876],[133.383572,35.424475],[133.383545,35.42604],[133.383531,35.427354],[133.383543,35.427999],[133.383585,35.428364]]},"properties":{"highway":"secondary","name":"福頼市山伯耆大山停車場線","ref":"160"}},
{"type":"Feature","geometry":{"type":"LineString","coordinates":[[133.362947,35.447506],[133.362276,35.44695],[133.361373,35.446249],[133.361221,35.446143],[133.360994,35.445953]]},"properties":{"highway":"secondary","name":"皆生車尾線","ref":"206"}},
{"type":"Feature","geometry":{"type":"LineString","coordinates":[[133.305085,35.463174],[133.304698,35.463269],[133.303728,35.463408]]},"properties":{"highway":"secondary","name":"東福原樋口線","ref":"208"}},
{"type":"Feature","geometry":{"type":"LineString","coordinates":[[133.432141,35.467247],[133.432098,35.467102]]},"properties":{"highway":"trunk","name":"国道9号","ref":"9"}},
{"type":"Feature","geometry":{"type":"LineString","coordinates":[[133.432098,35.467102],[133.431985,35.466806],[133.43189,35.466589],[133.431644,35.466279],[133.430995,35.465672]]},"properties":{"highway":"trunk","name":"国道9号","ref":"9"}},
{"type":"Feature","geometry":{"type":"LineString","coordinates":[[133.328192,35.444189],[133.328002,35.443752]]},"properties":{"highway":"secondary","name":"両三柳後藤停車場線","ref":"245"}},
{"type":"Feature","geometry":{"type":"LineString","coordinates":[[133.363571,35.395825],[133.363559,35.395885],[133.363569,35.396177],[133.363537,35.396647],[133.363574,35.396829],[133.363729,35.397259],[133.36387,35.397757],[133.363971,35.398415],[133.364008,35.398611],[133.364106,35.398879],[133.364345,35.399419]]},"properties":{"highway":"secondary","name":"岩屋谷米子線","ref":"253"}},
{"type":"Feature","geometry":{"type":"LineString","coordinates":[[133.380857,35.429656],[133.380901,35.429466],[133.381159,35.428624],[133.38115,35.428558]]},"properties":{"highway":"secondary","name":"日吉津伯耆大山停車場線","ref":"262"}},
{"type":"Feature","geometry":{"type":"LineString","coordinates":[[133.456338,35.416972],[133.456315,35.417133],[133.456101,35.417463],[133.455986,35.417671],[133.455721,35.417901],[133.455634,35.417999],[133.455522,35.418046],[133.45518,35.418167],[133.455025,35.418198],[133.454846,35.418133],[133.454691,35.418056],[133.454472,35.417964],[133.45439,35.417957],[133.454034,35.418024],[133.453856,35.418011],[133.453641,35.417966],[133.453322,35.417911],[133.453191,35.417962],[133.452496,35.418078],[133.452254,35.418048],[133.451717,35.417845],[133.451307,35.417665],[133.450762,35.417446],[133.450389,35.417392],[133.450169,35.417367],[133.449892,35.417388],[133.449799,35.417419],[133.449764,35.417503]]},"properties":{"highway":"secondary","name":"赤松淀江線","ref":"299"}},
{"type":"Feature","geometry":{"type":"LineString","coordinates":[[133.437312,35.422707],[133.436347,35.423063],[133.435477,35.423416],[133.43508,35.423629],[133.434261,35.424092],[133.434056,35.424228],[133.433905,35.424346],[133.433786,35.424471]]},"properties":{"highway":"secondary","name":"赤松淀江線","ref":"299"}},
{"type":"Feature","geometry":{"type":"LineString","coordinates":[[133.433687,35.424574],[133.433581,35.424707],[133.433456,35.424953],[133.432782,35.425883],[133.432619,35.426082],[133.432525,35.426156],[133.432345,35.426238]]},"properties":{"highway":"secondary","name":"赤松淀江線","ref":"299"}},
{"type":"Feature","geometry":{"type":"LineString","coordinates":[[133.428754,35.440586],[133.428731,35.442491],[133.428709,35.443951],[133.428692,35.444497],[133.428666,35.445756],[133.428657,35.446549],[133.428619,35.448095],[133.42856,35.448583]]},"properties":{"highway":"secondary","name":"赤松淀江線","ref":"299"}},
{"type":"Feature","geometry":{"type":"LineString","coordinates":[[133.324664,35.411938],[133.325164,35.41215]]},"properties":{"highway":"secondary","name":"米子環状線","ref":"300"}},
{"type":"Feature","geometry":{"type":"LineString","coordinates":[[133.324165,35.412296],[133.324264,35.412186],[133.324405,35.412103],[133.324584,35.412024],[133.324664,35.411938]]},"properties":{"highway":"secondary","name":"米子環状線","ref":"300"}},
{"type":"Feature","geometry":{"type":"LineString","coordinates":[[133.325164,35.41215],[133.325249,35.412109]]},"properties":{"highway":"secondary","name":"米子環状線","ref":"300"}},
{"type":"Feature","geometry":{"type":"LineString","coordinates":[[133.36964,35.44854],[133.369873,35.448486],[133.369915,35.448476]]},"properties":{"highway":"trunk","name":"国道431号","ref":"431"}},
{"type":"Feature","geometry":{"type":"LineString","coordinates":[[133.369893,35.448402],[133.369858,35.44841],[133.369612,35.448467]]},"properties":{"highway":"trunk","name":"国道431号","ref":"431"}},
{"type":"Feature","geometry":{"type":"LineString","coordinates":[[133.365147,35.449634],[133.365097,35.449551]]},"properties":{"highway":"secondary","name":"皆生車尾線","ref":"206;300"}},
{"type":"Feature","geometry":{"type":"LineString","coordinates":[[133.367299,35.449031],[133.366186,35.449296],[133.365097,35.449551]]},"properties":{"highway":"trunk","name":"国道431号","ref":"431"}},
{"type":"Feature","geometry":{"type":"LineString","coordinates":[[133.365147,35.449634],[133.365579,35.44953],[133.366226,35.449367],[133.36738,35.44909]]},"properties":{"highway":"trunk","name":"国道431号","ref":"431"}},
{"type":"Feature","geometry":{"type":"LineString","coordinates":[[133.333727,35.457151],[133.33489,35.456911],[133.335845,35.456708]]},"properties":{"highway":"trunk","name":"国道431号","ref":"431"}},
{"type":"Feature","geometry":{"type":"LineString","coordinates":[[133.335816,35.456623],[133.334664,35.456866],[133.333701,35.457061]]},"properties":{"highway":"trunk","name":"国道431号","ref":"431"}},
{"type":"Feature","geometry":{"type":"LineString","coordinates":[[133.333727,35.457151],[133.333701,35.457061]]},"properties":{"highway":"secondary","name":"両三柳後藤停車場線","ref":"245;300"}},
{"type":"Feature","geometry":{"type":"LineString","coordinates":[[133.271844,35.489923],[133.27151,35.490142]]},"properties":{"highway":"trunk","name":"国道431号","ref":"431"}},
{"type":"Feature","geometry":{"type":"LineString","coordinates":[[133.271581,35.490217],[133.271905,35.490004]]},"properties":{"highway":"trunk","name":"国道431号","ref":"431"}},
{"type":"Feature","geometry":{"type":"LineString","coordinates":[[133.25987,35.481278],[133.260576,35.481796],[133.261254,35.482296]]},"properties":{"highway":"secondary","name":"米子環状線","ref":"300"}},
{"type":"Feature","geometry":{"type":"LineString","coordinates":[[133.260576,35.481796],[133.260623,35.481964],[133.26186,35.482879]]},"properties":{"highway":"secondary","name":"米子境港自転車道線","ref":"502"}},
{"type":"Feature","geometry":{"type":"LineString","coordinates":[[133.339926,35.394505],[133.340713,35.394436]]},"properties":{"highway":"secondary","name":"米子岸本線","ref":"316"}},
{"type":"Feature","geometry":{"type":"LineString","coordinates":[[133.340713,35.394436],[133.341029,35.394408]]},"properties":{"highway":"secondary","name":"米子岸本線","ref":"316"}},
{"type":"Feature","geometry":{"type":"LineString","coordinates":[[133.400376,35.423174],[133.400416,35.422739]]},"properties":{"highway":"motorway_link","name":"米子自動車道","ref":"E73"}},
{"type":"Feature","geometry":{"type":"LineString","coordinates":[[133.400416,35.422739],[133.400405,35.422475],[133.400434,35.421355]]},"properties":{"highway":"motorway","name":"米子自動車道","ref":"E73"}},
{"type":"Feature","geometry":{"type":"LineString","coordinates":[[133.348514,35.421792],[133.348481,35.421819]]},"properties":{"highway":"trunk","name":"国道181号","ref":"181;183;482"}},
{"type":"Feature","geometry":{"type":"LineString","coordinates":[[133.348574,35.421742],[133.348514,35.421792]]},"properties":{"highway":"trunk","name":"国道181号","ref":"181;183;482"}},
{"type":"Feature","geometry":{"type":"LineString","coordinates":[[133.39559,35.424516],[133.395079,35.424328],[133.394709,35.424209],[133.394361,35.424107]]},"properties":{"highway":"motorway_link","name":null,"ref":null}},
{"type":"Feature","geometry":{"type":"LineString","coordinates":[[133.419514,35.453511],[133.418549,35.453199],[133.417251,35.452786],[133.416596,35.452566],[133.415908,35.452324],[133.414474,35.451829],[133.413731,35.451579],[133.412913,35.451313],[133.412034,35.451005],[133.409701,35.450218],[133.409013,35.449979],[133.407829,35.449594],[133.406752,35.449224],[133.406446,35.449117]]},"properties":{"highway":"trunk","name":"国道9号","ref":"9"}},
{"type":"Feature","geometry":{"type":"LineString","coordinates":[[133.369434,35.447573],[133.369516,35.447725],[133.369647,35.448127],[133.369692,35.448308]]},"properties":{"highway":"secondary","name":"米子環状線","ref":"300"}},
{"type":"Feature","geometry":{"type":"LineString","coordinates":[[133.370111,35.449349],[133.370128,35.449292],[133.37009,35.449158],[133.36997,35.448917],[133.369805,35.448622]]},"properties":{"highway":"secondary","name":"米子環状線","ref":"300"}}
]}